
> reprolab-frontend@0.1.0 dev
> next dev

▲ Next.js 16.2.6 (Turbopack)
- Local:         http://localhost:3002
- Network:       http://10.241.76.211:3002
✓ Ready in 637ms

 GET / 200 in 1417ms (next.js: 147ms, application-code: 1270ms)
 GET /lab?projectId=prj_09047604e591d969 200 in 1128ms (next.js: 28ms, application-code: 1099ms)
 GET /api/demo/runs/prj_09047604e591d969/runpod-status 200 in 812ms (next.js: 782ms, proxy.ts: 16ms, application-code: 14ms)
 GET /api/demo/runs/prj_09047604e591d969/clusters 200 in 828ms (next.js: 797ms, proxy.ts: 17ms, application-code: 14ms)
 GET /api/demo/runs/prj_09047604e591d969/leaf-scores 404 in 844ms (next.js: 813ms, proxy.ts: 18ms, application-code: 12ms)
 GET /api/demo/runs/prj_09047604e591d969/repair-iterations 200 in 885ms (next.js: 855ms, proxy.ts: 18ms, application-code: 11ms)
 GET /api/demo/runs/prj_09047604e591d969/reports 200 in 901ms (next.js: 867ms, proxy.ts: 19ms, application-code: 15ms)
 GET /api/demo/runs/prj_09047604e591d969/reports 200 in 83ms (next.js: 58ms, proxy.ts: 9ms, application-code: 17ms)
 GET /api/demo/runs/prj_09047604e591d969/reports 200 in 68ms (next.js: 38ms, proxy.ts: 11ms, application-code: 19ms)
 GET /api/demo/runs/prj_09047604e591d969/reports 200 in 21ms (next.js: 9ms, proxy.ts: 3ms, application-code: 9ms)
 GET /lab 200 in 40ms (next.js: 4ms, application-code: 36ms)
 GET /api/demo/runs/prj_09047604e591d969/clusters 200 in 50ms (next.js: 16ms, proxy.ts: 6ms, application-code: 29ms)
 GET /api/demo/runs/prj_09047604e591d969/leaf-scores 404 in 52ms (next.js: 28ms, proxy.ts: 6ms, application-code: 18ms)
 GET /api/demo/runs/prj_09047604e591d969/repair-iterations 200 in 53ms (next.js: 38ms, proxy.ts: 6ms, application-code: 8ms)
 GET /api/demo/runs/prj_09047604e591d969/reports 200 in 24ms (next.js: 11ms, proxy.ts: 4ms, application-code: 9ms)
 GET /lab?projectId=prj_09047604e591d969 200 in 58ms (next.js: 3ms, application-code: 56ms)
 GET /api/demo/runs/prj_09047604e591d969/runpod-status 200 in 150ms (next.js: 30ms, proxy.ts: 8ms, application-code: 112ms)
 GET /api/demo/runs/prj_09047604e591d969/clusters 200 in 155ms (next.js: 46ms, proxy.ts: 8ms, application-code: 101ms)
 GET /api/demo/runs/prj_09047604e591d969/leaf-scores 404 in 159ms (next.js: 74ms, proxy.ts: 8ms, application-code: 77ms)
 GET /api/demo/runs/prj_09047604e591d969/repair-iterations 200 in 171ms (next.js: 106ms, proxy.ts: 8ms, application-code: 57ms)
 GET /api/demo/runs/prj_09047604e591d969/reports 200 in 176ms (next.js: 127ms, proxy.ts: 9ms, application-code: 41ms)
 GET /api/demo/runs/prj_09047604e591d969/reports 200 in 38ms (next.js: 8ms, proxy.ts: 16ms, application-code: 14ms)
 GET /api/demo/runs/prj_09047604e591d969/reports 200 in 40ms (next.js: 14ms, proxy.ts: 16ms, application-code: 11ms)
 GET /api/demo/events?projectId=prj_09047604e591d969 200 in 1578ms (next.js: 3ms, proxy.ts: 4ms, application-code: 1571ms)
 GET /lab?projectId=prj_09047604e591d969 200 in 59ms (next.js: 3ms, application-code: 56ms)
 GET /api/demo/runs/prj_09047604e591d969/runpod-status 200 in 72ms (next.js: 23ms, proxy.ts: 13ms, application-code: 36ms)
 GET /api/demo/runs/prj_09047604e591d969/clusters 200 in 74ms (next.js: 35ms, proxy.ts: 13ms, application-code: 26ms)
 GET /api/demo/runs/prj_09047604e591d969/leaf-scores 404 in 87ms (next.js: 46ms, proxy.ts: 13ms, application-code: 28ms)
 GET /api/demo/runs/prj_09047604e591d969/repair-iterations 200 in 95ms (next.js: 68ms, proxy.ts: 11ms, application-code: 16ms)
 GET /api/demo/runs/prj_09047604e591d969/reports 200 in 103ms (next.js: 77ms, proxy.ts: 12ms, application-code: 14ms)
 GET /api/demo/runs/prj_09047604e591d969/reports 200 in 44ms (next.js: 8ms, proxy.ts: 22ms, application-code: 14ms)
 GET /api/demo/runs/prj_09047604e591d969/reports 200 in 46ms (next.js: 14ms, proxy.ts: 21ms, application-code: 11ms)
 GET /api/demo/runs/prj_09047604e591d969/reports 200 in 16ms (next.js: 5ms, proxy.ts: 3ms, application-code: 8ms)
 GET /api/demo/runs/prj_09047604e591d969/runpod-status 200 in 20ms (next.js: 8ms, proxy.ts: 2ms, application-code: 10ms)
 GET /api/demo/runs/prj_09047604e591d969/clusters 200 in 60ms (next.js: 15ms, proxy.ts: 4ms, application-code: 42ms)
 GET /api/demo/runs/prj_09047604e591d969/leaf-scores 404 in 67ms (next.js: 30ms, proxy.ts: 4ms, application-code: 33ms)
 GET /api/demo/runs/prj_09047604e591d969/repair-iterations 200 in 71ms (next.js: 49ms, proxy.ts: 4ms, application-code: 19ms)
 GET /api/demo/runs/prj_09047604e591d969/reports 200 in 23ms (next.js: 12ms, proxy.ts: 3ms, application-code: 8ms)
 GET /api/demo/runs/prj_09047604e591d969/reports 200 in 19ms (next.js: 10ms, proxy.ts: 3ms, application-code: 6ms)
 GET /api/demo/runs/prj_09047604e591d969/clusters 200 in 43ms (next.js: 12ms, proxy.ts: 4ms, application-code: 26ms)
 GET /api/demo/runs/prj_09047604e591d969/leaf-scores 404 in 44ms (next.js: 22ms, proxy.ts: 4ms, application-code: 18ms)
 GET /api/demo/runs/prj_09047604e591d969/repair-iterations 200 in 47ms (next.js: 31ms, proxy.ts: 4ms, application-code: 11ms)
 GET /api/demo/runs/prj_09047604e591d969/reports 200 in 22ms (next.js: 10ms, proxy.ts: 2ms, application-code: 9ms)
 GET /api/demo/runs/prj_09047604e591d969/reports 200 in 23ms (next.js: 11ms, proxy.ts: 3ms, application-code: 10ms)
 GET /api/demo/runs/prj_09047604e591d969/reports 200 in 34ms (next.js: 14ms, proxy.ts: 9ms, application-code: 11ms)
 GET /api/demo/runs/prj_09047604e591d969/reports 200 in 22ms (next.js: 6ms, proxy.ts: 3ms, application-code: 13ms)
 GET /lab?projectId=prj_09047604e591d969 200 in 67ms (next.js: 3ms, application-code: 64ms)
 GET /api/demo/runs/prj_09047604e591d969/runpod-status 200 in 33ms (next.js: 18ms, proxy.ts: 5ms, application-code: 10ms)
 GET /api/demo/runs/prj_09047604e591d969/clusters 200 in 69ms (next.js: 22ms, proxy.ts: 8ms, application-code: 39ms)
 GET /api/demo/runs/prj_09047604e591d969/leaf-scores 404 in 76ms (next.js: 37ms, proxy.ts: 8ms, application-code: 31ms)
 GET /api/demo/runs/prj_09047604e591d969/repair-iterations 200 in 80ms (next.js: 51ms, proxy.ts: 8ms, application-code: 21ms)
 GET /api/demo/runs/prj_09047604e591d969/runpod-status 200 in 84ms (next.js: 34ms, proxy.ts: 16ms, application-code: 34ms)
 GET /api/demo/runs/prj_09047604e591d969/leaf-scores 404 in 84ms (next.js: 35ms, proxy.ts: 18ms, application-code: 31ms)
 GET /api/demo/runs/prj_09047604e591d969/clusters 200 in 86ms (next.js: 38ms, proxy.ts: 18ms, application-code: 30ms)
 GET /api/demo/runs/prj_09047604e591d969/repair-iterations 200 in 94ms (next.js: 40ms, proxy.ts: 19ms, application-code: 35ms)
 GET /api/demo/runs/prj_09047604e591d969/reports 200 in 96ms (next.js: 51ms, proxy.ts: 18ms, application-code: 27ms)
 GET /api/demo/runs/prj_09047604e591d969/reports 200 in 21ms (next.js: 6ms, proxy.ts: 5ms, application-code: 9ms)
 GET /api/demo/runs/prj_09047604e591d969/reports 200 in 21ms (next.js: 8ms, proxy.ts: 4ms, application-code: 8ms)
 GET /api/demo/runs/prj_09047604e591d969/runpod-status 200 in 26ms (next.js: 11ms, proxy.ts: 4ms, application-code: 11ms)
 GET /api/demo/runs/prj_09047604e591d969/reports 200 in 34ms (next.js: 15ms, proxy.ts: 4ms, application-code: 14ms)
 GET /api/demo/runs/prj_09047604e591d969/reports 200 in 16ms (next.js: 5ms, proxy.ts: 3ms, application-code: 8ms)
 GET /api/demo/events?projectId=prj_09047604e591d969 200 in 2.9s (next.js: 17ms, proxy.ts: 16ms, application-code: 2.9s)
 GET /lab?projectId=prj_09047604e591d969 200 in 64ms (next.js: 4ms, application-code: 61ms)
 GET /api/demo/runs/prj_09047604e591d969/runpod-status 200 in 109ms (next.js: 23ms, proxy.ts: 17ms, application-code: 70ms)
 GET /api/demo/runs/prj_09047604e591d969/clusters 200 in 115ms (next.js: 35ms, proxy.ts: 15ms, application-code: 64ms)
 GET /api/demo/runs/prj_09047604e591d969/leaf-scores 404 in 119ms (next.js: 47ms, proxy.ts: 15ms, application-code: 57ms)
 GET /api/demo/runs/prj_09047604e591d969/repair-iterations 200 in 123ms (next.js: 63ms, proxy.ts: 15ms, application-code: 46ms)
 GET /api/demo/runs/prj_09047604e591d969/reports 200 in 134ms (next.js: 81ms, proxy.ts: 11ms, application-code: 43ms)
 GET /api/demo/runs/prj_09047604e591d969/reports 200 in 51ms (next.js: 10ms, proxy.ts: 14ms, application-code: 27ms)
 GET /api/demo/runs/prj_09047604e591d969/reports 200 in 54ms (next.js: 18ms, proxy.ts: 13ms, application-code: 22ms)
 GET /api/demo/runs/prj_09047604e591d969/reports 200 in 56ms (next.js: 28ms, proxy.ts: 13ms, application-code: 15ms)
 GET /api/demo/runs/prj_09047604e591d969/reports 200 in 27ms (next.js: 12ms, proxy.ts: 4ms, application-code: 11ms)
 GET /api/demo/runs/prj_09047604e591d969/reports 200 in 27ms (next.js: 13ms, proxy.ts: 3ms, application-code: 11ms)
 GET /api/demo/runs/prj_09047604e591d969/reports 200 in 16ms (next.js: 5ms, proxy.ts: 3ms, application-code: 8ms)
 GET /api/demo/runs/prj_09047604e591d969/reports 200 in 24ms (next.js: 11ms, proxy.ts: 3ms, application-code: 10ms)
 GET /lab?projectId=prj_4c0368d9d5194b41 200 in 73ms (next.js: 4ms, application-code: 70ms)
 GET /api/demo/events?projectId=prj_09047604e591d969 200 in 5.2s (next.js: 4ms, proxy.ts: 4ms, application-code: 5.2s)
 GET /api/demo/runs/prj_4c0368d9d5194b41/runpod-status 200 in 90ms (next.js: 20ms, proxy.ts: 10ms, application-code: 59ms)
 GET /api/demo/runs/prj_4c0368d9d5194b41/clusters 200 in 93ms (next.js: 34ms, proxy.ts: 10ms, application-code: 50ms)
 GET /api/demo/runs/prj_4c0368d9d5194b41/leaf-scores 404 in 99ms (next.js: 48ms, proxy.ts: 10ms, application-code: 42ms)
 GET /api/demo/runs/prj_4c0368d9d5194b41/repair-iterations 200 in 117ms (next.js: 67ms, proxy.ts: 11ms, application-code: 40ms)
 GET /api/demo/runs/prj_4c0368d9d5194b41/reports 200 in 136ms (next.js: 118ms, proxy.ts: 8ms, application-code: 9ms)
 GET /api/demo/runs/prj_09047604e591d969/reports 200 in 24ms (next.js: 13ms, proxy.ts: 2ms, application-code: 9ms)
 GET /api/demo/runs/prj_09047604e591d969/runpod-status 200 in 23ms (next.js: 12ms, proxy.ts: 3ms, application-code: 8ms)
 GET /lab?projectId=prj_09047604e591d969 200 in 60ms (next.js: 3ms, application-code: 58ms)
 GET /api/demo/runs/prj_09047604e591d969/reports 200 in 29ms (next.js: 13ms, proxy.ts: 7ms, application-code: 10ms)
 GET /api/demo/runs/prj_09047604e591d969/runpod-status 200 in 86ms (next.js: 25ms, proxy.ts: 14ms, application-code: 47ms)
 GET /api/demo/runs/prj_09047604e591d969/clusters 200 in 89ms (next.js: 38ms, proxy.ts: 14ms, application-code: 37ms)
 GET /api/demo/runs/prj_09047604e591d969/leaf-scores 404 in 99ms (next.js: 51ms, proxy.ts: 14ms, application-code: 35ms)
 GET /api/demo/runs/prj_09047604e591d969/repair-iterations 200 in 112ms (next.js: 62ms, proxy.ts: 13ms, application-code: 37ms)
 GET /api/demo/runs/prj_09047604e591d969/reports 200 in 114ms (next.js: 76ms, proxy.ts: 11ms, application-code: 28ms)
 GET /api/demo/runs/prj_09047604e591d969/reports 200 in 64ms (next.js: 45ms, proxy.ts: 6ms, application-code: 13ms)
 GET /api/demo/runs/prj_09047604e591d969/reports 200 in 66ms (next.js: 51ms, proxy.ts: 6ms, application-code: 9ms)
 GET /api/demo/runs/prj_09047604e591d969/runpod-status 200 in 20ms (next.js: 9ms, proxy.ts: 3ms, application-code: 8ms)
 GET /api/demo/runs/prj_09047604e591d969/reports 200 in 23ms (next.js: 11ms, proxy.ts: 3ms, application-code: 9ms)
 GET /api/demo/runs/prj_09047604e591d969/reports 200 in 13ms (next.js: 4ms, proxy.ts: 3ms, application-code: 7ms)
 GET /api/demo/runs/prj_09047604e591d969/reports 200 in 23ms (next.js: 11ms, proxy.ts: 4ms, application-code: 9ms)
 GET /api/demo/runs/prj_09047604e591d969/reports 200 in 24ms (next.js: 11ms, proxy.ts: 3ms, application-code: 10ms)
 GET /api/demo/runs/prj_09047604e591d969/reports 200 in 17ms (next.js: 4ms, proxy.ts: 3ms, application-code: 10ms)
 GET /api/demo/runs/prj_09047604e591d969/clusters 200 in 45ms (next.js: 13ms, proxy.ts: 5ms, application-code: 28ms)
 GET /api/demo/runs/prj_09047604e591d969/repair-iterations 200 in 51ms (next.js: 34ms, proxy.ts: 5ms, application-code: 12ms)
 GET /api/demo/runs/prj_09047604e591d969/leaf-scores 404 in 52ms (next.js: 23ms, proxy.ts: 5ms, application-code: 25ms)
 GET /api/demo/runs/prj_09047604e591d969/reports 200 in 29ms (next.js: 11ms, proxy.ts: 10ms, application-code: 8ms)
 GET /api/demo/runs/prj_09047604e591d969/reports 200 in 13ms (next.js: 4ms, proxy.ts: 2ms, application-code: 7ms)
 GET /api/demo/runs/prj_09047604e591d969/reports 200 in 20ms (next.js: 11ms, proxy.ts: 3ms, application-code: 7ms)
 GET /api/demo/runs/prj_09047604e591d969/reports 200 in 22ms (next.js: 11ms, proxy.ts: 5ms, application-code: 7ms)
 GET /api/demo/runs/prj_09047604e591d969/reports 200 in 17ms (next.js: 4ms, proxy.ts: 4ms, application-code: 9ms)
 GET /api/demo/runs/prj_09047604e591d969/reports 200 in 23ms (next.js: 9ms, proxy.ts: 4ms, application-code: 10ms)
 GET /api/demo/runs/prj_09047604e591d969/runpod-status 200 in 25ms (next.js: 10ms, proxy.ts: 4ms, application-code: 10ms)
 GET /api/demo/runs/prj_09047604e591d969/runpod-status 200 in 15ms (next.js: 3ms, proxy.ts: 3ms, application-code: 9ms)
 GET /api/demo/runs/prj_09047604e591d969/clusters 200 in 41ms (next.js: 10ms, proxy.ts: 4ms, application-code: 27ms)
 GET /api/demo/runs/prj_09047604e591d969/leaf-scores 404 in 48ms (next.js: 17ms, proxy.ts: 4ms, application-code: 26ms)
 GET /api/demo/runs/prj_09047604e591d969/repair-iterations 200 in 50ms (next.js: 27ms, proxy.ts: 4ms, application-code: 18ms)
 GET /api/demo/runs/prj_09047604e591d969/runpod-status 200 in 24ms (next.js: 11ms, proxy.ts: 5ms, application-code: 8ms)
 GET /api/demo/runs/prj_09047604e591d969/reports 200 in 17ms (next.js: 7ms, proxy.ts: 2ms, application-code: 7ms)
 GET /api/demo/runs/prj_09047604e591d969/reports 200 in 14ms (next.js: 4ms, proxy.ts: 3ms, application-code: 8ms)
 GET /api/demo/runs/prj_09047604e591d969/reports 200 in 14ms (next.js: 4ms, proxy.ts: 3ms, application-code: 6ms)
 GET /api/demo/runs/prj_09047604e591d969/reports 200 in 27ms (next.js: 15ms, proxy.ts: 3ms, application-code: 9ms)
 GET /api/demo/runs/prj_09047604e591d969/reports 200 in 12ms (next.js: 3ms, proxy.ts: 2ms, application-code: 7ms)
 GET /api/demo/runs/prj_09047604e591d969/reports 200 in 20ms (next.js: 10ms, proxy.ts: 2ms, application-code: 8ms)
 GET /api/demo/runs/prj_09047604e591d969/reports 200 in 22ms (next.js: 10ms, proxy.ts: 2ms, application-code: 10ms)
 GET /api/demo/runs/prj_09047604e591d969/reports 200 in 14ms (next.js: 3ms, proxy.ts: 2ms, application-code: 8ms)
 GET /api/demo/runs/prj_09047604e591d969/reports 200 in 20ms (next.js: 9ms, proxy.ts: 2ms, application-code: 9ms)
 GET /api/demo/runs/prj_09047604e591d969/reports 200 in 12ms (next.js: 3ms, proxy.ts: 2ms, application-code: 7ms)
 GET /api/demo/runs/prj_09047604e591d969/reports 200 in 17ms (next.js: 7ms, proxy.ts: 2ms, application-code: 7ms)
 GET /api/demo/runs/prj_09047604e591d969/reports 200 in 29ms (next.js: 14ms, proxy.ts: 5ms, application-code: 10ms)
 GET /api/demo/runs/prj_09047604e591d969/reports 200 in 10ms (next.js: 3ms, proxy.ts: 2ms, application-code: 5ms)
 GET /api/demo/runs/prj_09047604e591d969/runpod-status 200 in 23ms (next.js: 11ms, proxy.ts: 2ms, application-code: 9ms)
 GET /api/demo/runs/prj_09047604e591d969/runpod-status 200 in 18ms (next.js: 5ms, proxy.ts: 4ms, application-code: 9ms)
 GET /api/demo/runs/prj_09047604e591d969/reports 200 in 21ms (next.js: 9ms, proxy.ts: 3ms, application-code: 9ms)
 GET /api/demo/runs/prj_09047604e591d969/runpod-status 200 in 19ms (next.js: 8ms, proxy.ts: 2ms, application-code: 9ms)
 GET /api/demo/runs/prj_09047604e591d969/reports 200 in 19ms (next.js: 7ms, proxy.ts: 1985µs, application-code: 10ms)
 GET /api/demo/runs/prj_09047604e591d969/reports 200 in 20ms (next.js: 10ms, proxy.ts: 3ms, application-code: 7ms)
 GET /api/demo/runs/prj_09047604e591d969/reports 200 in 23ms (next.js: 11ms, proxy.ts: 4ms, application-code: 8ms)
 GET /api/demo/runs/prj_09047604e591d969/reports 200 in 17ms (next.js: 9ms, proxy.ts: 3ms, application-code: 6ms)
 GET /api/demo/runs/prj_09047604e591d969/reports 200 in 26ms (next.js: 12ms, proxy.ts: 4ms, application-code: 9ms)
 GET /api/demo/runs/prj_09047604e591d969/reports 200 in 27ms (next.js: 16ms, proxy.ts: 4ms, application-code: 7ms)
 GET /api/demo/runs/prj_09047604e591d969/reports 200 in 22ms (next.js: 12ms, proxy.ts: 2ms, application-code: 8ms)
 GET /api/demo/runs/prj_09047604e591d969/reports 200 in 25ms (next.js: 11ms, proxy.ts: 3ms, application-code: 10ms)
 GET /api/demo/runs/prj_09047604e591d969/reports 200 in 26ms (next.js: 15ms, proxy.ts: 3ms, application-code: 7ms)
 GET /api/demo/runs/prj_09047604e591d969/reports 200 in 21ms (next.js: 11ms, proxy.ts: 2ms, application-code: 8ms)
 GET /api/demo/runs/prj_09047604e591d969/runpod-status 200 in 18ms (next.js: 8ms, proxy.ts: 1944µs, application-code: 9ms)
 GET /api/demo/runs/prj_09047604e591d969/runpod-status 200 in 10ms (next.js: 3ms, proxy.ts: 2ms, application-code: 5ms)
 GET /api/demo/runs/prj_09047604e591d969/runpod-status 200 in 21ms (next.js: 10ms, proxy.ts: 3ms, application-code: 8ms)
 GET /api/demo/runs/prj_09047604e591d969/reports 200 in 23ms (next.js: 11ms, proxy.ts: 4ms, application-code: 9ms)
 GET /api/demo/runs/prj_09047604e591d969/reports 200 in 25ms (next.js: 14ms, proxy.ts: 4ms, application-code: 8ms)
 GET /api/demo/runs/prj_09047604e591d969/reports 200 in 22ms (next.js: 10ms, proxy.ts: 3ms, application-code: 9ms)
 GET /api/demo/runs/prj_09047604e591d969/reports 200 in 19ms (next.js: 9ms, proxy.ts: 2ms, application-code: 7ms)
 GET /api/demo/runs/prj_09047604e591d969/reports 200 in 20ms (next.js: 10ms, proxy.ts: 2ms, application-code: 7ms)
 GET /api/demo/runs/prj_09047604e591d969/reports 200 in 14ms (next.js: 4ms, proxy.ts: 3ms, application-code: 7ms)
 GET /api/demo/runs/prj_09047604e591d969/reports 200 in 23ms (next.js: 10ms, proxy.ts: 2ms, application-code: 10ms)
 GET /api/demo/runs/prj_09047604e591d969/reports 200 in 16ms (next.js: 4ms, proxy.ts: 3ms, application-code: 10ms)
 GET /api/demo/runs/prj_09047604e591d969/reports 200 in 21ms (next.js: 10ms, proxy.ts: 3ms, application-code: 8ms)
 GET /api/demo/runs/prj_09047604e591d969/reports 200 in 17ms (next.js: 9ms, proxy.ts: 2ms, application-code: 5ms)
 GET /api/demo/runs/prj_09047604e591d969/reports 200 in 16ms (next.js: 4ms, proxy.ts: 3ms, application-code: 10ms)
 GET /api/demo/runs/prj_09047604e591d969/runpod-status 200 in 24ms (next.js: 10ms, proxy.ts: 3ms, application-code: 11ms)
 GET /api/demo/runs/prj_09047604e591d969/runpod-status 200 in 14ms (next.js: 4ms, proxy.ts: 3ms, application-code: 8ms)
 GET /api/demo/runs/prj_09047604e591d969/reports 200 in 22ms (next.js: 11ms, proxy.ts: 3ms, application-code: 8ms)
 GET /api/demo/runs/prj_09047604e591d969/runpod-status 200 in 16ms (next.js: 7ms, proxy.ts: 3ms, application-code: 6ms)
 GET /api/demo/runs/prj_09047604e591d969/reports 200 in 18ms (next.js: 9ms, proxy.ts: 2ms, application-code: 6ms)
 GET /api/demo/runs/prj_09047604e591d969/reports 200 in 14ms (next.js: 3ms, proxy.ts: 3ms, application-code: 8ms)
 GET /api/demo/runs/prj_09047604e591d969/reports 200 in 19ms (next.js: 9ms, proxy.ts: 3ms, application-code: 7ms)
 GET /api/demo/runs/prj_09047604e591d969/reports 200 in 23ms (next.js: 10ms, proxy.ts: 3ms, application-code: 10ms)
 GET /api/demo/runs/prj_09047604e591d969/reports 200 in 17ms (next.js: 4ms, proxy.ts: 4ms, application-code: 8ms)
 GET /api/demo/runs/prj_09047604e591d969/reports 200 in 22ms (next.js: 10ms, proxy.ts: 3ms, application-code: 8ms)
 GET /api/demo/runs/prj_09047604e591d969/reports 200 in 21ms (next.js: 11ms, proxy.ts: 3ms, application-code: 7ms)
 GET /api/demo/runs/prj_09047604e591d969/reports 200 in 23ms (next.js: 10ms, proxy.ts: 3ms, application-code: 9ms)
 GET /api/demo/runs/prj_09047604e591d969/reports 200 in 22ms (next.js: 7ms, proxy.ts: 2ms, application-code: 12ms)
 GET /api/demo/runs/prj_09047604e591d969/reports 200 in 24ms (next.js: 10ms, proxy.ts: 3ms, application-code: 11ms)
 GET /api/demo/runs/prj_09047604e591d969/reports 200 in 13ms (next.js: 4ms, proxy.ts: 2ms, application-code: 7ms)
 GET /api/demo/runs/prj_09047604e591d969/reports 200 in 13ms (next.js: 4ms, proxy.ts: 2ms, application-code: 7ms)
 GET /api/demo/runs/prj_09047604e591d969/runpod-status 200 in 22ms (next.js: 10ms, proxy.ts: 2ms, application-code: 10ms)
 GET /api/demo/runs/prj_09047604e591d969/runpod-status 200 in 10ms (next.js: 2ms, proxy.ts: 1967µs, application-code: 5ms)
 GET /api/demo/runs/prj_09047604e591d969/reports 200 in 17ms (next.js: 8ms, proxy.ts: 3ms, application-code: 6ms)
 GET /api/demo/runs/prj_09047604e591d969/runpod-status 200 in 21ms (next.js: 10ms, proxy.ts: 3ms, application-code: 8ms)
 GET /api/demo/runs/prj_09047604e591d969/reports 200 in 29ms (next.js: 13ms, proxy.ts: 4ms, application-code: 12ms)
 GET /api/demo/runs/prj_09047604e591d969/reports 200 in 33ms (next.js: 17ms, proxy.ts: 4ms, application-code: 13ms)
 GET /api/demo/runs/prj_09047604e591d969/reports 200 in 20ms (next.js: 9ms, proxy.ts: 3ms, application-code: 9ms)
 GET /api/demo/runs/prj_09047604e591d969/reports 200 in 11ms (next.js: 3ms, proxy.ts: 3ms, application-code: 5ms)
 GET /api/demo/runs/prj_09047604e591d969/reports 200 in 13ms (next.js: 4ms, proxy.ts: 3ms, application-code: 7ms)
 GET /api/demo/runs/prj_09047604e591d969/reports 200 in 20ms (next.js: 9ms, proxy.ts: 2ms, application-code: 9ms)
 GET /api/demo/runs/prj_09047604e591d969/reports 200 in 15ms (next.js: 4ms, proxy.ts: 3ms, application-code: 8ms)
 GET /api/demo/runs/prj_09047604e591d969/reports 200 in 21ms (next.js: 10ms, proxy.ts: 3ms, application-code: 9ms)
 GET /api/demo/runs/prj_09047604e591d969/reports 200 in 28ms (next.js: 14ms, proxy.ts: 4ms, application-code: 10ms)
 GET /api/demo/runs/prj_09047604e591d969/reports 200 in 11ms (next.js: 3ms, proxy.ts: 2ms, application-code: 5ms)
 GET /api/demo/runs/prj_09047604e591d969/reports 200 in 23ms (next.js: 11ms, proxy.ts: 3ms, application-code: 10ms)
 GET /api/demo/runs/prj_09047604e591d969/runpod-status 200 in 22ms (next.js: 10ms, proxy.ts: 3ms, application-code: 10ms)
 GET /api/demo/runs/prj_09047604e591d969/runpod-status 200 in 16ms (next.js: 4ms, proxy.ts: 3ms, application-code: 8ms)
 GET /api/demo/runs/prj_09047604e591d969/runpod-status 200 in 23ms (next.js: 11ms, proxy.ts: 4ms, application-code: 8ms)
 GET /api/demo/runs/prj_09047604e591d969/reports 200 in 23ms (next.js: 10ms, proxy.ts: 3ms, application-code: 10ms)
 GET /api/demo/runs/prj_09047604e591d969/reports 200 in 17ms (next.js: 3ms, proxy.ts: 3ms, application-code: 11ms)
 GET /api/demo/runs/prj_09047604e591d969/reports 200 in 36ms (next.js: 10ms, proxy.ts: 16ms, application-code: 9ms)
 GET /api/demo/runs/prj_09047604e591d969/reports 200 in 24ms (next.js: 11ms, proxy.ts: 3ms, application-code: 10ms)
 GET /api/demo/runs/prj_09047604e591d969/reports 200 in 15ms (next.js: 4ms, proxy.ts: 3ms, application-code: 8ms)
 GET /api/demo/runs/prj_09047604e591d969/reports 200 in 19ms (next.js: 8ms, proxy.ts: 1836µs, application-code: 9ms)
 GET /api/demo/runs/prj_09047604e591d969/reports 200 in 18ms (next.js: 4ms, proxy.ts: 6ms, application-code: 8ms)
 GET /api/demo/runs/prj_09047604e591d969/reports 200 in 18ms (next.js: 9ms, proxy.ts: 3ms, application-code: 6ms)
 GET /api/demo/runs/prj_09047604e591d969/reports 200 in 22ms (next.js: 13ms, proxy.ts: 3ms, application-code: 7ms)
 GET /api/demo/runs/prj_09047604e591d969/reports 200 in 22ms (next.js: 10ms, proxy.ts: 3ms, application-code: 9ms)
 GET /api/demo/runs/prj_09047604e591d969/runpod-status 200 in 23ms (next.js: 10ms, proxy.ts: 3ms, application-code: 11ms)
 GET /api/demo/runs/prj_09047604e591d969/reports 200 in 19ms (next.js: 9ms, proxy.ts: 3ms, application-code: 7ms)
 GET /api/demo/runs/prj_09047604e591d969/runpod-status 200 in 10ms (next.js: 3ms, proxy.ts: 2ms, application-code: 5ms)
 GET /api/demo/runs/prj_09047604e591d969/reports 200 in 21ms (next.js: 9ms, proxy.ts: 2ms, application-code: 10ms)
 GET /api/demo/runs/prj_09047604e591d969/runpod-status 200 in 20ms (next.js: 9ms, proxy.ts: 2ms, application-code: 9ms)
 GET /api/demo/runs/prj_09047604e591d969/reports 200 in 18ms (next.js: 9ms, proxy.ts: 2ms, application-code: 7ms)
 GET /api/demo/events?projectId=prj_09047604e591d969 200 in 72s (next.js: 12ms, proxy.ts: 14ms, application-code: 72s)
 GET /lab?projectId=prj_09047604e591d969 200 in 86ms (next.js: 3ms, application-code: 84ms)
 GET /api/demo/runs/prj_09047604e591d969/runpod-status 200 in 97ms (next.js: 24ms, proxy.ts: 19ms, application-code: 54ms)
 GET /api/demo/runs/prj_09047604e591d969/clusters 200 in 97ms (next.js: 36ms, proxy.ts: 19ms, application-code: 42ms)
 GET /api/demo/runs/prj_09047604e591d969/leaf-scores 404 in 117ms (next.js: 53ms, proxy.ts: 19ms, application-code: 45ms)
 GET /api/demo/runs/prj_09047604e591d969/repair-iterations 200 in 113ms (next.js: 69ms, proxy.ts: 13ms, application-code: 31ms)
 GET /api/demo/runs/prj_09047604e591d969/reports 200 in 118ms (next.js: 85ms, proxy.ts: 11ms, application-code: 22ms)
 GET /api/demo/runs/prj_09047604e591d969/reports 200 in 33ms (next.js: 9ms, proxy.ts: 6ms, application-code: 18ms)
 GET /api/demo/runs/prj_09047604e591d969/reports 200 in 36ms (next.js: 15ms, proxy.ts: 6ms, application-code: 15ms)
 GET /api/demo/runs/prj_09047604e591d969/reports 200 in 26ms (next.js: 14ms, proxy.ts: 4ms, application-code: 9ms)
 GET /api/demo/runs/prj_09047604e591d969/reports 200 in 13ms (next.js: 3ms, proxy.ts: 3ms, application-code: 7ms)
 GET /api/demo/runs/prj_09047604e591d969/reports 200 in 27ms (next.js: 13ms, proxy.ts: 3ms, application-code: 10ms)
 GET /api/demo/runs/prj_09047604e591d969/clusters 200 in 45ms (next.js: 12ms, proxy.ts: 4ms, application-code: 30ms)
 GET /api/demo/runs/prj_09047604e591d969/leaf-scores 404 in 52ms (next.js: 22ms, proxy.ts: 3ms, application-code: 26ms)
 GET /api/demo/runs/prj_09047604e591d969/repair-iterations 200 in 54ms (next.js: 34ms, proxy.ts: 3ms, application-code: 17ms)
 GET /api/demo/runs/prj_09047604e591d969/reports 200 in 18ms (next.js: 9ms, proxy.ts: 2ms, application-code: 6ms)
 GET /api/demo/runs/prj_09047604e591d969/reports 200 in 12ms (next.js: 3ms, proxy.ts: 1980µs, application-code: 7ms)
 GET /api/demo/runs/prj_09047604e591d969/reports 200 in 14ms (next.js: 4ms, proxy.ts: 3ms, application-code: 8ms)
 GET /api/demo/runs/prj_09047604e591d969/runpod-status 200 in 24ms (next.js: 12ms, proxy.ts: 3ms, application-code: 9ms)
 GET /api/demo/runs/prj_09047604e591d969/runpod-status 200 in 69ms (next.js: 18ms, proxy.ts: 6ms, application-code: 45ms)
 GET /api/demo/runs/prj_09047604e591d969/reports 200 in 27ms (next.js: 11ms, proxy.ts: 5ms, application-code: 11ms)
 GET /api/demo/runs/prj_09047604e591d969/reports 200 in 26ms (next.js: 12ms, proxy.ts: 4ms, application-code: 10ms)
 GET /api/demo/runs/prj_09047604e591d969/reports 200 in 14ms (next.js: 4ms, proxy.ts: 3ms, application-code: 7ms)
 GET /api/demo/runs/prj_09047604e591d969/runpod-status 200 in 28ms (next.js: 15ms, proxy.ts: 4ms, application-code: 9ms)
 GET /api/demo/runs/prj_09047604e591d969/clusters 200 in 54ms (next.js: 16ms, proxy.ts: 6ms, application-code: 32ms)
 GET /api/demo/runs/prj_09047604e591d969/leaf-scores 404 in 61ms (next.js: 25ms, proxy.ts: 6ms, application-code: 30ms)
 GET /api/demo/runs/prj_09047604e591d969/repair-iterations 200 in 65ms (next.js: 36ms, proxy.ts: 6ms, application-code: 22ms)
 GET /api/demo/runs/prj_09047604e591d969/reports 200 in 27ms (next.js: 13ms, proxy.ts: 4ms, application-code: 9ms)
 GET /api/demo/runs/prj_09047604e591d969/reports 200 in 27ms (next.js: 13ms, proxy.ts: 4ms, application-code: 9ms)
 GET /api/demo/runs/prj_09047604e591d969/reports 200 in 18ms (next.js: 4ms, proxy.ts: 4ms, application-code: 10ms)
 GET /api/demo/runs/prj_09047604e591d969/reports 200 in 26ms (next.js: 12ms, proxy.ts: 3ms, application-code: 10ms)
 GET /api/demo/events?projectId=prj_09047604e591d969 200 in 16.3s (next.js: 4ms, proxy.ts: 4ms, application-code: 16.3s)
 GET /lab?projectId=prj_09047604e591d969 200 in 72ms (next.js: 3ms, application-code: 69ms)
 GET /api/demo/runs/prj_09047604e591d969/runpod-status 200 in 122ms (next.js: 31ms, proxy.ts: 12ms, application-code: 79ms)
 GET /api/demo/runs/prj_09047604e591d969/clusters 200 in 126ms (next.js: 46ms, proxy.ts: 12ms, application-code: 68ms)
 GET /api/demo/runs/prj_09047604e591d969/leaf-scores 404 in 131ms (next.js: 61ms, proxy.ts: 12ms, application-code: 58ms)
 GET /api/demo/runs/prj_09047604e591d969/repair-iterations 200 in 138ms (next.js: 81ms, proxy.ts: 12ms, application-code: 46ms)
 GET /api/demo/runs/prj_09047604e591d969/reports 200 in 147ms (next.js: 98ms, proxy.ts: 11ms, application-code: 37ms)
 GET /api/demo/runs/prj_09047604e591d969/reports 200 in 42ms (next.js: 7ms, proxy.ts: 6ms, application-code: 29ms)
 GET /api/demo/runs/prj_09047604e591d969/reports 200 in 52ms (next.js: 31ms, proxy.ts: 8ms, application-code: 13ms)
 GET /api/demo/runs/prj_09047604e591d969/reports 200 in 20ms (next.js: 5ms, proxy.ts: 4ms, application-code: 10ms)
 GET /api/demo/runs/prj_09047604e591d969/runpod-status 200 in 16ms (next.js: 4ms, proxy.ts: 3ms, application-code: 8ms)
 GET /api/demo/runs/prj_09047604e591d969/reports 200 in 24ms (next.js: 11ms, proxy.ts: 3ms, application-code: 10ms)
 GET /api/demo/runs/prj_09047604e591d969/runpod-status 200 in 20ms (next.js: 9ms, proxy.ts: 3ms, application-code: 8ms)
 GET /api/demo/runs/prj_09047604e591d969/reports 200 in 28ms (next.js: 13ms, proxy.ts: 6ms, application-code: 9ms)
 GET /api/demo/runs/prj_09047604e591d969/reports 200 in 17ms (next.js: 9ms, proxy.ts: 2ms, application-code: 6ms)
 GET /api/demo/runs/prj_09047604e591d969/reports 200 in 22ms (next.js: 10ms, proxy.ts: 1926µs, application-code: 9ms)
 GET /api/demo/runs/prj_09047604e591d969/clusters 200 in 56ms (next.js: 16ms, proxy.ts: 5ms, application-code: 35ms)
 GET /api/demo/runs/prj_09047604e591d969/leaf-scores 404 in 62ms (next.js: 27ms, proxy.ts: 5ms, application-code: 29ms)
 GET /api/demo/runs/prj_09047604e591d969/repair-iterations 200 in 64ms (next.js: 42ms, proxy.ts: 5ms, application-code: 16ms)
 GET /api/demo/runs/prj_09047604e591d969/reports 200 in 20ms (next.js: 10ms, proxy.ts: 3ms, application-code: 8ms)
 GET /api/demo/runs/prj_09047604e591d969/reports 200 in 23ms (next.js: 10ms, proxy.ts: 3ms, application-code: 10ms)
 GET /api/demo/runs/prj_09047604e591d969/reports 200 in 15ms (next.js: 8ms, proxy.ts: 1722µs, application-code: 6ms)
 GET /api/demo/runs/prj_09047604e591d969/reports 200 in 11ms (next.js: 3ms, proxy.ts: 1943µs, application-code: 7ms)
 GET /api/demo/runs/prj_09047604e591d969/reports 200 in 19ms (next.js: 9ms, proxy.ts: 3ms, application-code: 8ms)
 GET /api/demo/runs/prj_09047604e591d969/runpod-status 200 in 24ms (next.js: 10ms, proxy.ts: 3ms, application-code: 10ms)
 GET /api/demo/runs/prj_09047604e591d969/reports 200 in 24ms (next.js: 12ms, proxy.ts: 3ms, application-code: 9ms)
 GET /api/demo/runs/prj_09047604e591d969/clusters 200 in 62ms (next.js: 21ms, proxy.ts: 9ms, application-code: 33ms)
 GET /api/demo/runs/prj_09047604e591d969/leaf-scores 404 in 67ms (next.js: 31ms, proxy.ts: 11ms, application-code: 25ms)
 GET /api/demo/runs/prj_09047604e591d969/repair-iterations 200 in 67ms (next.js: 43ms, proxy.ts: 11ms, application-code: 14ms)
 GET /api/demo/runs/prj_09047604e591d969/runpod-status 200 in 16ms (next.js: 4ms, proxy.ts: 3ms, application-code: 9ms)
 GET /api/demo/runs/prj_09047604e591d969/reports 200 in 25ms (next.js: 12ms, proxy.ts: 3ms, application-code: 9ms)
 GET /api/demo/runs/prj_09047604e591d969/runpod-status 200 in 25ms (next.js: 11ms, proxy.ts: 3ms, application-code: 11ms)
 GET /api/demo/runs/prj_09047604e591d969/reports 200 in 22ms (next.js: 7ms, proxy.ts: 5ms, application-code: 10ms)
 GET /api/demo/runs/prj_09047604e591d969/reports 200 in 20ms (next.js: 11ms, proxy.ts: 3ms, application-code: 6ms)
 GET /api/demo/runs/prj_09047604e591d969/reports 200 in 21ms (next.js: 10ms, proxy.ts: 3ms, application-code: 9ms)
 GET /api/demo/runs/prj_09047604e591d969/reports 200 in 23ms (next.js: 10ms, proxy.ts: 3ms, application-code: 11ms)
 GET /api/demo/runs/prj_09047604e591d969/reports 200 in 21ms (next.js: 10ms, proxy.ts: 3ms, application-code: 9ms)
 GET /api/demo/runs/prj_09047604e591d969/reports 200 in 13ms (next.js: 4ms, proxy.ts: 3ms, application-code: 7ms)
 GET /api/demo/runs/prj_09047604e591d969/reports 200 in 21ms (next.js: 10ms, proxy.ts: 2ms, application-code: 9ms)
 GET /api/demo/runs/prj_09047604e591d969/reports 200 in 23ms (next.js: 11ms, proxy.ts: 3ms, application-code: 9ms)
 GET /api/demo/runs/prj_09047604e591d969/reports 200 in 11ms (next.js: 3ms, proxy.ts: 2ms, application-code: 6ms)
 GET /api/demo/runs/prj_09047604e591d969/reports 200 in 18ms (next.js: 4ms, proxy.ts: 4ms, application-code: 10ms)
 GET /api/demo/runs/prj_09047604e591d969/runpod-status 200 in 28ms (next.js: 12ms, proxy.ts: 3ms, application-code: 12ms)
 GET /api/demo/runs/prj_09047604e591d969/reports 200 in 22ms (next.js: 12ms, proxy.ts: 3ms, application-code: 8ms)
 GET /api/demo/runs/prj_09047604e591d969/reports 200 in 15ms (next.js: 4ms, proxy.ts: 3ms, application-code: 8ms)
 GET /api/demo/runs/prj_09047604e591d969/reports 200 in 15ms (next.js: 4ms, proxy.ts: 3ms, application-code: 8ms)
 GET /api/demo/runs/prj_09047604e591d969/runpod-status 200 in 20ms (next.js: 5ms, proxy.ts: 4ms, application-code: 11ms)
 GET /api/demo/runs/prj_09047604e591d969/runpod-status 200 in 25ms (next.js: 11ms, proxy.ts: 3ms, application-code: 10ms)
 GET /api/demo/runs/prj_09047604e591d969/reports 200 in 25ms (next.js: 12ms, proxy.ts: 3ms, application-code: 10ms)
 GET /api/demo/runs/prj_09047604e591d969/reports 200 in 13ms (next.js: 3ms, proxy.ts: 1841µs, application-code: 8ms)
 GET /api/demo/runs/prj_09047604e591d969/reports 200 in 15ms (next.js: 4ms, proxy.ts: 2ms, application-code: 9ms)
 GET /api/demo/runs/prj_09047604e591d969/reports 200 in 24ms (next.js: 9ms, proxy.ts: 6ms, application-code: 9ms)
 GET /api/demo/runs/prj_09047604e591d969/reports 200 in 30ms (next.js: 12ms, proxy.ts: 6ms, application-code: 12ms)
 GET /api/demo/runs/prj_09047604e591d969/reports 200 in 15ms (next.js: 3ms, proxy.ts: 3ms, application-code: 8ms)
 GET /api/demo/runs/prj_09047604e591d969/reports 200 in 18ms (next.js: 10ms, proxy.ts: 2ms, application-code: 6ms)
 GET /api/demo/runs/prj_09047604e591d969/reports 200 in 16ms (next.js: 4ms, proxy.ts: 4ms, application-code: 9ms)
 GET /api/demo/runs/prj_09047604e591d969/reports 200 in 24ms (next.js: 11ms, proxy.ts: 3ms, application-code: 9ms)
 GET /api/demo/runs/prj_09047604e591d969/reports 200 in 20ms (next.js: 8ms, proxy.ts: 2ms, application-code: 9ms)
 GET /api/demo/runs/prj_09047604e591d969/reports 200 in 24ms (next.js: 10ms, proxy.ts: 3ms, application-code: 10ms)
 GET /api/demo/runs/prj_09047604e591d969/reports 200 in 17ms (next.js: 4ms, proxy.ts: 3ms, application-code: 10ms)
 GET /api/demo/runs/prj_09047604e591d969/runpod-status 200 in 32ms (next.js: 13ms, proxy.ts: 3ms, application-code: 16ms)
 GET /api/demo/runs/prj_09047604e591d969/runpod-status 200 in 18ms (next.js: 4ms, proxy.ts: 3ms, application-code: 10ms)
 GET /api/demo/runs/prj_09047604e591d969/reports 200 in 20ms (next.js: 8ms, proxy.ts: 3ms, application-code: 9ms)
 GET /api/demo/runs/prj_09047604e591d969/runpod-status 200 in 69ms (next.js: 16ms, proxy.ts: 10ms, application-code: 43ms)
 GET /api/demo/runs/prj_09047604e591d969/reports 200 in 25ms (next.js: 11ms, proxy.ts: 4ms, application-code: 10ms)
 GET /api/demo/runs/prj_09047604e591d969/reports 200 in 17ms (next.js: 5ms, proxy.ts: 4ms, application-code: 9ms)
 GET /api/demo/runs/prj_09047604e591d969/reports 200 in 15ms (next.js: 8ms, proxy.ts: 2ms, application-code: 5ms)
 GET /api/demo/runs/prj_09047604e591d969/reports 200 in 22ms (next.js: 11ms, proxy.ts: 2ms, application-code: 9ms)
 GET /api/demo/runs/prj_09047604e591d969/reports 200 in 14ms (next.js: 4ms, proxy.ts: 3ms, application-code: 7ms)
 GET /api/demo/runs/prj_09047604e591d969/reports 200 in 20ms (next.js: 10ms, proxy.ts: 3ms, application-code: 7ms)
 GET /api/demo/runs/prj_09047604e591d969/reports 200 in 17ms (next.js: 8ms, proxy.ts: 3ms, application-code: 6ms)
 GET /api/demo/runs/prj_09047604e591d969/reports 200 in 14ms (next.js: 5ms, proxy.ts: 3ms, application-code: 7ms)
 GET /api/demo/runs/prj_09047604e591d969/reports 200 in 16ms (next.js: 8ms, proxy.ts: 2ms, application-code: 6ms)
 GET /api/demo/runs/prj_09047604e591d969/reports 200 in 10ms (next.js: 2ms, proxy.ts: 2ms, application-code: 5ms)
 GET /api/demo/runs/prj_09047604e591d969/reports 200 in 19ms (next.js: 9ms, proxy.ts: 3ms, application-code: 7ms)
 GET /api/demo/runs/prj_09047604e591d969/runpod-status 200 in 19ms (next.js: 9ms, proxy.ts: 3ms, application-code: 7ms)
 GET /api/demo/runs/prj_09047604e591d969/runpod-status 200 in 14ms (next.js: 4ms, proxy.ts: 3ms, application-code: 7ms)
 GET /api/demo/runs/prj_09047604e591d969/reports 200 in 20ms (next.js: 9ms, proxy.ts: 3ms, application-code: 7ms)
 GET /api/demo/runs/prj_09047604e591d969/runpod-status 200 in 19ms (next.js: 9ms, proxy.ts: 3ms, application-code: 8ms)
 GET /api/demo/runs/prj_09047604e591d969/reports 200 in 17ms (next.js: 8ms, proxy.ts: 3ms, application-code: 7ms)
 GET /api/demo/runs/prj_09047604e591d969/reports 200 in 22ms (next.js: 12ms, proxy.ts: 2ms, application-code: 8ms)
 GET /api/demo/runs/prj_09047604e591d969/reports 200 in 20ms (next.js: 11ms, proxy.ts: 2ms, application-code: 7ms)
 GET /api/demo/runs/prj_09047604e591d969/reports 200 in 20ms (next.js: 10ms, proxy.ts: 3ms, application-code: 8ms)
 GET /api/demo/runs/prj_09047604e591d969/reports 200 in 12ms (next.js: 3ms, proxy.ts: 3ms, application-code: 6ms)
 GET /api/demo/runs/prj_09047604e591d969/reports 200 in 19ms (next.js: 10ms, proxy.ts: 2ms, application-code: 7ms)
 GET /api/demo/runs/prj_09047604e591d969/reports 200 in 16ms (next.js: 9ms, proxy.ts: 2ms, application-code: 5ms)
 GET /api/demo/runs/prj_09047604e591d969/reports 200 in 16ms (next.js: 7ms, proxy.ts: 1861µs, application-code: 7ms)
 GET /api/demo/runs/prj_09047604e591d969/reports 200 in 18ms (next.js: 7ms, proxy.ts: 2ms, application-code: 8ms)
 GET /api/demo/runs/prj_09047604e591d969/reports 200 in 17ms (next.js: 7ms, proxy.ts: 3ms, application-code: 8ms)
 GET /api/demo/runs/prj_09047604e591d969/runpod-status 200 in 17ms (next.js: 8ms, proxy.ts: 2ms, application-code: 7ms)
 GET /api/demo/runs/prj_09047604e591d969/reports 200 in 16ms (next.js: 8ms, proxy.ts: 3ms, application-code: 6ms)
 GET /api/demo/runs/prj_09047604e591d969/runpod-status 200 in 19ms (next.js: 8ms, proxy.ts: 3ms, application-code: 8ms)
 GET /api/demo/runs/prj_09047604e591d969/reports 200 in 16ms (next.js: 8ms, proxy.ts: 2ms, application-code: 7ms)
 GET /api/demo/runs/prj_09047604e591d969/runpod-status 200 in 15ms (next.js: 7ms, proxy.ts: 1757µs, application-code: 6ms)
 GET /api/demo/runs/prj_09047604e591d969/reports 200 in 17ms (next.js: 8ms, proxy.ts: 2ms, application-code: 7ms)
 GET /api/demo/runs/prj_09047604e591d969/reports 200 in 15ms (next.js: 8ms, proxy.ts: 1749µs, application-code: 6ms)
 GET /api/demo/runs/prj_09047604e591d969/reports 200 in 16ms (next.js: 7ms, proxy.ts: 2ms, application-code: 7ms)
 GET /api/demo/runs/prj_09047604e591d969/reports 200 in 17ms (next.js: 7ms, proxy.ts: 1781µs, application-code: 8ms)
 GET /api/demo/runs/prj_09047604e591d969/reports 200 in 16ms (next.js: 8ms, proxy.ts: 1904µs, application-code: 6ms)
 GET /api/demo/runs/prj_09047604e591d969/reports 200 in 12ms (next.js: 3ms, proxy.ts: 2ms, application-code: 8ms)
 GET /api/demo/runs/prj_09047604e591d969/reports 200 in 18ms (next.js: 8ms, proxy.ts: 1990µs, application-code: 8ms)
 GET /api/demo/runs/prj_09047604e591d969/reports 200 in 16ms (next.js: 8ms, proxy.ts: 3ms, application-code: 5ms)
 GET /api/demo/runs/prj_09047604e591d969/reports 200 in 10ms (next.js: 3ms, proxy.ts: 1733µs, application-code: 5ms)
 GET /api/demo/runs/prj_09047604e591d969/reports 200 in 15ms (next.js: 8ms, proxy.ts: 1841µs, application-code: 5ms)
 GET /api/demo/runs/prj_09047604e591d969/runpod-status 200 in 17ms (next.js: 7ms, proxy.ts: 3ms, application-code: 7ms)
 GET /api/demo/runs/prj_09047604e591d969/runpod-status 200 in 16ms (next.js: 7ms, proxy.ts: 2ms, application-code: 7ms)
 GET /api/demo/runs/prj_09047604e591d969/runpod-status 200 in 20ms (next.js: 8ms, proxy.ts: 2ms, application-code: 10ms)
 GET /api/demo/runs/prj_09047604e591d969/reports 200 in 16ms (next.js: 7ms, proxy.ts: 2ms, application-code: 6ms)
 GET /api/demo/runs/prj_09047604e591d969/reports 200 in 13ms (next.js: 5ms, proxy.ts: 3ms, application-code: 6ms)
 GET /api/demo/runs/prj_09047604e591d969/reports 200 in 16ms (next.js: 7ms, proxy.ts: 3ms, application-code: 6ms)
 GET /api/demo/runs/prj_09047604e591d969/reports 200 in 17ms (next.js: 7ms, proxy.ts: 1768µs, application-code: 8ms)
 GET /api/demo/runs/prj_09047604e591d969/reports 200 in 16ms (next.js: 7ms, proxy.ts: 1899µs, application-code: 8ms)
 GET /api/demo/runs/prj_09047604e591d969/reports 200 in 11ms (next.js: 3ms, proxy.ts: 3ms, application-code: 6ms)
 GET /api/demo/runs/prj_09047604e591d969/reports 200 in 16ms (next.js: 7ms, proxy.ts: 2ms, application-code: 6ms)
 GET /api/demo/runs/prj_09047604e591d969/reports 200 in 18ms (next.js: 8ms, proxy.ts: 2ms, application-code: 8ms)
 GET /api/demo/runs/prj_09047604e591d969/reports 200 in 11ms (next.js: 3ms, proxy.ts: 2ms, application-code: 6ms)
 GET /api/demo/runs/prj_09047604e591d969/reports 200 in 20ms (next.js: 9ms, proxy.ts: 3ms, application-code: 9ms)
 GET /api/demo/runs/prj_09047604e591d969/runpod-status 200 in 17ms (next.js: 8ms, proxy.ts: 2ms, application-code: 7ms)
 GET /api/demo/runs/prj_09047604e591d969/reports 200 in 22ms (next.js: 9ms, proxy.ts: 3ms, application-code: 9ms)
 GET /api/demo/runs/prj_09047604e591d969/reports 200 in 23ms (next.js: 12ms, proxy.ts: 3ms, application-code: 9ms)
 GET /api/demo/runs/prj_09047604e591d969/runpod-status 200 in 17ms (next.js: 7ms, proxy.ts: 4ms, application-code: 6ms)
 GET /api/demo/runs/prj_09047604e591d969/reports 200 in 10ms (next.js: 3ms, proxy.ts: 2ms, application-code: 5ms)
 GET /api/demo/runs/prj_09047604e591d969/runpod-status 200 in 16ms (next.js: 8ms, proxy.ts: 1955µs, application-code: 6ms)
 GET /api/demo/runs/prj_09047604e591d969/reports 200 in 16ms (next.js: 8ms, proxy.ts: 2ms, application-code: 6ms)
 GET /api/demo/runs/prj_09047604e591d969/reports 200 in 16ms (next.js: 7ms, proxy.ts: 1924µs, application-code: 7ms)
 GET /api/demo/runs/prj_09047604e591d969/reports 200 in 18ms (next.js: 8ms, proxy.ts: 1999µs, application-code: 8ms)
 GET /api/demo/runs/prj_09047604e591d969/reports 200 in 17ms (next.js: 8ms, proxy.ts: 3ms, application-code: 6ms)
 GET /api/demo/runs/prj_09047604e591d969/reports 200 in 16ms (next.js: 7ms, proxy.ts: 2ms, application-code: 6ms)
 GET /api/demo/runs/prj_09047604e591d969/reports 200 in 22ms (next.js: 13ms, proxy.ts: 2ms, application-code: 7ms)
 GET /api/demo/runs/prj_09047604e591d969/reports 200 in 19ms (next.js: 10ms, proxy.ts: 2ms, application-code: 7ms)
 GET /api/demo/runs/prj_09047604e591d969/reports 200 in 18ms (next.js: 9ms, proxy.ts: 3ms, application-code: 6ms)
 GET /api/demo/runs/prj_09047604e591d969/runpod-status 200 in 19ms (next.js: 8ms, proxy.ts: 2ms, application-code: 9ms)
 GET /api/demo/runs/prj_09047604e591d969/reports 200 in 20ms (next.js: 8ms, proxy.ts: 1969µs, application-code: 10ms)
 GET /api/demo/runs/prj_09047604e591d969/reports 200 in 14ms (next.js: 4ms, proxy.ts: 3ms, application-code: 7ms)
 GET /api/demo/runs/prj_09047604e591d969/runpod-status 200 in 15ms (next.js: 4ms, proxy.ts: 3ms, application-code: 8ms)
 GET /api/demo/runs/prj_09047604e591d969/runpod-status 200 in 19ms (next.js: 7ms, proxy.ts: 1937µs, application-code: 10ms)
 GET /api/demo/runs/prj_09047604e591d969/reports 200 in 25ms (next.js: 12ms, proxy.ts: 3ms, application-code: 10ms)
 GET /api/demo/runs/prj_09047604e591d969/reports 200 in 19ms (next.js: 5ms, proxy.ts: 3ms, application-code: 10ms)
 GET /api/demo/runs/prj_09047604e591d969/reports 200 in 19ms (next.js: 9ms, proxy.ts: 3ms, application-code: 7ms)
 GET /api/demo/runs/prj_09047604e591d969/reports 200 in 26ms (next.js: 13ms, proxy.ts: 3ms, application-code: 10ms)
 GET /api/demo/runs/prj_09047604e591d969/reports 200 in 15ms (next.js: 4ms, proxy.ts: 3ms, application-code: 8ms)
 GET /api/demo/events?projectId=prj_09047604e591d969 200 in 86s (next.js: 12ms, proxy.ts: 12ms, application-code: 86s)
 GET /lab?projectId=prj_09047604e591d969 200 in 63ms (next.js: 3ms, application-code: 60ms)
 GET /api/demo/runs/prj_09047604e591d969/runpod-status 200 in 95ms (next.js: 28ms, proxy.ts: 12ms, application-code: 56ms)
 GET /api/demo/runs/prj_09047604e591d969/clusters 200 in 97ms (next.js: 39ms, proxy.ts: 12ms, application-code: 46ms)
 GET /api/demo/runs/prj_09047604e591d969/leaf-scores 404 in 99ms (next.js: 50ms, proxy.ts: 12ms, application-code: 36ms)
 GET /api/demo/runs/prj_09047604e591d969/repair-iterations 200 in 101ms (next.js: 62ms, proxy.ts: 12ms, application-code: 27ms)
 GET /api/demo/runs/prj_09047604e591d969/reports 200 in 107ms (next.js: 74ms, proxy.ts: 12ms, application-code: 21ms)
 GET /api/demo/runs/prj_09047604e591d969/reports 200 in 18ms (next.js: 4ms, proxy.ts: 3ms, application-code: 10ms)
 GET /api/demo/runs/prj_09047604e591d969/reports 200 in 29ms (next.js: 8ms, proxy.ts: 13ms, application-code: 8ms)
 GET /api/demo/runs/prj_09047604e591d969/reports 200 in 15ms (next.js: 8ms, proxy.ts: 1972µs, application-code: 6ms)
 GET /api/demo/runs/prj_09047604e591d969/reports 200 in 10ms (next.js: 3ms, proxy.ts: 2ms, application-code: 6ms)
 GET /api/demo/runs/prj_09047604e591d969/reports 200 in 16ms (next.js: 8ms, proxy.ts: 2ms, application-code: 6ms)
 GET /api/demo/runs/prj_09047604e591d969/runpod-status 200 in 16ms (next.js: 8ms, proxy.ts: 3ms, application-code: 5ms)
 GET /api/demo/runs/prj_09047604e591d969/runpod-status 200 in 16ms (next.js: 7ms, proxy.ts: 1951µs, application-code: 7ms)
 GET /api/demo/runs/prj_09047604e591d969/clusters 200 in 38ms (next.js: 11ms, proxy.ts: 5ms, application-code: 22ms)
 GET /api/demo/runs/prj_09047604e591d969/leaf-scores 404 in 42ms (next.js: 19ms, proxy.ts: 4ms, application-code: 18ms)
 GET /api/demo/runs/prj_09047604e591d969/repair-iterations 200 in 43ms (next.js: 27ms, proxy.ts: 4ms, application-code: 11ms)
 GET /api/demo/runs/prj_09047604e591d969/reports 200 in 18ms (next.js: 9ms, proxy.ts: 3ms, application-code: 6ms)
 GET /api/demo/runs/prj_09047604e591d969/reports 200 in 19ms (next.js: 11ms, proxy.ts: 3ms, application-code: 5ms)
 GET /api/demo/runs/prj_09047604e591d969/reports 200 in 19ms (next.js: 10ms, proxy.ts: 3ms, application-code: 6ms)
 GET /api/demo/runs/prj_09047604e591d969/reports 200 in 20ms (next.js: 10ms, proxy.ts: 4ms, application-code: 6ms)
 GET /api/demo/runs/prj_09047604e591d969/reports 200 in 18ms (next.js: 5ms, proxy.ts: 4ms, application-code: 10ms)
 GET /api/demo/runs/prj_09047604e591d969/runpod-status 200 in 36ms (next.js: 14ms, proxy.ts: 5ms, application-code: 17ms)
 GET /api/demo/runs/prj_09047604e591d969/clusters 200 in 59ms (next.js: 24ms, proxy.ts: 5ms, application-code: 30ms)
 GET /api/demo/runs/prj_09047604e591d969/repair-iterations 200 in 59ms (next.js: 47ms, proxy.ts: 4ms, application-code: 8ms)
 GET /api/demo/runs/prj_09047604e591d969/leaf-scores 404 in 62ms (next.js: 36ms, proxy.ts: 4ms, application-code: 22ms)
 GET /api/demo/runs/prj_09047604e591d969/reports 200 in 18ms (next.js: 9ms, proxy.ts: 3ms, application-code: 6ms)
 GET /api/demo/runs/prj_09047604e591d969/reports 200 in 20ms (next.js: 9ms, proxy.ts: 2ms, application-code: 8ms)
 GET /api/demo/runs/prj_09047604e591d969/reports 200 in 17ms (next.js: 8ms, proxy.ts: 3ms, application-code: 6ms)
 GET /api/demo/runs/prj_09047604e591d969/runpod-status 200 in 19ms (next.js: 8ms, proxy.ts: 4ms, application-code: 7ms)
 GET /api/demo/runs/prj_09047604e591d969/reports 200 in 20ms (next.js: 11ms, proxy.ts: 2ms, application-code: 7ms)
 GET /api/demo/runs/prj_09047604e591d969/reports 200 in 31ms (next.js: 11ms, proxy.ts: 4ms, application-code: 17ms)
 GET /api/demo/runs/prj_09047604e591d969/runpod-status 200 in 34ms (next.js: 20ms, proxy.ts: 3ms, application-code: 12ms)
 GET /api/demo/runs/prj_09047604e591d969/reports 200 in 20ms (next.js: 9ms, proxy.ts: 3ms, application-code: 7ms)
 GET /api/demo/runs/prj_09047604e591d969/reports 200 in 17ms (next.js: 9ms, proxy.ts: 2ms, application-code: 6ms)
 GET /api/demo/runs/prj_09047604e591d969/reports 200 in 12ms (next.js: 3ms, proxy.ts: 1967µs, application-code: 7ms)
 GET /api/demo/runs/prj_09047604e591d969/reports 200 in 18ms (next.js: 9ms, proxy.ts: 2ms, application-code: 6ms)
 GET /api/demo/runs/prj_09047604e591d969/reports 200 in 12ms (next.js: 3ms, proxy.ts: 3ms, application-code: 6ms)
 GET /api/demo/runs/prj_09047604e591d969/runpod-status 200 in 16ms (next.js: 7ms, proxy.ts: 2ms, application-code: 7ms)
 GET /api/demo/runs/prj_09047604e591d969/reports 200 in 15ms (next.js: 7ms, proxy.ts: 1869µs, application-code: 6ms)
 GET /api/demo/runs/prj_09047604e591d969/reports 200 in 11ms (next.js: 3ms, proxy.ts: 3ms, application-code: 5ms)
 GET /api/demo/runs/prj_09047604e591d969/reports 200 in 19ms (next.js: 8ms, proxy.ts: 2ms, application-code: 8ms)
 GET /api/demo/runs/prj_09047604e591d969/runpod-status 200 in 22ms (next.js: 9ms, proxy.ts: 4ms, application-code: 9ms)
 GET /api/demo/runs/prj_09047604e591d969/reports 200 in 19ms (next.js: 9ms, proxy.ts: 3ms, application-code: 7ms)
 GET /api/demo/runs/prj_09047604e591d969/runpod-status 200 in 23ms (next.js: 11ms, proxy.ts: 2ms, application-code: 9ms)
 GET /api/demo/runs/prj_09047604e591d969/reports 200 in 19ms (next.js: 11ms, proxy.ts: 1985µs, application-code: 6ms)
 GET /api/demo/runs/prj_09047604e591d969/reports 200 in 18ms (next.js: 7ms, proxy.ts: 2ms, application-code: 9ms)
 GET /api/demo/runs/prj_09047604e591d969/reports 200 in 19ms (next.js: 8ms, proxy.ts: 2ms, application-code: 9ms)
 GET /api/demo/runs/prj_09047604e591d969/reports 200 in 18ms (next.js: 9ms, proxy.ts: 2ms, application-code: 7ms)
 GET /api/demo/runs/prj_09047604e591d969/reports 200 in 20ms (next.js: 7ms, proxy.ts: 4ms, application-code: 9ms)
 GET /api/demo/runs/prj_09047604e591d969/reports 200 in 18ms (next.js: 9ms, proxy.ts: 3ms, application-code: 6ms)
 GET /api/demo/runs/prj_09047604e591d969/reports 200 in 12ms (next.js: 3ms, proxy.ts: 2ms, application-code: 7ms)
 GET /api/demo/runs/prj_09047604e591d969/runpod-status 200 in 19ms (next.js: 9ms, proxy.ts: 4ms, application-code: 6ms)
 GET /api/demo/runs/prj_09047604e591d969/reports 200 in 22ms (next.js: 9ms, proxy.ts: 3ms, application-code: 10ms)
 GET /api/demo/runs/prj_09047604e591d969/reports 200 in 17ms (next.js: 8ms, proxy.ts: 2ms, application-code: 6ms)
 GET /api/demo/runs/prj_09047604e591d969/runpod-status 200 in 18ms (next.js: 8ms, proxy.ts: 3ms, application-code: 7ms)
 GET /api/demo/runs/prj_09047604e591d969/reports 200 in 22ms (next.js: 11ms, proxy.ts: 2ms, application-code: 8ms)
 GET /api/demo/runs/prj_09047604e591d969/runpod-status 200 in 19ms (next.js: 8ms, proxy.ts: 2ms, application-code: 8ms)
 GET /api/demo/runs/prj_09047604e591d969/reports 200 in 18ms (next.js: 8ms, proxy.ts: 2ms, application-code: 8ms)
 GET /api/demo/runs/prj_09047604e591d969/reports 200 in 20ms (next.js: 8ms, proxy.ts: 2ms, application-code: 9ms)
 GET /api/demo/runs/prj_09047604e591d969/reports 200 in 20ms (next.js: 10ms, proxy.ts: 1857µs, application-code: 8ms)
 GET /api/demo/runs/prj_09047604e591d969/reports 200 in 12ms (next.js: 3ms, proxy.ts: 2ms, application-code: 7ms)
 GET /api/demo/runs/prj_09047604e591d969/reports 200 in 23ms (next.js: 10ms, proxy.ts: 3ms, application-code: 10ms)
 GET /api/demo/runs/prj_09047604e591d969/runpod-status 200 in 19ms (next.js: 8ms, proxy.ts: 5ms, application-code: 6ms)
 GET /api/demo/runs/prj_09047604e591d969/reports 200 in 19ms (next.js: 8ms, proxy.ts: 2ms, application-code: 8ms)
 GET /api/demo/runs/prj_09047604e591d969/reports 200 in 18ms (next.js: 8ms, proxy.ts: 2ms, application-code: 7ms)
 GET /api/demo/runs/prj_09047604e591d969/reports 200 in 18ms (next.js: 8ms, proxy.ts: 1991µs, application-code: 8ms)
 GET /api/demo/runs/prj_09047604e591d969/runpod-status 200 in 18ms (next.js: 7ms, proxy.ts: 2ms, application-code: 9ms)
 GET /api/demo/runs/prj_09047604e591d969/runpod-status 200 in 18ms (next.js: 7ms, proxy.ts: 2ms, application-code: 9ms)
 GET /api/demo/runs/prj_09047604e591d969/reports 200 in 17ms (next.js: 8ms, proxy.ts: 2ms, application-code: 7ms)
 GET /api/demo/runs/prj_09047604e591d969/reports 200 in 11ms (next.js: 3ms, proxy.ts: 2ms, application-code: 6ms)
 GET /api/demo/runs/prj_09047604e591d969/reports 200 in 22ms (next.js: 10ms, proxy.ts: 3ms, application-code: 9ms)
 GET /api/demo/runs/prj_09047604e591d969/reports 200 in 19ms (next.js: 9ms, proxy.ts: 2ms, application-code: 8ms)
 GET /api/demo/runs/prj_09047604e591d969/reports 200 in 20ms (next.js: 10ms, proxy.ts: 3ms, application-code: 7ms)
 GET /api/demo/runs/prj_09047604e591d969/reports 200 in 16ms (next.js: 8ms, proxy.ts: 2ms, application-code: 5ms)
 GET /api/demo/runs/prj_09047604e591d969/reports 200 in 12ms (next.js: 3ms, proxy.ts: 3ms, application-code: 6ms)
 GET /api/demo/runs/prj_09047604e591d969/runpod-status 200 in 18ms (next.js: 8ms, proxy.ts: 3ms, application-code: 7ms)
 GET /api/demo/runs/prj_09047604e591d969/reports 200 in 17ms (next.js: 9ms, proxy.ts: 1961µs, application-code: 5ms)
 GET /api/demo/runs/prj_09047604e591d969/reports 200 in 16ms (next.js: 8ms, proxy.ts: 2ms, application-code: 6ms)
 GET /api/demo/runs/prj_09047604e591d969/runpod-status 200 in 21ms (next.js: 8ms, proxy.ts: 4ms, application-code: 9ms)
 GET /api/demo/runs/prj_09047604e591d969/reports 200 in 12ms (next.js: 3ms, proxy.ts: 2ms, application-code: 7ms)
 GET /api/demo/runs/prj_09047604e591d969/reports 200 in 16ms (next.js: 8ms, proxy.ts: 1891µs, application-code: 6ms)
 GET /api/demo/runs/prj_09047604e591d969/runpod-status 200 in 19ms (next.js: 8ms, proxy.ts: 1966µs, application-code: 9ms)
 GET /api/demo/runs/prj_09047604e591d969/reports 200 in 17ms (next.js: 8ms, proxy.ts: 2ms, application-code: 7ms)
 GET /api/demo/runs/prj_09047604e591d969/reports 200 in 17ms (next.js: 8ms, proxy.ts: 1730µs, application-code: 8ms)
 GET /api/demo/runs/prj_09047604e591d969/reports 200 in 12ms (next.js: 2ms, proxy.ts: 1903µs, application-code: 8ms)
 GET /api/demo/runs/prj_09047604e591d969/reports 200 in 16ms (next.js: 8ms, proxy.ts: 2ms, application-code: 6ms)
 GET /api/demo/runs/prj_09047604e591d969/runpod-status 200 in 16ms (next.js: 8ms, proxy.ts: 2ms, application-code: 6ms)
 GET /api/demo/runs/prj_09047604e591d969/reports 200 in 18ms (next.js: 8ms, proxy.ts: 1819µs, application-code: 9ms)
 GET /api/demo/runs/prj_09047604e591d969/reports 200 in 16ms (next.js: 8ms, proxy.ts: 2ms, application-code: 6ms)
 GET /api/demo/runs/prj_09047604e591d969/reports 200 in 13ms (next.js: 3ms, proxy.ts: 3ms, application-code: 6ms)
 GET /api/demo/runs/prj_09047604e591d969/reports 200 in 16ms (next.js: 8ms, proxy.ts: 1977µs, application-code: 6ms)
 GET /api/demo/runs/prj_09047604e591d969/runpod-status 200 in 19ms (next.js: 7ms, proxy.ts: 2ms, application-code: 9ms)
 GET /api/demo/runs/prj_09047604e591d969/runpod-status 200 in 19ms (next.js: 8ms, proxy.ts: 3ms, application-code: 8ms)
 GET /api/demo/runs/prj_09047604e591d969/reports 200 in 17ms (next.js: 8ms, proxy.ts: 2ms, application-code: 7ms)
 GET /api/demo/runs/prj_09047604e591d969/reports 200 in 19ms (next.js: 10ms, proxy.ts: 3ms, application-code: 6ms)
 GET /api/demo/runs/prj_09047604e591d969/reports 200 in 23ms (next.js: 12ms, proxy.ts: 3ms, application-code: 9ms)
 GET /api/demo/runs/prj_09047604e591d969/reports 200 in 16ms (next.js: 7ms, proxy.ts: 1917µs, application-code: 7ms)
 GET /api/demo/runs/prj_09047604e591d969/reports 200 in 18ms (next.js: 8ms, proxy.ts: 2ms, application-code: 8ms)
 GET /api/demo/runs/prj_09047604e591d969/reports 200 in 21ms (next.js: 8ms, proxy.ts: 3ms, application-code: 11ms)
 GET /api/demo/runs/prj_09047604e591d969/reports 200 in 16ms (next.js: 3ms, proxy.ts: 6ms, application-code: 7ms)
 GET /api/demo/runs/prj_09047604e591d969/reports 200 in 17ms (next.js: 7ms, proxy.ts: 2ms, application-code: 8ms)
 GET /api/demo/runs/prj_09047604e591d969/runpod-status 200 in 17ms (next.js: 8ms, proxy.ts: 2ms, application-code: 6ms)
 GET /api/demo/runs/prj_09047604e591d969/runpod-status 200 in 19ms (next.js: 9ms, proxy.ts: 2ms, application-code: 8ms)
 GET /api/demo/runs/prj_09047604e591d969/reports 200 in 17ms (next.js: 8ms, proxy.ts: 3ms, application-code: 6ms)
 GET /api/demo/runs/prj_09047604e591d969/reports 200 in 16ms (next.js: 7ms, proxy.ts: 3ms, application-code: 6ms)
 GET /api/demo/runs/prj_09047604e591d969/reports 200 in 13ms (next.js: 3ms, proxy.ts: 2ms, application-code: 7ms)
 GET /api/demo/runs/prj_09047604e591d969/reports 200 in 23ms (next.js: 8ms, proxy.ts: 2ms, application-code: 12ms)
 GET /api/demo/runs/prj_09047604e591d969/reports 200 in 21ms (next.js: 9ms, proxy.ts: 4ms, application-code: 8ms)
 GET /api/demo/runs/prj_09047604e591d969/reports 200 in 24ms (next.js: 12ms, proxy.ts: 4ms, application-code: 7ms)
 GET /api/demo/runs/prj_09047604e591d969/reports 200 in 15ms (next.js: 3ms, proxy.ts: 3ms, application-code: 9ms)
 GET /api/demo/runs/prj_09047604e591d969/reports 200 in 18ms (next.js: 8ms, proxy.ts: 2ms, application-code: 8ms)
 GET /api/demo/runs/prj_09047604e591d969/runpod-status 200 in 18ms (next.js: 8ms, proxy.ts: 3ms, application-code: 7ms)
 GET /api/demo/runs/prj_09047604e591d969/reports 200 in 20ms (next.js: 7ms, proxy.ts: 3ms, application-code: 9ms)
 GET /api/demo/runs/prj_09047604e591d969/runpod-status 200 in 15ms (next.js: 7ms, proxy.ts: 2ms, application-code: 6ms)
 GET /api/demo/runs/prj_09047604e591d969/reports 200 in 17ms (next.js: 9ms, proxy.ts: 1964µs, application-code: 7ms)
 GET /api/demo/runs/prj_09047604e591d969/reports 200 in 11ms (next.js: 3ms, proxy.ts: 1886µs, application-code: 6ms)
 GET /api/demo/runs/prj_09047604e591d969/reports 200 in 15ms (next.js: 7ms, proxy.ts: 2ms, application-code: 6ms)
 GET /api/demo/runs/prj_09047604e591d969/reports 200 in 18ms (next.js: 9ms, proxy.ts: 2ms, application-code: 6ms)
 GET /api/demo/runs/prj_09047604e591d969/reports 200 in 18ms (next.js: 10ms, proxy.ts: 2ms, application-code: 6ms)
 GET /api/demo/runs/prj_09047604e591d969/reports 200 in 19ms (next.js: 9ms, proxy.ts: 2ms, application-code: 8ms)
 GET /api/demo/runs/prj_09047604e591d969/runpod-status 200 in 20ms (next.js: 8ms, proxy.ts: 3ms, application-code: 9ms)
 GET /api/demo/runs/prj_09047604e591d969/reports 200 in 19ms (next.js: 9ms, proxy.ts: 2ms, application-code: 7ms)
 GET /api/demo/runs/prj_09047604e591d969/reports 200 in 12ms (next.js: 3ms, proxy.ts: 2ms, application-code: 7ms)
 GET /api/demo/runs/prj_09047604e591d969/reports 200 in 26ms (next.js: 10ms, proxy.ts: 2ms, application-code: 13ms)
 GET /api/demo/runs/prj_09047604e591d969/runpod-status 200 in 32ms (next.js: 20ms, proxy.ts: 3ms, application-code: 9ms)
 GET /api/demo/runs/prj_09047604e591d969/reports 200 in 16ms (next.js: 7ms, proxy.ts: 3ms, application-code: 6ms)
 GET /api/demo/runs/prj_09047604e591d969/reports 200 in 16ms (next.js: 7ms, proxy.ts: 2ms, application-code: 6ms)
 GET /api/demo/runs/prj_09047604e591d969/reports 200 in 18ms (next.js: 8ms, proxy.ts: 1751µs, application-code: 8ms)
 GET /api/demo/runs/prj_09047604e591d969/reports 200 in 18ms (next.js: 8ms, proxy.ts: 2ms, application-code: 7ms)
 GET /api/demo/runs/prj_09047604e591d969/reports 200 in 16ms (next.js: 8ms, proxy.ts: 2ms, application-code: 6ms)
 GET /api/demo/runs/prj_09047604e591d969/runpod-status 200 in 18ms (next.js: 8ms, proxy.ts: 3ms, application-code: 7ms)
 GET /api/demo/runs/prj_09047604e591d969/reports 200 in 18ms (next.js: 8ms, proxy.ts: 1995µs, application-code: 8ms)
 GET /api/demo/runs/prj_09047604e591d969/reports 200 in 16ms (next.js: 7ms, proxy.ts: 2ms, application-code: 6ms)
 GET /api/demo/runs/prj_09047604e591d969/runpod-status 200 in 18ms (next.js: 10ms, proxy.ts: 1891µs, application-code: 6ms)
 GET /api/demo/runs/prj_09047604e591d969/reports 200 in 17ms (next.js: 7ms, proxy.ts: 3ms, application-code: 7ms)
 GET /api/demo/runs/prj_09047604e591d969/reports 200 in 15ms (next.js: 8ms, proxy.ts: 1874µs, application-code: 5ms)
 GET /api/demo/runs/prj_09047604e591d969/reports 200 in 18ms (next.js: 8ms, proxy.ts: 3ms, application-code: 8ms)
 GET /api/demo/runs/prj_09047604e591d969/reports 200 in 25ms (next.js: 14ms, proxy.ts: 3ms, application-code: 8ms)
 GET /api/demo/runs/prj_09047604e591d969/reports 200 in 23ms (next.js: 12ms, proxy.ts: 3ms, application-code: 9ms)
 GET /api/demo/runs/prj_09047604e591d969/runpod-status 200 in 18ms (next.js: 9ms, proxy.ts: 2ms, application-code: 7ms)
 GET /api/demo/runs/prj_09047604e591d969/runpod-status 200 in 18ms (next.js: 8ms, proxy.ts: 2ms, application-code: 8ms)
 GET /api/demo/runs/prj_09047604e591d969/reports 200 in 20ms (next.js: 8ms, proxy.ts: 3ms, application-code: 9ms)
 GET /api/demo/runs/prj_09047604e591d969/reports 200 in 11ms (next.js: 3ms, proxy.ts: 1955µs, application-code: 7ms)
 GET /api/demo/runs/prj_09047604e591d969/reports 200 in 218ms (next.js: 205ms, proxy.ts: 4ms, application-code: 10ms)
 GET /api/demo/runs/prj_09047604e591d969/reports 200 in 15ms (next.js: 4ms, proxy.ts: 3ms, application-code: 8ms)
 GET /api/demo/runs/prj_09047604e591d969/runpod-status 200 in 21ms (next.js: 10ms, proxy.ts: 4ms, application-code: 7ms)
 GET /api/demo/runs/prj_09047604e591d969/reports 200 in 16ms (next.js: 8ms, proxy.ts: 2ms, application-code: 6ms)
 GET /lab?projectId=prj_09047604e591d969 200 in 69ms (next.js: 3ms, application-code: 66ms)
 GET /api/demo/runs/prj_09047604e591d969/runpod-status 200 in 162ms (next.js: 53ms, proxy.ts: 13ms, application-code: 97ms)
 GET /api/demo/runs/prj_09047604e591d969/clusters 200 in 160ms (next.js: 80ms, proxy.ts: 10ms, application-code: 70ms)
 GET /api/demo/runs/prj_09047604e591d969/leaf-scores 404 in 161ms (next.js: 111ms, proxy.ts: 10ms, application-code: 40ms)
 GET /api/demo/runs/prj_09047604e591d969/repair-iterations 200 in 165ms (next.js: 141ms, proxy.ts: 10ms, application-code: 13ms)
 GET /api/demo/runs/prj_09047604e591d969/reports 200 in 39ms (next.js: 29ms, proxy.ts: 3ms, application-code: 6ms)
 GET /api/demo/runs/prj_09047604e591d969/reports 200 in 30ms (next.js: 3ms, proxy.ts: 4ms, application-code: 23ms)
 GET /api/demo/runs/prj_09047604e591d969/reports 200 in 14ms (next.js: 3ms, proxy.ts: 4ms, application-code: 7ms)
 GET /api/demo/runs/prj_09047604e591d969/reports 200 in 17ms (next.js: 8ms, proxy.ts: 2ms, application-code: 6ms)
 GET /api/demo/runs/prj_09047604e591d969/reports 200 in 26ms (next.js: 13ms, proxy.ts: 4ms, application-code: 9ms)
 GET /api/demo/runs/prj_09047604e591d969/runpod-status 200 in 34ms (next.js: 22ms, proxy.ts: 4ms, application-code: 8ms)
 GET /api/demo/runs/prj_09047604e591d969/reports 200 in 19ms (next.js: 5ms, proxy.ts: 4ms, application-code: 10ms)
 GET /api/demo/runs/prj_09047604e591d969/runpod-status 200 in 21ms (next.js: 9ms, proxy.ts: 3ms, application-code: 9ms)
 GET /api/demo/runs/prj_09047604e591d969/reports 200 in 20ms (next.js: 10ms, proxy.ts: 3ms, application-code: 7ms)
 GET /api/demo/runs/prj_09047604e591d969/reports 200 in 14ms (next.js: 4ms, proxy.ts: 3ms, application-code: 7ms)
 GET /api/demo/runs/prj_09047604e591d969/clusters 200 in 37ms (next.js: 11ms, proxy.ts: 5ms, application-code: 21ms)
 GET /api/demo/runs/prj_09047604e591d969/leaf-scores 404 in 40ms (next.js: 18ms, proxy.ts: 5ms, application-code: 17ms)
 GET /api/demo/runs/prj_09047604e591d969/repair-iterations 200 in 41ms (next.js: 27ms, proxy.ts: 5ms, application-code: 10ms)
 GET /api/demo/runs/prj_09047604e591d969/reports 200 in 22ms (next.js: 12ms, proxy.ts: 3ms, application-code: 8ms)
 GET /api/demo/runs/prj_09047604e591d969/reports 200 in 13ms (next.js: 3ms, proxy.ts: 2ms, application-code: 7ms)
 GET /api/demo/runs/prj_09047604e591d969/reports 200 in 19ms (next.js: 9ms, proxy.ts: 2ms, application-code: 8ms)
 GET /api/demo/runs/prj_09047604e591d969/reports 200 in 14ms (next.js: 4ms, proxy.ts: 2ms, application-code: 8ms)
 GET /api/demo/runs/prj_09047604e591d969/reports 200 in 19ms (next.js: 9ms, proxy.ts: 2ms, application-code: 8ms)
 GET /api/demo/runs/prj_09047604e591d969/reports 200 in 21ms (next.js: 12ms, proxy.ts: 2ms, application-code: 7ms)
 GET /api/demo/runs/prj_09047604e591d969/runpod-status 200 in 19ms (next.js: 9ms, proxy.ts: 3ms, application-code: 7ms)
 GET /api/demo/runs/prj_09047604e591d969/reports 200 in 19ms (next.js: 9ms, proxy.ts: 2ms, application-code: 7ms)
 GET /api/demo/runs/prj_09047604e591d969/clusters 200 in 44ms (next.js: 12ms, proxy.ts: 3ms, application-code: 29ms)
 GET /api/demo/runs/prj_09047604e591d969/leaf-scores 404 in 49ms (next.js: 21ms, proxy.ts: 4ms, application-code: 24ms)
 GET /api/demo/runs/prj_09047604e591d969/repair-iterations 200 in 51ms (next.js: 33ms, proxy.ts: 4ms, application-code: 14ms)
 GET /api/demo/runs/prj_09047604e591d969/reports 200 in 23ms (next.js: 11ms, proxy.ts: 2ms, application-code: 9ms)
 GET /api/demo/runs/prj_09047604e591d969/reports 200 in 17ms (next.js: 8ms, proxy.ts: 1978µs, application-code: 7ms)
 GET /api/demo/runs/prj_09047604e591d969/reports 200 in 15ms (next.js: 5ms, proxy.ts: 3ms, application-code: 7ms)
 GET /api/demo/runs/prj_09047604e591d969/runpod-status 200 in 24ms (next.js: 13ms, proxy.ts: 3ms, application-code: 8ms)
 GET /api/demo/runs/prj_09047604e591d969/runpod-status 200 in 18ms (next.js: 8ms, proxy.ts: 1786µs, application-code: 8ms)
 GET /api/demo/runs/prj_09047604e591d969/reports 200 in 23ms (next.js: 11ms, proxy.ts: 3ms, application-code: 8ms)
 GET /api/demo/runs/prj_09047604e591d969/reports 200 in 21ms (next.js: 10ms, proxy.ts: 3ms, application-code: 8ms)
 GET /api/demo/runs/prj_09047604e591d969/reports 200 in 15ms (next.js: 4ms, proxy.ts: 3ms, application-code: 8ms)
 GET /api/demo/runs/prj_09047604e591d969/reports 200 in 31ms (next.js: 15ms, proxy.ts: 4ms, application-code: 12ms)
 GET /api/demo/runs/prj_09047604e591d969/reports 200 in 34ms (next.js: 19ms, proxy.ts: 3ms, application-code: 12ms)
 GET /api/demo/runs/prj_09047604e591d969/reports 200 in 22ms (next.js: 11ms, proxy.ts: 3ms, application-code: 9ms)
 GET /api/demo/runs/prj_09047604e591d969/reports 200 in 25ms (next.js: 10ms, proxy.ts: 3ms, application-code: 12ms)
 GET /api/demo/runs/prj_09047604e591d969/reports 200 in 12ms (next.js: 3ms, proxy.ts: 3ms, application-code: 6ms)
 GET /api/demo/runs/prj_09047604e591d969/runpod-status 200 in 23ms (next.js: 11ms, proxy.ts: 3ms, application-code: 8ms)
 GET /api/demo/runs/prj_09047604e591d969/reports 200 in 22ms (next.js: 11ms, proxy.ts: 2ms, application-code: 9ms)
 GET /api/demo/runs/prj_09047604e591d969/reports 200 in 16ms (next.js: 7ms, proxy.ts: 2ms, application-code: 7ms)
 GET /api/demo/runs/prj_09047604e591d969/reports 200 in 19ms (next.js: 5ms, proxy.ts: 3ms, application-code: 11ms)
 GET /api/demo/runs/prj_09047604e591d969/reports 200 in 22ms (next.js: 10ms, proxy.ts: 3ms, application-code: 9ms)
 GET /api/demo/runs/prj_09047604e591d969/runpod-status 200 in 19ms (next.js: 8ms, proxy.ts: 4ms, application-code: 7ms)
 GET /api/demo/runs/prj_09047604e591d969/runpod-status 200 in 27ms (next.js: 14ms, proxy.ts: 3ms, application-code: 10ms)
 GET /api/demo/runs/prj_09047604e591d969/reports 200 in 27ms (next.js: 12ms, proxy.ts: 4ms, application-code: 11ms)
 GET /api/demo/runs/prj_09047604e591d969/reports 200 in 33ms (next.js: 17ms, proxy.ts: 4ms, application-code: 13ms)
 GET /api/demo/runs/prj_09047604e591d969/reports 200 in 16ms (next.js: 4ms, proxy.ts: 3ms, application-code: 9ms)
 GET /api/demo/runs/prj_09047604e591d969/reports 200 in 22ms (next.js: 11ms, proxy.ts: 2ms, application-code: 9ms)
 GET /api/demo/runs/prj_09047604e591d969/reports 200 in 23ms (next.js: 11ms, proxy.ts: 3ms, application-code: 10ms)
 GET /api/demo/runs/prj_09047604e591d969/reports 200 in 24ms (next.js: 11ms, proxy.ts: 4ms, application-code: 9ms)
 GET /api/demo/runs/prj_09047604e591d969/reports 200 in 23ms (next.js: 10ms, proxy.ts: 3ms, application-code: 9ms)
 GET /api/demo/runs/prj_09047604e591d969/reports 200 in 15ms (next.js: 4ms, proxy.ts: 3ms, application-code: 8ms)
 GET /api/demo/runs/prj_09047604e591d969/runpod-status 200 in 23ms (next.js: 11ms, proxy.ts: 2ms, application-code: 10ms)
 GET /api/demo/runs/prj_09047604e591d969/reports 200 in 26ms (next.js: 14ms, proxy.ts: 3ms, application-code: 9ms)
 GET /api/demo/runs/prj_09047604e591d969/reports 200 in 24ms (next.js: 10ms, proxy.ts: 4ms, application-code: 10ms)
 GET /api/demo/runs/prj_09047604e591d969/reports 200 in 21ms (next.js: 10ms, proxy.ts: 3ms, application-code: 8ms)
 GET /api/demo/runs/prj_09047604e591d969/reports 200 in 21ms (next.js: 10ms, proxy.ts: 2ms, application-code: 9ms)
 GET /api/demo/runs/prj_09047604e591d969/runpod-status 200 in 21ms (next.js: 9ms, proxy.ts: 3ms, application-code: 9ms)
 GET /api/demo/runs/prj_09047604e591d969/reports 200 in 21ms (next.js: 9ms, proxy.ts: 3ms, application-code: 9ms)
 GET /api/demo/runs/prj_09047604e591d969/runpod-status 200 in 22ms (next.js: 11ms, proxy.ts: 4ms, application-code: 6ms)
 GET /api/demo/runs/prj_09047604e591d969/reports 200 in 11ms (next.js: 4ms, proxy.ts: 3ms, application-code: 5ms)
 GET /api/demo/runs/prj_09047604e591d969/reports 200 in 16ms (next.js: 7ms, proxy.ts: 1958µs, application-code: 7ms)
 GET /api/demo/runs/prj_09047604e591d969/reports 200 in 22ms (next.js: 10ms, proxy.ts: 3ms, application-code: 8ms)
 GET /api/demo/runs/prj_09047604e591d969/reports 200 in 22ms (next.js: 12ms, proxy.ts: 3ms, application-code: 6ms)
 GET /lab?projectId=prj_09047604e591d969 200 in 59ms (next.js: 3ms, application-code: 56ms)
 GET /api/demo/events?projectId=prj_09047604e591d969 200 in 37.7s (next.js: 10ms, proxy.ts: 14ms, application-code: 37.7s)
 GET /api/demo/runs/prj_09047604e591d969/runpod-status 200 in 76ms (next.js: 19ms, proxy.ts: 9ms, application-code: 48ms)
 GET /api/demo/runs/prj_09047604e591d969/clusters 200 in 100ms (next.js: 34ms, proxy.ts: 9ms, application-code: 57ms)
 GET /api/demo/runs/prj_09047604e591d969/leaf-scores 404 in 106ms (next.js: 45ms, proxy.ts: 8ms, application-code: 52ms)
 GET /api/demo/runs/prj_09047604e591d969/repair-iterations 200 in 108ms (next.js: 55ms, proxy.ts: 8ms, application-code: 45ms)
 GET /api/demo/runs/prj_09047604e591d969/reports 200 in 36ms (next.js: 15ms, proxy.ts: 9ms, application-code: 12ms)
 GET /api/demo/runs/prj_09047604e591d969/reports 200 in 36ms (next.js: 13ms, proxy.ts: 9ms, application-code: 14ms)
 GET /api/demo/runs/prj_09047604e591d969/reports 200 in 38ms (next.js: 15ms, proxy.ts: 10ms, application-code: 13ms)
 GET /api/demo/runs/prj_09047604e591d969/reports 200 in 40ms (next.js: 18ms, proxy.ts: 10ms, application-code: 13ms)
 GET /api/demo/runs/prj_09047604e591d969/reports 200 in 27ms (next.js: 14ms, proxy.ts: 3ms, application-code: 9ms)
 GET /api/demo/runs/prj_09047604e591d969/reports 200 in 31ms (next.js: 6ms, proxy.ts: 17ms, application-code: 8ms)
 GET /api/demo/runs/prj_09047604e591d969/reports 200 in 19ms (next.js: 8ms, proxy.ts: 3ms, application-code: 9ms)
 GET /api/demo/runs/prj_09047604e591d969/reports 200 in 24ms (next.js: 11ms, proxy.ts: 3ms, application-code: 10ms)
 GET /api/demo/runs/prj_09047604e591d969/reports 200 in 29ms (next.js: 13ms, proxy.ts: 4ms, application-code: 12ms)
 GET /api/demo/runs/prj_09047604e591d969/reports 200 in 36ms (next.js: 17ms, proxy.ts: 4ms, application-code: 15ms)
 GET /api/demo/runs/prj_09047604e591d969/runpod-status 200 in 22ms (next.js: 11ms, proxy.ts: 4ms, application-code: 7ms)
 GET /api/demo/runs/prj_09047604e591d969/clusters 200 in 53ms (next.js: 16ms, proxy.ts: 6ms, application-code: 31ms)
 GET /api/demo/runs/prj_09047604e591d969/leaf-scores 404 in 54ms (next.js: 27ms, proxy.ts: 6ms, application-code: 22ms)
 GET /api/demo/runs/prj_09047604e591d969/repair-iterations 200 in 58ms (next.js: 40ms, proxy.ts: 6ms, application-code: 12ms)
 GET /api/demo/runs/prj_09047604e591d969/runpod-status 200 in 25ms (next.js: 12ms, proxy.ts: 4ms, application-code: 9ms)
 GET /api/demo/runs/prj_09047604e591d969/reports 200 in 20ms (next.js: 8ms, proxy.ts: 3ms, application-code: 9ms)
 GET /api/demo/runs/prj_09047604e591d969/reports 200 in 16ms (next.js: 4ms, proxy.ts: 3ms, application-code: 10ms)
 GET /api/demo/runs/prj_09047604e591d969/reports 200 in 22ms (next.js: 10ms, proxy.ts: 2ms, application-code: 10ms)
 GET /api/demo/runs/prj_09047604e591d969/reports 200 in 17ms (next.js: 8ms, proxy.ts: 3ms, application-code: 6ms)
 GET /api/demo/runs/prj_09047604e591d969/reports 200 in 23ms (next.js: 10ms, proxy.ts: 4ms, application-code: 10ms)
 GET /api/demo/runs/prj_09047604e591d969/runpod-status 200 in 61ms (next.js: 16ms, proxy.ts: 7ms, application-code: 39ms)
 GET /api/demo/runs/prj_09047604e591d969/leaf-scores 404 in 69ms (next.js: 36ms, proxy.ts: 7ms, application-code: 27ms)
 GET /api/demo/runs/prj_09047604e591d969/repair-iterations 200 in 71ms (next.js: 46ms, proxy.ts: 7ms, application-code: 18ms)
 GET /api/demo/runs/prj_09047604e591d969/clusters 200 in 75ms (next.js: 24ms, proxy.ts: 7ms, application-code: 44ms)
 GET /api/demo/runs/prj_09047604e591d969/reports 200 in 20ms (next.js: 9ms, proxy.ts: 2ms, application-code: 8ms)
 GET /api/demo/runs/prj_09047604e591d969/reports 200 in 18ms (next.js: 11ms, proxy.ts: 2ms, application-code: 5ms)
 GET /api/demo/runs/prj_09047604e591d969/reports 200 in 20ms (next.js: 7ms, proxy.ts: 4ms, application-code: 9ms)
 GET /api/demo/runs/prj_09047604e591d969/reports 200 in 20ms (next.js: 11ms, proxy.ts: 3ms, application-code: 6ms)
 GET /api/demo/runs/prj_09047604e591d969/reports 200 in 19ms (next.js: 10ms, proxy.ts: 3ms, application-code: 6ms)
 GET /api/demo/runs/prj_09047604e591d969/reports 200 in 20ms (next.js: 13ms, proxy.ts: 2ms, application-code: 4ms)
 GET /api/demo/runs/prj_09047604e591d969/reports 200 in 21ms (next.js: 10ms, proxy.ts: 3ms, application-code: 8ms)
 GET /api/demo/runs/prj_09047604e591d969/reports 200 in 23ms (next.js: 12ms, proxy.ts: 3ms, application-code: 9ms)
 GET /api/demo/runs/prj_09047604e591d969/reports 200 in 23ms (next.js: 9ms, proxy.ts: 4ms, application-code: 10ms)
 GET /api/demo/runs/prj_09047604e591d969/reports 200 in 24ms (next.js: 12ms, proxy.ts: 4ms, application-code: 9ms)
 GET /api/demo/runs/prj_09047604e591d969/runpod-status 200 in 37ms (next.js: 24ms, proxy.ts: 3ms, application-code: 9ms)
 GET /api/demo/runs/prj_09047604e591d969/runpod-status 200 in 24ms (next.js: 11ms, proxy.ts: 4ms, application-code: 9ms)
 GET /api/demo/runs/prj_09047604e591d969/reports 200 in 23ms (next.js: 11ms, proxy.ts: 5ms, application-code: 7ms)
 GET /api/demo/runs/prj_09047604e591d969/reports 200 in 15ms (next.js: 4ms, proxy.ts: 3ms, application-code: 8ms)
 GET /api/demo/runs/prj_09047604e591d969/reports 200 in 15ms (next.js: 7ms, proxy.ts: 2ms, application-code: 6ms)
 GET /api/demo/runs/prj_09047604e591d969/reports 200 in 23ms (next.js: 11ms, proxy.ts: 3ms, application-code: 9ms)
 GET /api/demo/runs/prj_09047604e591d969/reports 200 in 26ms (next.js: 13ms, proxy.ts: 4ms, application-code: 9ms)
 GET /api/demo/runs/prj_09047604e591d969/runpod-status 200 in 34ms (next.js: 18ms, proxy.ts: 5ms, application-code: 11ms)
 GET /api/demo/runs/prj_09047604e591d969/runpod-status 200 in 42ms (next.js: 27ms, proxy.ts: 4ms, application-code: 10ms)
 GET /api/demo/runs/prj_09047604e591d969/reports 200 in 35ms (next.js: 14ms, proxy.ts: 11ms, application-code: 9ms)
 GET /api/demo/runs/prj_09047604e591d969/reports 200 in 16ms (next.js: 4ms, proxy.ts: 3ms, application-code: 9ms)
 GET /api/demo/runs/prj_09047604e591d969/reports 200 in 16ms (next.js: 4ms, proxy.ts: 3ms, application-code: 8ms)
 GET /api/demo/runs/prj_09047604e591d969/reports 200 in 23ms (next.js: 11ms, proxy.ts: 3ms, application-code: 8ms)
 GET /api/demo/runs/prj_09047604e591d969/reports 200 in 15ms (next.js: 5ms, proxy.ts: 3ms, application-code: 8ms)
 GET /api/demo/runs/prj_09047604e591d969/runpod-status 200 in 24ms (next.js: 11ms, proxy.ts: 3ms, application-code: 10ms)
 GET /api/demo/runs/prj_09047604e591d969/reports 200 in 24ms (next.js: 10ms, proxy.ts: 6ms, application-code: 8ms)
 GET /api/demo/runs/prj_09047604e591d969/reports 200 in 17ms (next.js: 4ms, proxy.ts: 3ms, application-code: 10ms)
 GET /api/demo/runs/prj_09047604e591d969/runpod-status 200 in 24ms (next.js: 12ms, proxy.ts: 3ms, application-code: 9ms)
 GET /api/demo/runs/prj_09047604e591d969/reports 200 in 29ms (next.js: 11ms, proxy.ts: 3ms, application-code: 14ms)
 GET /api/demo/runs/prj_09047604e591d969/reports 200 in 16ms (next.js: 5ms, proxy.ts: 4ms, application-code: 8ms)
 GET /api/demo/runs/prj_09047604e591d969/reports 200 in 23ms (next.js: 12ms, proxy.ts: 3ms, application-code: 9ms)
 GET /api/demo/runs/prj_09047604e591d969/reports 200 in 23ms (next.js: 11ms, proxy.ts: 3ms, application-code: 9ms)
 GET /api/demo/runs/prj_09047604e591d969/reports 200 in 17ms (next.js: 5ms, proxy.ts: 3ms, application-code: 9ms)
 GET /api/demo/runs/prj_09047604e591d969/reports 200 in 17ms (next.js: 8ms, proxy.ts: 3ms, application-code: 7ms)
 GET /api/demo/runs/prj_09047604e591d969/runpod-status 200 in 22ms (next.js: 11ms, proxy.ts: 4ms, application-code: 7ms)
 GET /api/demo/runs/prj_09047604e591d969/reports 200 in 25ms (next.js: 13ms, proxy.ts: 3ms, application-code: 9ms)
 GET /api/demo/runs/prj_09047604e591d969/reports 200 in 24ms (next.js: 10ms, proxy.ts: 3ms, application-code: 11ms)
 GET /api/demo/runs/prj_09047604e591d969/reports 200 in 23ms (next.js: 11ms, proxy.ts: 3ms, application-code: 9ms)
 GET /api/demo/runs/prj_09047604e591d969/runpod-status 200 in 17ms (next.js: 7ms, proxy.ts: 2ms, application-code: 7ms)
 GET /api/demo/runs/prj_09047604e591d969/reports 200 in 21ms (next.js: 10ms, proxy.ts: 3ms, application-code: 7ms)
 GET /api/demo/runs/prj_09047604e591d969/reports 200 in 14ms (next.js: 4ms, proxy.ts: 3ms, application-code: 7ms)
 GET /api/demo/runs/prj_09047604e591d969/runpod-status 200 in 22ms (next.js: 11ms, proxy.ts: 3ms, application-code: 9ms)
 GET /api/demo/runs/prj_09047604e591d969/reports 200 in 25ms (next.js: 11ms, proxy.ts: 4ms, application-code: 9ms)
 GET /api/demo/runs/prj_09047604e591d969/reports 200 in 17ms (next.js: 4ms, proxy.ts: 4ms, application-code: 9ms)
 GET /api/demo/runs/prj_09047604e591d969/reports 200 in 23ms (next.js: 11ms, proxy.ts: 3ms, application-code: 9ms)
 GET /api/demo/runs/prj_09047604e591d969/reports 200 in 23ms (next.js: 11ms, proxy.ts: 3ms, application-code: 10ms)
 GET /api/demo/runs/prj_09047604e591d969/reports 200 in 17ms (next.js: 8ms, proxy.ts: 3ms, application-code: 6ms)
 GET /api/demo/runs/prj_09047604e591d969/reports 200 in 15ms (next.js: 4ms, proxy.ts: 3ms, application-code: 9ms)
 GET /api/demo/runs/prj_09047604e591d969/runpod-status 200 in 22ms (next.js: 11ms, proxy.ts: 3ms, application-code: 8ms)
 GET /api/demo/runs/prj_09047604e591d969/reports 200 in 20ms (next.js: 9ms, proxy.ts: 3ms, application-code: 7ms)
 GET /lab?projectId=prj_09047604e591d969 200 in 86ms (next.js: 3ms, application-code: 82ms)
 GET /api/demo/events?projectId=prj_09047604e591d969 200 in 6.8min (next.js: 335ms, proxy.ts: 43ms, application-code: 6.8min)
 GET /api/demo/runs/prj_09047604e591d969/runpod-status 200 in 84ms (next.js: 29ms, proxy.ts: 9ms, application-code: 46ms)
 GET /api/demo/runs/prj_09047604e591d969/clusters 200 in 84ms (next.js: 38ms, proxy.ts: 13ms, application-code: 32ms)
 GET /api/demo/runs/prj_09047604e591d969/leaf-scores 404 in 86ms (next.js: 51ms, proxy.ts: 13ms, application-code: 21ms)
 GET /api/demo/runs/prj_09047604e591d969/repair-iterations 200 in 104ms (next.js: 60ms, proxy.ts: 13ms, application-code: 31ms)
 GET /api/demo/runs/prj_09047604e591d969/reports 200 in 105ms (next.js: 80ms, proxy.ts: 12ms, application-code: 14ms)
 GET /api/demo/runs/prj_09047604e591d969/reports 200 in 34ms (next.js: 12ms, proxy.ts: 6ms, application-code: 16ms)
 GET /api/demo/runs/prj_09047604e591d969/reports 200 in 36ms (next.js: 18ms, proxy.ts: 6ms, application-code: 12ms)
 GET /api/demo/runs/prj_09047604e591d969/reports 200 in 18ms (next.js: 4ms, proxy.ts: 3ms, application-code: 11ms)
 GET /api/demo/runs/prj_09047604e591d969/runpod-status 200 in 24ms (next.js: 10ms, proxy.ts: 2ms, application-code: 12ms)
 GET /api/demo/runs/prj_09047604e591d969/reports 200 in 22ms (next.js: 11ms, proxy.ts: 3ms, application-code: 8ms)
 GET /api/demo/runs/prj_09047604e591d969/reports 200 in 17ms (next.js: 5ms, proxy.ts: 3ms, application-code: 9ms)
 GET /api/demo/runs/prj_09047604e591d969/reports 200 in 15ms (next.js: 5ms, proxy.ts: 3ms, application-code: 8ms)
 GET /api/demo/runs/prj_09047604e591d969/reports 200 in 23ms (next.js: 10ms, proxy.ts: 3ms, application-code: 10ms)
 GET /api/demo/runs/prj_09047604e591d969/reports 200 in 17ms (next.js: 7ms, proxy.ts: 1902µs, application-code: 8ms)
 GET /api/demo/runs/prj_09047604e591d969/clusters 200 in 51ms (next.js: 14ms, proxy.ts: 6ms, application-code: 31ms)
 GET /api/demo/runs/prj_09047604e591d969/leaf-scores 404 in 55ms (next.js: 25ms, proxy.ts: 5ms, application-code: 24ms)
 GET /api/demo/runs/prj_09047604e591d969/repair-iterations 200 in 57ms (next.js: 38ms, proxy.ts: 5ms, application-code: 13ms)
 GET /api/demo/runs/prj_09047604e591d969/reports 200 in 24ms (next.js: 11ms, proxy.ts: 4ms, application-code: 10ms)
 GET /api/demo/runs/prj_09047604e591d969/reports 200 in 25ms (next.js: 11ms, proxy.ts: 4ms, application-code: 10ms)
 GET /api/demo/runs/prj_09047604e591d969/reports 200 in 16ms (next.js: 4ms, proxy.ts: 3ms, application-code: 9ms)
 GET /api/demo/runs/prj_09047604e591d969/reports 200 in 20ms (next.js: 11ms, proxy.ts: 3ms, application-code: 6ms)
 GET /api/demo/runs/prj_09047604e591d969/runpod-status 200 in 23ms (next.js: 11ms, proxy.ts: 3ms, application-code: 9ms)
 GET /api/demo/runs/prj_09047604e591d969/reports 200 in 27ms (next.js: 12ms, proxy.ts: 4ms, application-code: 10ms)
 GET /api/demo/runs/prj_09047604e591d969/reports 200 in 28ms (next.js: 17ms, proxy.ts: 4ms, application-code: 6ms)
 GET /api/demo/runs/prj_09047604e591d969/runpod-status 200 in 26ms (next.js: 12ms, proxy.ts: 4ms, application-code: 10ms)
 GET /api/demo/runs/prj_09047604e591d969/clusters 200 in 49ms (next.js: 15ms, proxy.ts: 5ms, application-code: 29ms)
 GET /api/demo/runs/prj_09047604e591d969/leaf-scores 404 in 50ms (next.js: 25ms, proxy.ts: 5ms, application-code: 20ms)
 GET /api/demo/runs/prj_09047604e591d969/repair-iterations 200 in 54ms (next.js: 37ms, proxy.ts: 5ms, application-code: 12ms)
 GET /api/demo/runs/prj_09047604e591d969/reports 200 in 23ms (next.js: 12ms, proxy.ts: 4ms, application-code: 7ms)
 GET /api/demo/runs/prj_09047604e591d969/reports 200 in 26ms (next.js: 12ms, proxy.ts: 4ms, application-code: 9ms)
 GET /api/demo/runs/prj_09047604e591d969/reports 200 in 27ms (next.js: 16ms, proxy.ts: 4ms, application-code: 7ms)
 GET /api/demo/runs/prj_09047604e591d969/runpod-status 200 in 21ms (next.js: 8ms, proxy.ts: 2ms, application-code: 10ms)
 GET /api/demo/runs/prj_09047604e591d969/reports 200 in 24ms (next.js: 14ms, proxy.ts: 3ms, application-code: 7ms)
 GET /api/demo/runs/prj_09047604e591d969/reports 200 in 42ms (next.js: 19ms, proxy.ts: 9ms, application-code: 14ms)
 GET /api/demo/runs/prj_09047604e591d969/reports 200 in 47ms (next.js: 25ms, proxy.ts: 8ms, application-code: 14ms)
 GET /api/demo/runs/prj_09047604e591d969/reports 200 in 46ms (next.js: 30ms, proxy.ts: 8ms, application-code: 9ms)
 GET /api/demo/runs/prj_09047604e591d969/reports 200 in 18ms (next.js: 8ms, proxy.ts: 3ms, application-code: 7ms)
 GET /api/demo/runs/prj_09047604e591d969/reports 200 in 18ms (next.js: 10ms, proxy.ts: 3ms, application-code: 5ms)
 GET /api/demo/runs/prj_09047604e591d969/reports 200 in 20ms (next.js: 8ms, proxy.ts: 4ms, application-code: 8ms)
 GET /api/demo/runs/prj_09047604e591d969/reports 200 in 21ms (next.js: 12ms, proxy.ts: 3ms, application-code: 6ms)
 GET /api/demo/runs/prj_09047604e591d969/reports 200 in 15ms (next.js: 4ms, proxy.ts: 3ms, application-code: 8ms)
 GET /api/demo/runs/prj_09047604e591d969/reports 200 in 16ms (next.js: 7ms, proxy.ts: 2ms, application-code: 7ms)
 GET /api/demo/runs/prj_09047604e591d969/runpod-status 200 in 17ms (next.js: 7ms, proxy.ts: 2ms, application-code: 7ms)
 GET /api/demo/runs/prj_09047604e591d969/reports 200 in 38ms (next.js: 15ms, proxy.ts: 6ms, application-code: 17ms)
 GET /api/demo/runs/prj_09047604e591d969/reports 200 in 45ms (next.js: 20ms, proxy.ts: 6ms, application-code: 20ms)
 GET /api/demo/runs/prj_09047604e591d969/reports 200 in 50ms (next.js: 24ms, proxy.ts: 6ms, application-code: 20ms)
 GET /api/demo/runs/prj_09047604e591d969/reports 200 in 50ms (next.js: 32ms, proxy.ts: 5ms, application-code: 13ms)
 GET /api/demo/runs/prj_09047604e591d969/runpod-status 200 in 19ms (next.js: 9ms, proxy.ts: 2ms, application-code: 7ms)
 GET /api/demo/runs/prj_09047604e591d969/reports 200 in 21ms (next.js: 10ms, proxy.ts: 3ms, application-code: 9ms)
 GET /api/demo/runs/prj_09047604e591d969/reports 200 in 15ms (next.js: 5ms, proxy.ts: 4ms, application-code: 7ms)
 GET /api/demo/runs/prj_09047604e591d969/reports 200 in 16ms (next.js: 6ms, proxy.ts: 4ms, application-code: 6ms)
 GET /api/demo/runs/prj_09047604e591d969/reports 200 in 15ms (next.js: 7ms, proxy.ts: 1983µs, application-code: 6ms)
 GET /api/demo/runs/prj_09047604e591d969/runpod-status 200 in 16ms (next.js: 7ms, proxy.ts: 2ms, application-code: 7ms)
 GET /api/demo/runs/prj_09047604e591d969/reports 200 in 18ms (next.js: 9ms, proxy.ts: 3ms, application-code: 7ms)
 GET /api/demo/runs/prj_09047604e591d969/reports 200 in 21ms (next.js: 12ms, proxy.ts: 3ms, application-code: 7ms)
 GET /api/demo/runs/prj_09047604e591d969/reports 200 in 16ms (next.js: 8ms, proxy.ts: 2ms, application-code: 6ms)
 GET /api/demo/runs/prj_09047604e591d969/reports 200 in 14ms (next.js: 7ms, proxy.ts: 1822µs, application-code: 6ms)
 GET /api/demo/runs/prj_09047604e591d969/reports 200 in 16ms (next.js: 9ms, proxy.ts: 1975µs, application-code: 5ms)
 GET /api/demo/runs/prj_09047604e591d969/reports 200 in 15ms (next.js: 8ms, proxy.ts: 1922µs, application-code: 5ms)
 GET /api/demo/runs/prj_09047604e591d969/reports 200 in 19ms (next.js: 10ms, proxy.ts: 2ms, application-code: 6ms)
 GET /api/demo/runs/prj_09047604e591d969/reports 200 in 23ms (next.js: 11ms, proxy.ts: 3ms, application-code: 9ms)
 GET /api/demo/runs/prj_09047604e591d969/reports 200 in 15ms (next.js: 4ms, proxy.ts: 3ms, application-code: 8ms)
 GET /api/demo/runs/prj_09047604e591d969/reports 200 in 23ms (next.js: 10ms, proxy.ts: 4ms, application-code: 10ms)
 GET /api/demo/runs/prj_09047604e591d969/reports 200 in 22ms (next.js: 11ms, proxy.ts: 3ms, application-code: 8ms)
 GET /api/demo/runs/prj_09047604e591d969/runpod-status 200 in 23ms (next.js: 11ms, proxy.ts: 3ms, application-code: 10ms)
 GET /api/demo/runs/prj_09047604e591d969/reports 200 in 24ms (next.js: 12ms, proxy.ts: 3ms, application-code: 9ms)
 GET /api/demo/runs/prj_09047604e591d969/reports 200 in 16ms (next.js: 8ms, proxy.ts: 2ms, application-code: 6ms)
 GET /api/demo/runs/prj_09047604e591d969/reports 200 in 23ms (next.js: 12ms, proxy.ts: 3ms, application-code: 8ms)
 GET /api/demo/runs/prj_09047604e591d969/runpod-status 200 in 24ms (next.js: 12ms, proxy.ts: 3ms, application-code: 9ms)
 GET /api/demo/runs/prj_09047604e591d969/reports 200 in 16ms (next.js: 5ms, proxy.ts: 3ms, application-code: 8ms)
 GET /api/demo/runs/prj_09047604e591d969/reports 200 in 14ms (next.js: 5ms, proxy.ts: 3ms, application-code: 5ms)
 GET /api/demo/runs/prj_09047604e591d969/reports 200 in 22ms (next.js: 11ms, proxy.ts: 3ms, application-code: 8ms)
 GET /api/demo/runs/prj_09047604e591d969/reports 200 in 21ms (next.js: 11ms, proxy.ts: 3ms, application-code: 8ms)
 GET /api/demo/runs/prj_09047604e591d969/reports 200 in 20ms (next.js: 9ms, proxy.ts: 1763µs, application-code: 9ms)
 GET /api/demo/runs/prj_09047604e591d969/reports 200 in 13ms (next.js: 3ms, proxy.ts: 2ms, application-code: 8ms)
 GET /api/demo/runs/prj_09047604e591d969/reports 200 in 26ms (next.js: 9ms, proxy.ts: 5ms, application-code: 12ms)
 GET /api/demo/runs/prj_09047604e591d969/reports 200 in 28ms (next.js: 12ms, proxy.ts: 3ms, application-code: 13ms)
 GET /api/demo/runs/prj_09047604e591d969/runpod-status 200 in 31ms (next.js: 14ms, proxy.ts: 6ms, application-code: 11ms)
 GET /api/demo/runs/prj_09047604e591d969/runpod-status 200 in 31ms (next.js: 19ms, proxy.ts: 5ms, application-code: 7ms)
 GET /api/demo/runs/prj_09047604e591d969/reports 200 in 23ms (next.js: 10ms, proxy.ts: 3ms, application-code: 9ms)
 GET /api/demo/runs/prj_09047604e591d969/runpod-status 200 in 25ms (next.js: 11ms, proxy.ts: 3ms, application-code: 11ms)
 GET /api/demo/runs/prj_09047604e591d969/reports 200 in 25ms (next.js: 11ms, proxy.ts: 6ms, application-code: 8ms)
 GET /api/demo/runs/prj_09047604e591d969/reports 200 in 14ms (next.js: 3ms, proxy.ts: 3ms, application-code: 8ms)
 GET /api/demo/runs/prj_09047604e591d969/reports 200 in 24ms (next.js: 11ms, proxy.ts: 3ms, application-code: 10ms)
 GET /api/demo/runs/prj_09047604e591d969/runpod-status 200 in 27ms (next.js: 14ms, proxy.ts: 3ms, application-code: 10ms)
 GET /api/demo/runs/prj_09047604e591d969/reports 200 in 24ms (next.js: 11ms, proxy.ts: 3ms, application-code: 10ms)
 GET /api/demo/runs/prj_09047604e591d969/reports 200 in 26ms (next.js: 5ms, proxy.ts: 10ms, application-code: 12ms)
 GET /api/demo/runs/prj_09047604e591d969/reports 200 in 23ms (next.js: 11ms, proxy.ts: 3ms, application-code: 9ms)
 GET /api/demo/runs/prj_09047604e591d969/reports 200 in 23ms (next.js: 10ms, proxy.ts: 2ms, application-code: 10ms)
 GET /api/demo/runs/prj_09047604e591d969/reports 200 in 21ms (next.js: 9ms, proxy.ts: 3ms, application-code: 9ms)
 GET /api/demo/runs/prj_09047604e591d969/reports 200 in 23ms (next.js: 12ms, proxy.ts: 2ms, application-code: 9ms)
 GET /api/demo/runs/prj_09047604e591d969/reports 200 in 19ms (next.js: 10ms, proxy.ts: 3ms, application-code: 6ms)
 GET /api/demo/runs/prj_09047604e591d969/reports 200 in 16ms (next.js: 4ms, proxy.ts: 4ms, application-code: 9ms)
 GET /api/demo/runs/prj_09047604e591d969/reports 200 in 20ms (next.js: 10ms, proxy.ts: 3ms, application-code: 7ms)
 GET /api/demo/runs/prj_09047604e591d969/reports 200 in 25ms (next.js: 12ms, proxy.ts: 3ms, application-code: 9ms)
 GET /api/demo/runs/prj_09047604e591d969/reports 200 in 13ms (next.js: 4ms, proxy.ts: 3ms, application-code: 7ms)
 GET /api/demo/runs/prj_09047604e591d969/runpod-status 200 in 21ms (next.js: 8ms, proxy.ts: 3ms, application-code: 10ms)
 GET /api/demo/runs/prj_09047604e591d969/reports 200 in 27ms (next.js: 16ms, proxy.ts: 3ms, application-code: 9ms)
 GET /api/demo/runs/prj_09047604e591d969/reports 200 in 17ms (next.js: 5ms, proxy.ts: 3ms, application-code: 9ms)
 GET /api/demo/runs/prj_09047604e591d969/runpod-status 200 in 25ms (next.js: 12ms, proxy.ts: 3ms, application-code: 10ms)
 GET /api/demo/runs/prj_09047604e591d969/reports 200 in 18ms (next.js: 9ms, proxy.ts: 2ms, application-code: 6ms)
 GET /api/demo/runs/prj_09047604e591d969/reports 200 in 15ms (next.js: 4ms, proxy.ts: 3ms, application-code: 9ms)
 GET /api/demo/runs/prj_09047604e591d969/reports 200 in 18ms (next.js: 8ms, proxy.ts: 1830µs, application-code: 8ms)
 GET /api/demo/runs/prj_09047604e591d969/reports 200 in 14ms (next.js: 2ms, proxy.ts: 1752µs, application-code: 10ms)
 GET /api/demo/runs/prj_09047604e591d969/reports 200 in 22ms (next.js: 11ms, proxy.ts: 3ms, application-code: 8ms)
 GET /api/demo/runs/prj_09047604e591d969/reports 200 in 20ms (next.js: 11ms, proxy.ts: 3ms, application-code: 6ms)
 GET /api/demo/runs/prj_09047604e591d969/reports 200 in 15ms (next.js: 4ms, proxy.ts: 3ms, application-code: 8ms)
 GET /api/demo/runs/prj_09047604e591d969/reports 200 in 22ms (next.js: 11ms, proxy.ts: 3ms, application-code: 9ms)
 GET /api/demo/runs/prj_09047604e591d969/reports 200 in 17ms (next.js: 7ms, proxy.ts: 3ms, application-code: 7ms)
 GET /api/demo/runs/prj_09047604e591d969/runpod-status 200 in 22ms (next.js: 10ms, proxy.ts: 3ms, application-code: 9ms)
 GET /api/demo/runs/prj_09047604e591d969/reports 200 in 24ms (next.js: 10ms, proxy.ts: 3ms, application-code: 12ms)
 GET /api/demo/runs/prj_09047604e591d969/reports 200 in 17ms (next.js: 5ms, proxy.ts: 3ms, application-code: 9ms)
 GET /api/demo/runs/prj_09047604e591d969/reports 200 in 22ms (next.js: 11ms, proxy.ts: 3ms, application-code: 9ms)
 GET /api/demo/runs/prj_09047604e591d969/runpod-status 200 in 22ms (next.js: 10ms, proxy.ts: 3ms, application-code: 10ms)
 GET /api/demo/runs/prj_09047604e591d969/reports 200 in 23ms (next.js: 11ms, proxy.ts: 3ms, application-code: 9ms)
 GET /api/demo/runs/prj_09047604e591d969/reports 200 in 23ms (next.js: 11ms, proxy.ts: 3ms, application-code: 9ms)
 GET /api/demo/runs/prj_09047604e591d969/reports 200 in 24ms (next.js: 12ms, proxy.ts: 3ms, application-code: 9ms)
 GET /api/demo/runs/prj_09047604e591d969/reports 200 in 14ms (next.js: 4ms, proxy.ts: 3ms, application-code: 7ms)
 GET /api/demo/runs/prj_09047604e591d969/reports 200 in 16ms (next.js: 5ms, proxy.ts: 3ms, application-code: 8ms)
 GET /api/demo/runs/prj_09047604e591d969/reports 200 in 23ms (next.js: 11ms, proxy.ts: 3ms, application-code: 9ms)
 GET /api/demo/runs/prj_09047604e591d969/reports 200 in 16ms (next.js: 4ms, proxy.ts: 3ms, application-code: 9ms)
 GET /api/demo/runs/prj_09047604e591d969/reports 200 in 17ms (next.js: 7ms, proxy.ts: 2ms, application-code: 8ms)
 GET /api/demo/runs/prj_09047604e591d969/runpod-status 200 in 22ms (next.js: 11ms, proxy.ts: 3ms, application-code: 8ms)
 GET /api/demo/runs/prj_09047604e591d969/reports 200 in 24ms (next.js: 10ms, proxy.ts: 3ms, application-code: 11ms)
 GET /api/demo/runs/prj_09047604e591d969/reports 200 in 18ms (next.js: 6ms, proxy.ts: 4ms, application-code: 7ms)
 GET /api/demo/runs/prj_09047604e591d969/runpod-status 200 in 23ms (next.js: 11ms, proxy.ts: 3ms, application-code: 9ms)
 GET /api/demo/runs/prj_09047604e591d969/reports 200 in 22ms (next.js: 11ms, proxy.ts: 3ms, application-code: 9ms)
 GET /api/demo/runs/prj_09047604e591d969/reports 200 in 18ms (next.js: 3ms, proxy.ts: 3ms, application-code: 11ms)
 GET /api/demo/runs/prj_09047604e591d969/reports 200 in 19ms (next.js: 4ms, proxy.ts: 3ms, application-code: 12ms)
 GET /api/demo/runs/prj_09047604e591d969/reports 200 in 23ms (next.js: 14ms, proxy.ts: 3ms, application-code: 6ms)
 GET /api/demo/runs/prj_09047604e591d969/reports 200 in 22ms (next.js: 9ms, proxy.ts: 2ms, application-code: 11ms)
 GET /api/demo/runs/prj_09047604e591d969/reports 200 in 23ms (next.js: 11ms, proxy.ts: 3ms, application-code: 9ms)
 GET /api/demo/runs/prj_09047604e591d969/reports 200 in 22ms (next.js: 10ms, proxy.ts: 3ms, application-code: 10ms)
 GET /api/demo/runs/prj_09047604e591d969/reports 200 in 13ms (next.js: 3ms, proxy.ts: 3ms, application-code: 8ms)
 GET /api/demo/runs/prj_09047604e591d969/reports 200 in 22ms (next.js: 11ms, proxy.ts: 3ms, application-code: 8ms)
 GET /api/demo/runs/prj_09047604e591d969/runpod-status 200 in 21ms (next.js: 11ms, proxy.ts: 4ms, application-code: 6ms)
 GET /api/demo/runs/prj_09047604e591d969/reports 200 in 23ms (next.js: 11ms, proxy.ts: 4ms, application-code: 9ms)
 GET /api/demo/runs/prj_09047604e591d969/reports 200 in 15ms (next.js: 5ms, proxy.ts: 3ms, application-code: 7ms)
 GET /api/demo/runs/prj_09047604e591d969/runpod-status 200 in 23ms (next.js: 10ms, proxy.ts: 3ms, application-code: 9ms)
 GET /api/demo/runs/prj_09047604e591d969/reports 200 in 20ms (next.js: 10ms, proxy.ts: 2ms, application-code: 8ms)
 GET /api/demo/runs/prj_09047604e591d969/reports 200 in 13ms (next.js: 4ms, proxy.ts: 3ms, application-code: 7ms)
 GET /api/demo/runs/prj_09047604e591d969/reports 200 in 10ms (next.js: 3ms, proxy.ts: 3ms, application-code: 5ms)
 GET /api/demo/runs/prj_09047604e591d969/reports 200 in 16ms (next.js: 8ms, proxy.ts: 1954µs, application-code: 6ms)
 GET /api/demo/runs/prj_09047604e591d969/reports 200 in 19ms (next.js: 9ms, proxy.ts: 3ms, application-code: 7ms)
 GET /api/demo/runs/prj_09047604e591d969/reports 200 in 21ms (next.js: 10ms, proxy.ts: 3ms, application-code: 8ms)
 GET /api/demo/runs/prj_09047604e591d969/reports 200 in 23ms (next.js: 10ms, proxy.ts: 4ms, application-code: 9ms)
 GET /api/demo/runs/prj_09047604e591d969/reports 200 in 22ms (next.js: 10ms, proxy.ts: 3ms, application-code: 9ms)
 GET /api/demo/runs/prj_09047604e591d969/reports 200 in 20ms (next.js: 10ms, proxy.ts: 3ms, application-code: 7ms)
 GET /api/demo/runs/prj_09047604e591d969/reports 200 in 12ms (next.js: 3ms, proxy.ts: 3ms, application-code: 7ms)
 GET /api/demo/runs/prj_09047604e591d969/reports 200 in 23ms (next.js: 9ms, proxy.ts: 4ms, application-code: 10ms)
 GET /api/demo/runs/prj_09047604e591d969/runpod-status 200 in 26ms (next.js: 11ms, proxy.ts: 4ms, application-code: 12ms)
 GET /api/demo/runs/prj_09047604e591d969/reports 200 in 20ms (next.js: 9ms, proxy.ts: 2ms, application-code: 8ms)
 GET /api/demo/runs/prj_09047604e591d969/reports 200 in 16ms (next.js: 5ms, proxy.ts: 2ms, application-code: 8ms)
 GET /api/demo/runs/prj_09047604e591d969/runpod-status 200 in 26ms (next.js: 11ms, proxy.ts: 3ms, application-code: 12ms)
 GET /api/demo/runs/prj_09047604e591d969/reports 200 in 22ms (next.js: 10ms, proxy.ts: 3ms, application-code: 9ms)
 GET /api/demo/runs/prj_09047604e591d969/reports 200 in 16ms (next.js: 4ms, proxy.ts: 3ms, application-code: 9ms)
 GET /api/demo/runs/prj_09047604e591d969/reports 200 in 15ms (next.js: 4ms, proxy.ts: 3ms, application-code: 8ms)
 GET /api/demo/runs/prj_09047604e591d969/reports 200 in 17ms (next.js: 7ms, proxy.ts: 2ms, application-code: 7ms)
 GET /api/demo/runs/prj_09047604e591d969/reports 200 in 20ms (next.js: 9ms, proxy.ts: 3ms, application-code: 8ms)
 GET /api/demo/runs/prj_09047604e591d969/reports 200 in 23ms (next.js: 12ms, proxy.ts: 3ms, application-code: 8ms)
 GET /api/demo/runs/prj_09047604e591d969/reports 200 in 33ms (next.js: 9ms, proxy.ts: 8ms, application-code: 15ms)
 GET /api/demo/runs/prj_09047604e591d969/reports 200 in 32ms (next.js: 12ms, proxy.ts: 5ms, application-code: 16ms)
 GET /api/demo/runs/prj_09047604e591d969/reports 200 in 24ms (next.js: 5ms, proxy.ts: 5ms, application-code: 13ms)
 GET /api/demo/runs/prj_09047604e591d969/runpod-status 200 in 31ms (next.js: 14ms, proxy.ts: 5ms, application-code: 11ms)
 GET /api/demo/runs/prj_09047604e591d969/runpod-status 200 in 29ms (next.js: 18ms, proxy.ts: 3ms, application-code: 7ms)
 GET /api/demo/runs/prj_09047604e591d969/runpod-status 200 in 24ms (next.js: 12ms, proxy.ts: 3ms, application-code: 9ms)
 GET /api/demo/runs/prj_09047604e591d969/reports 200 in 18ms (next.js: 8ms, proxy.ts: 3ms, application-code: 7ms)
 GET /api/demo/runs/prj_09047604e591d969/reports 200 in 21ms (next.js: 9ms, proxy.ts: 3ms, application-code: 10ms)
 GET /api/demo/runs/prj_09047604e591d969/runpod-status 200 in 40ms (next.js: 15ms, proxy.ts: 4ms, application-code: 21ms)
 GET /api/demo/runs/prj_09047604e591d969/reports 200 in 34ms (next.js: 10ms, proxy.ts: 11ms, application-code: 13ms)
 GET /api/demo/runs/prj_09047604e591d969/reports 200 in 12ms (next.js: 3ms, proxy.ts: 1722µs, application-code: 6ms)
 GET /api/demo/runs/prj_09047604e591d969/reports 200 in 19ms (next.js: 4ms, proxy.ts: 3ms, application-code: 12ms)
 GET /api/demo/runs/prj_09047604e591d969/reports 200 in 23ms (next.js: 11ms, proxy.ts: 3ms, application-code: 10ms)
 GET /api/demo/runs/prj_09047604e591d969/reports 200 in 13ms (next.js: 4ms, proxy.ts: 1729µs, application-code: 8ms)
 GET /api/demo/runs/prj_09047604e591d969/reports 200 in 17ms (next.js: 7ms, proxy.ts: 3ms, application-code: 7ms)
 GET /api/demo/runs/prj_09047604e591d969/reports 200 in 16ms (next.js: 4ms, proxy.ts: 4ms, application-code: 8ms)
 GET /api/demo/runs/prj_09047604e591d969/reports 200 in 21ms (next.js: 11ms, proxy.ts: 3ms, application-code: 7ms)
 GET /api/demo/runs/prj_09047604e591d969/reports 200 in 20ms (next.js: 6ms, proxy.ts: 3ms, application-code: 11ms)
 GET /api/demo/runs/prj_09047604e591d969/runpod-status 200 in 24ms (next.js: 12ms, proxy.ts: 2ms, application-code: 10ms)
 GET /api/demo/runs/prj_09047604e591d969/reports 200 in 23ms (next.js: 11ms, proxy.ts: 3ms, application-code: 10ms)
 GET /api/demo/runs/prj_09047604e591d969/reports 200 in 19ms (next.js: 9ms, proxy.ts: 4ms, application-code: 7ms)
 GET /api/demo/runs/prj_09047604e591d969/reports 200 in 22ms (next.js: 10ms, proxy.ts: 4ms, application-code: 9ms)
 GET /api/demo/runs/prj_09047604e591d969/runpod-status 200 in 22ms (next.js: 10ms, proxy.ts: 3ms, application-code: 8ms)
 GET /api/demo/runs/prj_09047604e591d969/reports 200 in 14ms (next.js: 3ms, proxy.ts: 3ms, application-code: 7ms)
 GET /api/demo/runs/prj_09047604e591d969/reports 200 in 24ms (next.js: 12ms, proxy.ts: 3ms, application-code: 9ms)
 GET /api/demo/runs/prj_09047604e591d969/reports 200 in 21ms (next.js: 10ms, proxy.ts: 3ms, application-code: 8ms)
 GET /api/demo/runs/prj_09047604e591d969/reports 200 in 12ms (next.js: 4ms, proxy.ts: 3ms, application-code: 6ms)
 GET /api/demo/runs/prj_09047604e591d969/reports 200 in 18ms (next.js: 8ms, proxy.ts: 2ms, application-code: 7ms)
 GET /api/demo/runs/prj_09047604e591d969/reports 200 in 16ms (next.js: 4ms, proxy.ts: 3ms, application-code: 10ms)
 GET /api/demo/runs/prj_09047604e591d969/reports 200 in 22ms (next.js: 5ms, proxy.ts: 4ms, application-code: 12ms)
 GET /api/demo/runs/prj_09047604e591d969/reports 200 in 30ms (next.js: 10ms, proxy.ts: 3ms, application-code: 16ms)
 GET /api/demo/runs/prj_09047604e591d969/runpod-status 200 in 26ms (next.js: 10ms, proxy.ts: 3ms, application-code: 12ms)
 GET /api/demo/runs/prj_09047604e591d969/reports 200 in 20ms (next.js: 10ms, proxy.ts: 3ms, application-code: 7ms)
 GET /api/demo/runs/prj_09047604e591d969/runpod-status 200 in 20ms (next.js: 8ms, proxy.ts: 3ms, application-code: 9ms)
 GET /api/demo/runs/prj_09047604e591d969/reports 200 in 30ms (next.js: 14ms, proxy.ts: 5ms, application-code: 11ms)
 GET /api/demo/runs/prj_09047604e591d969/reports 200 in 35ms (next.js: 18ms, proxy.ts: 4ms, application-code: 13ms)
 GET /api/demo/runs/prj_09047604e591d969/reports 200 in 14ms (next.js: 4ms, proxy.ts: 2ms, application-code: 7ms)
 GET /api/demo/runs/prj_09047604e591d969/reports 200 in 15ms (next.js: 4ms, proxy.ts: 4ms, application-code: 7ms)
 GET /api/demo/runs/prj_09047604e591d969/reports 200 in 21ms (next.js: 9ms, proxy.ts: 3ms, application-code: 10ms)
 GET /api/demo/runs/prj_09047604e591d969/reports 200 in 22ms (next.js: 11ms, proxy.ts: 3ms, application-code: 8ms)
 GET /api/demo/runs/prj_09047604e591d969/reports 200 in 22ms (next.js: 10ms, proxy.ts: 4ms, application-code: 8ms)
 GET /api/demo/runs/prj_09047604e591d969/reports 200 in 23ms (next.js: 14ms, proxy.ts: 4ms, application-code: 5ms)
 GET /api/demo/runs/prj_09047604e591d969/reports 200 in 23ms (next.js: 10ms, proxy.ts: 3ms, application-code: 10ms)
 GET /api/demo/runs/prj_09047604e591d969/reports 200 in 23ms (next.js: 12ms, proxy.ts: 4ms, application-code: 6ms)
 GET /api/demo/runs/prj_09047604e591d969/reports 200 in 24ms (next.js: 14ms, proxy.ts: 5ms, application-code: 6ms)
 GET /api/demo/runs/prj_09047604e591d969/reports 200 in 32ms (next.js: 12ms, proxy.ts: 6ms, application-code: 14ms)
 GET /api/demo/runs/prj_09047604e591d969/reports 200 in 37ms (next.js: 20ms, proxy.ts: 6ms, application-code: 11ms)
 GET /api/demo/runs/prj_09047604e591d969/reports 200 in 19ms (next.js: 4ms, proxy.ts: 3ms, application-code: 12ms)
 GET /api/demo/runs/prj_09047604e591d969/reports 200 in 22ms (next.js: 9ms, proxy.ts: 3ms, application-code: 9ms)
 GET /api/demo/runs/prj_09047604e591d969/runpod-status 200 in 16ms (next.js: 7ms, proxy.ts: 3ms, application-code: 6ms)
 GET /api/demo/runs/prj_09047604e591d969/reports 200 in 23ms (next.js: 11ms, proxy.ts: 3ms, application-code: 10ms)
 GET /api/demo/runs/prj_09047604e591d969/reports 200 in 16ms (next.js: 5ms, proxy.ts: 3ms, application-code: 8ms)
 GET /api/demo/runs/prj_09047604e591d969/runpod-status 200 in 23ms (next.js: 10ms, proxy.ts: 3ms, application-code: 9ms)
 GET /api/demo/runs/prj_09047604e591d969/reports 200 in 22ms (next.js: 10ms, proxy.ts: 2ms, application-code: 9ms)
 GET /api/demo/runs/prj_09047604e591d969/reports 200 in 12ms (next.js: 3ms, proxy.ts: 3ms, application-code: 6ms)
 GET /api/demo/runs/prj_09047604e591d969/runpod-status 200 in 24ms (next.js: 9ms, proxy.ts: 4ms, application-code: 11ms)
 GET /api/demo/runs/prj_09047604e591d969/reports 200 in 26ms (next.js: 12ms, proxy.ts: 4ms, application-code: 10ms)
 GET /api/demo/runs/prj_09047604e591d969/reports 200 in 16ms (next.js: 4ms, proxy.ts: 3ms, application-code: 8ms)
 GET /api/demo/runs/prj_09047604e591d969/reports 200 in 16ms (next.js: 7ms, proxy.ts: 3ms, application-code: 6ms)
 GET /api/demo/runs/prj_09047604e591d969/reports 200 in 22ms (next.js: 11ms, proxy.ts: 3ms, application-code: 8ms)
 GET /api/demo/runs/prj_09047604e591d969/runpod-status 200 in 22ms (next.js: 9ms, proxy.ts: 4ms, application-code: 10ms)
 GET /api/demo/runs/prj_09047604e591d969/reports 200 in 21ms (next.js: 9ms, proxy.ts: 2ms, application-code: 9ms)
 GET /api/demo/runs/prj_09047604e591d969/reports 200 in 18ms (next.js: 5ms, proxy.ts: 3ms, application-code: 10ms)
 GET /api/demo/runs/prj_09047604e591d969/reports 200 in 14ms (next.js: 3ms, proxy.ts: 4ms, application-code: 6ms)
 GET /api/demo/runs/prj_09047604e591d969/runpod-status 200 in 24ms (next.js: 11ms, proxy.ts: 3ms, application-code: 11ms)
 GET /api/demo/runs/prj_09047604e591d969/reports 200 in 32ms (next.js: 17ms, proxy.ts: 4ms, application-code: 12ms)
 GET /api/demo/runs/prj_09047604e591d969/reports 200 in 15ms (next.js: 5ms, proxy.ts: 3ms, application-code: 7ms)
 GET /api/demo/runs/prj_09047604e591d969/runpod-status 200 in 31ms (next.js: 13ms, proxy.ts: 3ms, application-code: 15ms)
 GET /api/demo/runs/prj_09047604e591d969/reports 200 in 23ms (next.js: 10ms, proxy.ts: 2ms, application-code: 10ms)
 GET /api/demo/runs/prj_09047604e591d969/reports 200 in 26ms (next.js: 8ms, proxy.ts: 5ms, application-code: 13ms)
 GET /api/demo/runs/prj_09047604e591d969/reports 200 in 18ms (next.js: 4ms, proxy.ts: 3ms, application-code: 10ms)
 GET /api/demo/runs/prj_09047604e591d969/reports 200 in 16ms (next.js: 5ms, proxy.ts: 4ms, application-code: 7ms)
 GET /api/demo/runs/prj_09047604e591d969/reports 200 in 22ms (next.js: 12ms, proxy.ts: 3ms, application-code: 6ms)
 GET /api/demo/runs/prj_09047604e591d969/reports 200 in 24ms (next.js: 11ms, proxy.ts: 3ms, application-code: 10ms)
 GET /api/demo/runs/prj_09047604e591d969/reports 200 in 21ms (next.js: 10ms, proxy.ts: 3ms, application-code: 8ms)
 GET /api/demo/runs/prj_09047604e591d969/reports 200 in 16ms (next.js: 5ms, proxy.ts: 3ms, application-code: 8ms)
 GET /api/demo/runs/prj_09047604e591d969/runpod-status 200 in 26ms (next.js: 11ms, proxy.ts: 4ms, application-code: 10ms)
 GET /api/demo/runs/prj_09047604e591d969/reports 200 in 25ms (next.js: 11ms, proxy.ts: 4ms, application-code: 10ms)
 GET /api/demo/runs/prj_09047604e591d969/reports 200 in 29ms (next.js: 15ms, proxy.ts: 4ms, application-code: 10ms)
 GET /api/demo/runs/prj_09047604e591d969/runpod-status 200 in 22ms (next.js: 10ms, proxy.ts: 2ms, application-code: 10ms)
 GET /api/demo/runs/prj_09047604e591d969/reports 200 in 25ms (next.js: 13ms, proxy.ts: 3ms, application-code: 9ms)
 GET /api/demo/runs/prj_09047604e591d969/reports 200 in 25ms (next.js: 14ms, proxy.ts: 3ms, application-code: 9ms)
 GET /api/demo/runs/prj_09047604e591d969/runpod-status 200 in 35ms (next.js: 12ms, proxy.ts: 16ms, application-code: 7ms)
 GET /api/demo/runs/prj_09047604e591d969/reports 200 in 16ms (next.js: 4ms, proxy.ts: 3ms, application-code: 9ms)
 GET /api/demo/runs/prj_09047604e591d969/reports 200 in 20ms (next.js: 5ms, proxy.ts: 4ms, application-code: 11ms)
 GET /api/demo/runs/prj_09047604e591d969/reports 200 in 26ms (next.js: 13ms, proxy.ts: 3ms, application-code: 10ms)
 GET /api/demo/runs/prj_09047604e591d969/reports 200 in 23ms (next.js: 11ms, proxy.ts: 3ms, application-code: 9ms)
 GET /api/demo/runs/prj_09047604e591d969/reports 200 in 20ms (next.js: 9ms, proxy.ts: 4ms, application-code: 6ms)
 GET /api/demo/runs/prj_09047604e591d969/reports 200 in 20ms (next.js: 9ms, proxy.ts: 3ms, application-code: 8ms)
 GET /api/demo/runs/prj_09047604e591d969/reports 200 in 23ms (next.js: 12ms, proxy.ts: 3ms, application-code: 9ms)
 GET /api/demo/runs/prj_09047604e591d969/reports 200 in 18ms (next.js: 6ms, proxy.ts: 3ms, application-code: 9ms)
 GET /api/demo/runs/prj_09047604e591d969/reports 200 in 19ms (next.js: 9ms, proxy.ts: 3ms, application-code: 7ms)
 GET /api/demo/runs/prj_09047604e591d969/runpod-status 200 in 25ms (next.js: 11ms, proxy.ts: 4ms, application-code: 9ms)
 GET /api/demo/runs/prj_09047604e591d969/runpod-status 200 in 28ms (next.js: 13ms, proxy.ts: 4ms, application-code: 10ms)
 GET /api/demo/runs/prj_09047604e591d969/reports 200 in 27ms (next.js: 12ms, proxy.ts: 7ms, application-code: 7ms)
 GET /api/demo/runs/prj_09047604e591d969/reports 200 in 28ms (next.js: 15ms, proxy.ts: 8ms, application-code: 6ms)
 GET /api/demo/runs/prj_09047604e591d969/reports 200 in 24ms (next.js: 13ms, proxy.ts: 4ms, application-code: 8ms)
 GET /api/demo/runs/prj_09047604e591d969/reports 200 in 26ms (next.js: 16ms, proxy.ts: 4ms, application-code: 6ms)
 GET /api/demo/runs/prj_09047604e591d969/runpod-status 200 in 23ms (next.js: 10ms, proxy.ts: 3ms, application-code: 10ms)
 GET /api/demo/runs/prj_09047604e591d969/reports 200 in 30ms (next.js: 14ms, proxy.ts: 5ms, application-code: 11ms)
 GET /api/demo/runs/prj_09047604e591d969/reports 200 in 31ms (next.js: 18ms, proxy.ts: 5ms, application-code: 8ms)
 GET /api/demo/runs/prj_09047604e591d969/reports 200 in 39ms (next.js: 14ms, proxy.ts: 3ms, application-code: 22ms)
 GET /api/demo/runs/prj_09047604e591d969/runpod-status 200 in 39ms (next.js: 25ms, proxy.ts: 4ms, application-code: 11ms)
 GET /api/demo/runs/prj_09047604e591d969/reports 200 in 9ms (next.js: 2ms, proxy.ts: 2ms, application-code: 5ms)
 GET /api/demo/runs/prj_09047604e591d969/reports 200 in 24ms (next.js: 8ms, proxy.ts: 4ms, application-code: 11ms)
 GET /api/demo/runs/prj_09047604e591d969/reports 200 in 26ms (next.js: 14ms, proxy.ts: 4ms, application-code: 9ms)
 GET /api/demo/runs/prj_09047604e591d969/reports 200 in 23ms (next.js: 12ms, proxy.ts: 3ms, application-code: 7ms)
 GET /api/demo/runs/prj_09047604e591d969/reports 200 in 22ms (next.js: 11ms, proxy.ts: 2ms, application-code: 8ms)
 GET /api/demo/runs/prj_09047604e591d969/reports 200 in 16ms (next.js: 4ms, proxy.ts: 2ms, application-code: 10ms)
 GET /api/demo/runs/prj_09047604e591d969/runpod-status 200 in 26ms (next.js: 11ms, proxy.ts: 3ms, application-code: 11ms)
 GET /api/demo/runs/prj_09047604e591d969/reports 200 in 22ms (next.js: 9ms, proxy.ts: 4ms, application-code: 8ms)
 GET /api/demo/runs/prj_09047604e591d969/reports 200 in 24ms (next.js: 5ms, proxy.ts: 8ms, application-code: 11ms)
 GET /api/demo/runs/prj_09047604e591d969/reports 200 in 17ms (next.js: 5ms, proxy.ts: 3ms, application-code: 9ms)
 GET /api/demo/runs/prj_09047604e591d969/reports 200 in 20ms (next.js: 9ms, proxy.ts: 3ms, application-code: 9ms)
 GET /api/demo/runs/prj_09047604e591d969/runpod-status 200 in 26ms (next.js: 14ms, proxy.ts: 4ms, application-code: 9ms)
 GET /api/demo/runs/prj_09047604e591d969/reports 200 in 51ms (next.js: 11ms, proxy.ts: 3ms, application-code: 36ms)
 GET /api/demo/runs/prj_09047604e591d969/runpod-status 200 in 24ms (next.js: 9ms, proxy.ts: 3ms, application-code: 12ms)
 GET /api/demo/runs/prj_09047604e591d969/reports 200 in 22ms (next.js: 10ms, proxy.ts: 4ms, application-code: 9ms)
 GET /api/demo/runs/prj_09047604e591d969/reports 200 in 13ms (next.js: 3ms, proxy.ts: 1909µs, application-code: 8ms)
 GET /api/demo/runs/prj_09047604e591d969/reports 200 in 14ms (next.js: 3ms, proxy.ts: 3ms, application-code: 8ms)
 GET /api/demo/runs/prj_09047604e591d969/reports 200 in 17ms (next.js: 7ms, proxy.ts: 4ms, application-code: 6ms)
 GET /api/demo/runs/prj_09047604e591d969/reports 200 in 25ms (next.js: 10ms, proxy.ts: 3ms, application-code: 12ms)
 GET /api/demo/runs/prj_09047604e591d969/reports 200 in 15ms (next.js: 4ms, proxy.ts: 3ms, application-code: 8ms)
 GET /api/demo/runs/prj_09047604e591d969/runpod-status 200 in 20ms (next.js: 7ms, proxy.ts: 3ms, application-code: 10ms)
 GET /api/demo/runs/prj_09047604e591d969/reports 200 in 25ms (next.js: 12ms, proxy.ts: 3ms, application-code: 11ms)
 GET /api/demo/runs/prj_09047604e591d969/reports 200 in 14ms (next.js: 4ms, proxy.ts: 3ms, application-code: 8ms)
 GET /api/demo/runs/prj_09047604e591d969/runpod-status 200 in 20ms (next.js: 8ms, proxy.ts: 5ms, application-code: 7ms)
 GET /api/demo/runs/prj_09047604e591d969/reports 200 in 19ms (next.js: 8ms, proxy.ts: 2ms, application-code: 8ms)
 GET /api/demo/runs/prj_09047604e591d969/reports 200 in 12ms (next.js: 3ms, proxy.ts: 2ms, application-code: 7ms)
 GET /api/demo/runs/prj_09047604e591d969/runpod-status 200 in 24ms (next.js: 11ms, proxy.ts: 3ms, application-code: 10ms)
 GET /api/demo/runs/prj_09047604e591d969/reports 200 in 22ms (next.js: 12ms, proxy.ts: 3ms, application-code: 7ms)
 GET /api/demo/runs/prj_09047604e591d969/reports 200 in 15ms (next.js: 4ms, proxy.ts: 3ms, application-code: 9ms)
 GET /api/demo/runs/prj_09047604e591d969/reports 200 in 12ms (next.js: 3ms, proxy.ts: 3ms, application-code: 7ms)
 GET /api/demo/runs/prj_09047604e591d969/reports 200 in 24ms (next.js: 11ms, proxy.ts: 3ms, application-code: 10ms)
 GET /api/demo/runs/prj_09047604e591d969/reports 200 in 22ms (next.js: 11ms, proxy.ts: 3ms, application-code: 8ms)
 GET /api/demo/runs/prj_09047604e591d969/runpod-status 200 in 27ms (next.js: 12ms, proxy.ts: 3ms, application-code: 13ms)
 GET /api/demo/runs/prj_09047604e591d969/reports 200 in 24ms (next.js: 12ms, proxy.ts: 3ms, application-code: 10ms)
 GET /api/demo/runs/prj_09047604e591d969/reports 200 in 17ms (next.js: 5ms, proxy.ts: 3ms, application-code: 9ms)
 GET /api/demo/runs/prj_09047604e591d969/reports 200 in 24ms (next.js: 11ms, proxy.ts: 3ms, application-code: 10ms)
 GET /api/demo/runs/prj_09047604e591d969/reports 200 in 21ms (next.js: 11ms, proxy.ts: 3ms, application-code: 7ms)
 GET /api/demo/runs/prj_09047604e591d969/runpod-status 200 in 23ms (next.js: 9ms, proxy.ts: 2ms, application-code: 11ms)
 GET /api/demo/runs/prj_09047604e591d969/reports 200 in 25ms (next.js: 11ms, proxy.ts: 4ms, application-code: 11ms)
 GET /api/demo/runs/prj_09047604e591d969/reports 200 in 21ms (next.js: 10ms, proxy.ts: 3ms, application-code: 8ms)
 GET /api/demo/runs/prj_09047604e591d969/runpod-status 200 in 19ms (next.js: 7ms, proxy.ts: 2ms, application-code: 10ms)
 GET /api/demo/runs/prj_09047604e591d969/reports 200 in 25ms (next.js: 12ms, proxy.ts: 3ms, application-code: 10ms)
 GET /api/demo/runs/prj_09047604e591d969/reports 200 in 15ms (next.js: 4ms, proxy.ts: 3ms, application-code: 8ms)
 GET /api/demo/runs/prj_09047604e591d969/reports 200 in 28ms (next.js: 12ms, proxy.ts: 5ms, application-code: 11ms)
 GET /api/demo/runs/prj_09047604e591d969/reports 200 in 34ms (next.js: 16ms, proxy.ts: 5ms, application-code: 13ms)
 GET /api/demo/runs/prj_09047604e591d969/runpod-status 200 in 24ms (next.js: 11ms, proxy.ts: 3ms, application-code: 10ms)
 GET /api/demo/runs/prj_09047604e591d969/reports 200 in 23ms (next.js: 10ms, proxy.ts: 4ms, application-code: 9ms)
 GET /api/demo/runs/prj_09047604e591d969/reports 200 in 14ms (next.js: 3ms, proxy.ts: 2ms, application-code: 8ms)
 GET /api/demo/runs/prj_09047604e591d969/reports 200 in 14ms (next.js: 5ms, proxy.ts: 3ms, application-code: 7ms)
 GET /api/demo/runs/prj_09047604e591d969/reports 200 in 25ms (next.js: 12ms, proxy.ts: 3ms, application-code: 9ms)
 GET /api/demo/runs/prj_09047604e591d969/runpod-status 200 in 25ms (next.js: 11ms, proxy.ts: 3ms, application-code: 12ms)
 GET /api/demo/runs/prj_09047604e591d969/reports 200 in 23ms (next.js: 12ms, proxy.ts: 2ms, application-code: 9ms)
 GET /api/demo/runs/prj_09047604e591d969/runpod-status 200 in 17ms (next.js: 8ms, proxy.ts: 2ms, application-code: 7ms)
 GET /api/demo/runs/prj_09047604e591d969/reports 200 in 21ms (next.js: 10ms, proxy.ts: 1981µs, application-code: 9ms)
 GET /api/demo/runs/prj_09047604e591d969/reports 200 in 15ms (next.js: 4ms, proxy.ts: 2ms, application-code: 9ms)
 GET /api/demo/runs/prj_09047604e591d969/reports 200 in 15ms (next.js: 3ms, proxy.ts: 3ms, application-code: 9ms)
 GET /api/demo/runs/prj_09047604e591d969/reports 200 in 19ms (next.js: 11ms, proxy.ts: 1993µs, application-code: 6ms)
 GET /api/demo/runs/prj_09047604e591d969/reports 200 in 19ms (next.js: 9ms, proxy.ts: 2ms, application-code: 8ms)
 GET /api/demo/runs/prj_09047604e591d969/runpod-status 200 in 23ms (next.js: 11ms, proxy.ts: 4ms, application-code: 8ms)
 GET /api/demo/runs/prj_09047604e591d969/reports 200 in 33ms (next.js: 15ms, proxy.ts: 6ms, application-code: 12ms)
 GET /api/demo/runs/prj_09047604e591d969/reports 200 in 15ms (next.js: 4ms, proxy.ts: 2ms, application-code: 9ms)
 GET /api/demo/runs/prj_09047604e591d969/reports 200 in 10ms (next.js: 2ms, proxy.ts: 1826µs, application-code: 6ms)
 GET /api/demo/runs/prj_09047604e591d969/runpod-status 200 in 21ms (next.js: 8ms, proxy.ts: 3ms, application-code: 10ms)
 GET /api/demo/runs/prj_09047604e591d969/reports 200 in 23ms (next.js: 10ms, proxy.ts: 2ms, application-code: 11ms)
 GET /api/demo/runs/prj_09047604e591d969/reports 200 in 16ms (next.js: 7ms, proxy.ts: 2ms, application-code: 7ms)
 GET /api/demo/runs/prj_09047604e591d969/runpod-status 200 in 21ms (next.js: 10ms, proxy.ts: 2ms, application-code: 9ms)
 GET /api/demo/runs/prj_09047604e591d969/reports 200 in 18ms (next.js: 10ms, proxy.ts: 2ms, application-code: 5ms)
 GET /api/demo/runs/prj_09047604e591d969/reports 200 in 13ms (next.js: 4ms, proxy.ts: 3ms, application-code: 7ms)
 GET /api/demo/runs/prj_09047604e591d969/reports 200 in 18ms (next.js: 7ms, proxy.ts: 2ms, application-code: 8ms)
 GET /api/demo/runs/prj_09047604e591d969/reports 200 in 15ms (next.js: 4ms, proxy.ts: 4ms, application-code: 7ms)
 GET /api/demo/runs/prj_09047604e591d969/runpod-status 200 in 22ms (next.js: 8ms, proxy.ts: 3ms, application-code: 10ms)
 GET /api/demo/runs/prj_09047604e591d969/reports 200 in 54ms (next.js: 29ms, proxy.ts: 5ms, application-code: 20ms)
 GET /api/demo/runs/prj_09047604e591d969/runpod-status 200 in 51ms (next.js: 28ms, proxy.ts: 4ms, application-code: 19ms)
 GET /api/demo/runs/prj_09047604e591d969/reports 200 in 15ms (next.js: 4ms, proxy.ts: 4ms, application-code: 7ms)
 GET /api/demo/runs/prj_09047604e591d969/reports 200 in 16ms (next.js: 6ms, proxy.ts: 1651µs, application-code: 8ms)
 GET /api/demo/runs/prj_09047604e591d969/runpod-status 200 in 15ms (next.js: 7ms, proxy.ts: 1922µs, application-code: 6ms)
 GET /api/demo/runs/prj_09047604e591d969/reports 200 in 15ms (next.js: 7ms, proxy.ts: 1867µs, application-code: 5ms)
 GET /api/demo/runs/prj_09047604e591d969/runpod-status 200 in 20ms (next.js: 7ms, proxy.ts: 2ms, application-code: 10ms)
 GET /api/demo/runs/prj_09047604e591d969/reports 200 in 23ms (next.js: 10ms, proxy.ts: 4ms, application-code: 9ms)
 GET /api/demo/runs/prj_09047604e591d969/reports 200 in 25ms (next.js: 14ms, proxy.ts: 3ms, application-code: 8ms)
 GET /api/demo/runs/prj_09047604e591d969/reports 200 in 12ms (next.js: 3ms, proxy.ts: 2ms, application-code: 7ms)
 GET /api/demo/runs/prj_09047604e591d969/reports 200 in 13ms (next.js: 6ms, proxy.ts: 2ms, application-code: 5ms)
 GET /api/demo/runs/prj_09047604e591d969/reports 200 in 26ms (next.js: 13ms, proxy.ts: 4ms, application-code: 9ms)
 GET /api/demo/runs/prj_09047604e591d969/reports 200 in 26ms (next.js: 17ms, proxy.ts: 3ms, application-code: 6ms)
 GET /api/demo/runs/prj_09047604e591d969/reports 200 in 24ms (next.js: 12ms, proxy.ts: 3ms, application-code: 9ms)
 GET /api/demo/runs/prj_09047604e591d969/reports 200 in 25ms (next.js: 16ms, proxy.ts: 3ms, application-code: 6ms)
 GET /api/demo/runs/prj_09047604e591d969/reports 200 in 21ms (next.js: 9ms, proxy.ts: 4ms, application-code: 9ms)
 GET /api/demo/runs/prj_09047604e591d969/runpod-status 200 in 22ms (next.js: 9ms, proxy.ts: 2ms, application-code: 10ms)
 GET /api/demo/runs/prj_09047604e591d969/reports 200 in 24ms (next.js: 12ms, proxy.ts: 5ms, application-code: 7ms)
 GET /api/demo/runs/prj_09047604e591d969/reports 200 in 12ms (next.js: 3ms, proxy.ts: 3ms, application-code: 6ms)
 GET /api/demo/runs/prj_09047604e591d969/reports 200 in 19ms (next.js: 9ms, proxy.ts: 3ms, application-code: 8ms)
 GET /api/demo/runs/prj_09047604e591d969/runpod-status 200 in 21ms (next.js: 9ms, proxy.ts: 2ms, application-code: 9ms)
 GET /api/demo/runs/prj_09047604e591d969/reports 200 in 25ms (next.js: 10ms, proxy.ts: 3ms, application-code: 13ms)
 GET /api/demo/runs/prj_09047604e591d969/runpod-status 200 in 19ms (next.js: 10ms, proxy.ts: 3ms, application-code: 7ms)
 GET /api/demo/runs/prj_09047604e591d969/reports 200 in 25ms (next.js: 12ms, proxy.ts: 2ms, application-code: 11ms)
 GET /api/demo/runs/prj_09047604e591d969/reports 200 in 14ms (next.js: 5ms, proxy.ts: 3ms, application-code: 6ms)
 GET /api/demo/runs/prj_09047604e591d969/reports 200 in 10ms (next.js: 3ms, proxy.ts: 1929µs, application-code: 5ms)
 GET /api/demo/runs/prj_09047604e591d969/reports 200 in 17ms (next.js: 8ms, proxy.ts: 1923µs, application-code: 7ms)
 GET /api/demo/runs/prj_09047604e591d969/runpod-status 200 in 21ms (next.js: 8ms, proxy.ts: 3ms, application-code: 10ms)
 GET /api/demo/runs/prj_09047604e591d969/reports 200 in 23ms (next.js: 8ms, proxy.ts: 3ms, application-code: 11ms)
 GET /api/demo/runs/prj_09047604e591d969/reports 200 in 16ms (next.js: 5ms, proxy.ts: 3ms, application-code: 8ms)
 GET /api/demo/runs/prj_09047604e591d969/reports 200 in 12ms (next.js: 3ms, proxy.ts: 3ms, application-code: 6ms)
 GET /api/demo/runs/prj_09047604e591d969/reports 200 in 15ms (next.js: 4ms, proxy.ts: 2ms, application-code: 9ms)
 GET /api/demo/runs/prj_09047604e591d969/runpod-status 200 in 22ms (next.js: 9ms, proxy.ts: 3ms, application-code: 10ms)
 GET /api/demo/runs/prj_09047604e591d969/reports 200 in 18ms (next.js: 8ms, proxy.ts: 1861µs, application-code: 8ms)
 GET /api/demo/runs/prj_09047604e591d969/runpod-status 200 in 18ms (next.js: 6ms, proxy.ts: 2ms, application-code: 9ms)
 GET /api/demo/runs/prj_09047604e591d969/reports 200 in 18ms (next.js: 9ms, proxy.ts: 3ms, application-code: 6ms)
 GET /api/demo/runs/prj_09047604e591d969/reports 200 in 21ms (next.js: 10ms, proxy.ts: 3ms, application-code: 8ms)
 GET /api/demo/runs/prj_09047604e591d969/reports 200 in 14ms (next.js: 3ms, proxy.ts: 3ms, application-code: 9ms)
 GET /api/demo/runs/prj_09047604e591d969/reports 200 in 22ms (next.js: 10ms, proxy.ts: 3ms, application-code: 9ms)
 GET /api/demo/runs/prj_09047604e591d969/reports 200 in 20ms (next.js: 10ms, proxy.ts: 3ms, application-code: 7ms)
 GET /api/demo/runs/prj_09047604e591d969/runpod-status 200 in 23ms (next.js: 10ms, proxy.ts: 4ms, application-code: 9ms)
 GET /api/demo/runs/prj_09047604e591d969/reports 200 in 24ms (next.js: 12ms, proxy.ts: 3ms, application-code: 9ms)
 GET /api/demo/runs/prj_09047604e591d969/reports 200 in 11ms (next.js: 2ms, proxy.ts: 1751µs, application-code: 7ms)
 GET /api/demo/runs/prj_09047604e591d969/runpod-status 200 in 22ms (next.js: 9ms, proxy.ts: 2ms, application-code: 11ms)
 GET /api/demo/runs/prj_09047604e591d969/reports 200 in 24ms (next.js: 11ms, proxy.ts: 3ms, application-code: 10ms)
 GET /api/demo/runs/prj_09047604e591d969/reports 200 in 21ms (next.js: 9ms, proxy.ts: 3ms, application-code: 9ms)
 GET /api/demo/runs/prj_09047604e591d969/runpod-status 200 in 23ms (next.js: 9ms, proxy.ts: 4ms, application-code: 11ms)
 GET /api/demo/runs/prj_09047604e591d969/reports 200 in 19ms (next.js: 9ms, proxy.ts: 2ms, application-code: 8ms)
 GET /api/demo/runs/prj_09047604e591d969/reports 200 in 15ms (next.js: 3ms, proxy.ts: 3ms, application-code: 8ms)
 GET /api/demo/runs/prj_09047604e591d969/reports 200 in 22ms (next.js: 11ms, proxy.ts: 3ms, application-code: 9ms)
 GET /api/demo/runs/prj_09047604e591d969/reports 200 in 20ms (next.js: 9ms, proxy.ts: 3ms, application-code: 8ms)
 GET /api/demo/runs/prj_09047604e591d969/runpod-status 200 in 20ms (next.js: 9ms, proxy.ts: 3ms, application-code: 8ms)
 GET /api/demo/runs/prj_09047604e591d969/reports 200 in 15ms (next.js: 7ms, proxy.ts: 2ms, application-code: 5ms)
 GET /api/demo/runs/prj_09047604e591d969/reports 200 in 14ms (next.js: 2ms, proxy.ts: 1903µs, application-code: 9ms)
 GET /api/demo/runs/prj_09047604e591d969/reports 200 in 12ms (next.js: 3ms, proxy.ts: 3ms, application-code: 6ms)
 GET /api/demo/runs/prj_09047604e591d969/runpod-status 200 in 22ms (next.js: 9ms, proxy.ts: 2ms, application-code: 10ms)
 GET /api/demo/runs/prj_09047604e591d969/reports 200 in 22ms (next.js: 10ms, proxy.ts: 3ms, application-code: 9ms)
 GET /api/demo/runs/prj_09047604e591d969/runpod-status 200 in 20ms (next.js: 11ms, proxy.ts: 3ms, application-code: 7ms)
 GET /api/demo/runs/prj_09047604e591d969/reports 200 in 21ms (next.js: 9ms, proxy.ts: 3ms, application-code: 9ms)
 GET /api/demo/runs/prj_09047604e591d969/reports 200 in 16ms (next.js: 8ms, proxy.ts: 3ms, application-code: 6ms)
 GET /api/demo/runs/prj_09047604e591d969/reports 200 in 9ms (next.js: 2ms, proxy.ts: 1793µs, application-code: 5ms)
 GET /api/demo/runs/prj_09047604e591d969/reports 200 in 25ms (next.js: 9ms, proxy.ts: 4ms, application-code: 13ms)
 GET /api/demo/runs/prj_09047604e591d969/reports 200 in 13ms (next.js: 4ms, proxy.ts: 3ms, application-code: 6ms)
 GET /api/demo/runs/prj_09047604e591d969/runpod-status 200 in 15ms (next.js: 7ms, proxy.ts: 1680µs, application-code: 7ms)
 GET /api/demo/runs/prj_09047604e591d969/reports 200 in 15ms (next.js: 7ms, proxy.ts: 2ms, application-code: 5ms)
 GET /api/demo/runs/prj_09047604e591d969/reports 200 in 11ms (next.js: 2ms, proxy.ts: 1753µs, application-code: 7ms)
 GET /api/demo/runs/prj_09047604e591d969/runpod-status 200 in 24ms (next.js: 10ms, proxy.ts: 3ms, application-code: 11ms)
 GET /api/demo/runs/prj_09047604e591d969/reports 200 in 18ms (next.js: 7ms, proxy.ts: 3ms, application-code: 8ms)
 GET /api/demo/runs/prj_09047604e591d969/reports 200 in 17ms (next.js: 7ms, proxy.ts: 2ms, application-code: 8ms)
 GET /api/demo/runs/prj_09047604e591d969/runpod-status 200 in 24ms (next.js: 10ms, proxy.ts: 3ms, application-code: 11ms)
 GET /api/demo/runs/prj_09047604e591d969/reports 200 in 23ms (next.js: 9ms, proxy.ts: 4ms, application-code: 10ms)
 GET /api/demo/runs/prj_09047604e591d969/reports 200 in 13ms (next.js: 3ms, proxy.ts: 3ms, application-code: 7ms)
 GET /api/demo/runs/prj_09047604e591d969/reports 200 in 21ms (next.js: 10ms, proxy.ts: 3ms, application-code: 8ms)
 GET /api/demo/runs/prj_09047604e591d969/reports 200 in 18ms (next.js: 8ms, proxy.ts: 4ms, application-code: 6ms)
 GET /api/demo/runs/prj_09047604e591d969/runpod-status 200 in 25ms (next.js: 11ms, proxy.ts: 3ms, application-code: 10ms)
 GET /api/demo/runs/prj_09047604e591d969/runpod-status 200 in 33ms (next.js: 15ms, proxy.ts: 5ms, application-code: 13ms)
 GET /api/demo/runs/prj_09047604e591d969/reports 200 in 20ms (next.js: 11ms, proxy.ts: 3ms, application-code: 7ms)
 GET /api/demo/runs/prj_09047604e591d969/reports 200 in 14ms (next.js: 4ms, proxy.ts: 3ms, application-code: 6ms)
 GET /api/demo/runs/prj_09047604e591d969/runpod-status 200 in 23ms (next.js: 10ms, proxy.ts: 3ms, application-code: 10ms)
 GET /api/demo/runs/prj_09047604e591d969/reports 200 in 16ms (next.js: 7ms, proxy.ts: 1824µs, application-code: 7ms)
 GET /api/demo/runs/prj_09047604e591d969/reports 200 in 18ms (next.js: 9ms, proxy.ts: 3ms, application-code: 5ms)
 GET /api/demo/runs/prj_09047604e591d969/runpod-status 200 in 24ms (next.js: 9ms, proxy.ts: 3ms, application-code: 11ms)
 GET /api/demo/runs/prj_09047604e591d969/reports 200 in 24ms (next.js: 11ms, proxy.ts: 1737µs, application-code: 11ms)
 GET /api/demo/runs/prj_09047604e591d969/reports 200 in 16ms (next.js: 6ms, proxy.ts: 3ms, application-code: 8ms)
 GET /api/demo/runs/prj_09047604e591d969/reports 200 in 19ms (next.js: 10ms, proxy.ts: 2ms, application-code: 6ms)
 GET /api/demo/runs/prj_09047604e591d969/reports 200 in 20ms (next.js: 10ms, proxy.ts: 1877µs, application-code: 8ms)
 GET /api/demo/runs/prj_09047604e591d969/runpod-status 200 in 21ms (next.js: 9ms, proxy.ts: 2ms, application-code: 9ms)
 GET /api/demo/runs/prj_09047604e591d969/reports 200 in 20ms (next.js: 9ms, proxy.ts: 2ms, application-code: 9ms)
 GET /api/demo/runs/prj_09047604e591d969/reports 200 in 9ms (next.js: 2ms, proxy.ts: 1907µs, application-code: 5ms)
 GET /api/demo/runs/prj_09047604e591d969/runpod-status 200 in 22ms (next.js: 8ms, proxy.ts: 3ms, application-code: 11ms)
 GET /api/demo/runs/prj_09047604e591d969/reports 200 in 19ms (next.js: 8ms, proxy.ts: 2ms, application-code: 8ms)
 GET /api/demo/runs/prj_09047604e591d969/reports 200 in 20ms (next.js: 7ms, proxy.ts: 2ms, application-code: 11ms)
 GET /api/demo/runs/prj_09047604e591d969/runpod-status 200 in 18ms (next.js: 9ms, proxy.ts: 3ms, application-code: 7ms)
 GET /api/demo/runs/prj_09047604e591d969/reports 200 in 20ms (next.js: 11ms, proxy.ts: 2ms, application-code: 7ms)
 GET /api/demo/runs/prj_09047604e591d969/reports 200 in 14ms (next.js: 4ms, proxy.ts: 3ms, application-code: 7ms)
 GET /api/demo/runs/prj_09047604e591d969/reports 200 in 24ms (next.js: 11ms, proxy.ts: 2ms, application-code: 11ms)
 GET /api/demo/runs/prj_09047604e591d969/reports 200 in 20ms (next.js: 9ms, proxy.ts: 3ms, application-code: 8ms)
 GET /api/demo/runs/prj_09047604e591d969/runpod-status 200 in 22ms (next.js: 8ms, proxy.ts: 2ms, application-code: 12ms)
 GET /api/demo/runs/prj_09047604e591d969/reports 200 in 21ms (next.js: 10ms, proxy.ts: 2ms, application-code: 9ms)
 GET /api/demo/runs/prj_09047604e591d969/reports 200 in 10ms (next.js: 2ms, proxy.ts: 2ms, application-code: 6ms)
 GET /api/demo/runs/prj_09047604e591d969/reports 200 in 20ms (next.js: 9ms, proxy.ts: 4ms, application-code: 7ms)
 GET /api/demo/runs/prj_09047604e591d969/reports 200 in 21ms (next.js: 11ms, proxy.ts: 3ms, application-code: 7ms)
 GET /api/demo/runs/prj_09047604e591d969/runpod-status 200 in 16ms (next.js: 7ms, proxy.ts: 1752µs, application-code: 7ms)
 GET /api/demo/runs/prj_09047604e591d969/reports 200 in 32ms (next.js: 17ms, proxy.ts: 3ms, application-code: 12ms)
 GET /api/demo/runs/prj_09047604e591d969/reports 200 in 26ms (next.js: 16ms, proxy.ts: 3ms, application-code: 7ms)
 GET /api/demo/runs/prj_09047604e591d969/runpod-status 200 in 16ms (next.js: 7ms, proxy.ts: 2ms, application-code: 7ms)
 GET /api/demo/runs/prj_09047604e591d969/reports 200 in 23ms (next.js: 10ms, proxy.ts: 2ms, application-code: 10ms)
 GET /api/demo/runs/prj_09047604e591d969/reports 200 in 24ms (next.js: 14ms, proxy.ts: 2ms, application-code: 8ms)
 GET /api/demo/runs/prj_09047604e591d969/reports 200 in 16ms (next.js: 5ms, proxy.ts: 4ms, application-code: 7ms)
 GET /api/demo/runs/prj_09047604e591d969/reports 200 in 17ms (next.js: 8ms, proxy.ts: 3ms, application-code: 5ms)
 GET /api/demo/runs/prj_09047604e591d969/reports 200 in 21ms (next.js: 9ms, proxy.ts: 3ms, application-code: 9ms)
 GET /api/demo/runs/prj_09047604e591d969/reports 200 in 23ms (next.js: 10ms, proxy.ts: 3ms, application-code: 10ms)
 GET /api/demo/runs/prj_09047604e591d969/runpod-status 200 in 22ms (next.js: 9ms, proxy.ts: 3ms, application-code: 10ms)
 GET /api/demo/runs/prj_09047604e591d969/reports 200 in 25ms (next.js: 12ms, proxy.ts: 3ms, application-code: 9ms)
 GET /api/demo/runs/prj_09047604e591d969/reports 200 in 11ms (next.js: 3ms, proxy.ts: 2ms, application-code: 6ms)
 GET /api/demo/runs/prj_09047604e591d969/reports 200 in 22ms (next.js: 9ms, proxy.ts: 3ms, application-code: 10ms)
 GET /api/demo/runs/prj_09047604e591d969/runpod-status 200 in 27ms (next.js: 10ms, proxy.ts: 2ms, application-code: 14ms)
 GET /api/demo/runs/prj_09047604e591d969/reports 200 in 24ms (next.js: 12ms, proxy.ts: 2ms, application-code: 9ms)
 GET /api/demo/runs/prj_09047604e591d969/runpod-status 200 in 24ms (next.js: 9ms, proxy.ts: 3ms, application-code: 12ms)
 GET /api/demo/runs/prj_09047604e591d969/reports 200 in 22ms (next.js: 9ms, proxy.ts: 2ms, application-code: 11ms)
 GET /api/demo/runs/prj_09047604e591d969/reports 200 in 24ms (next.js: 3ms, proxy.ts: 13ms, application-code: 8ms)
 GET /api/demo/runs/prj_09047604e591d969/reports 200 in 21ms (next.js: 11ms, proxy.ts: 3ms, application-code: 8ms)
 GET /api/demo/runs/prj_09047604e591d969/reports 200 in 18ms (next.js: 9ms, proxy.ts: 3ms, application-code: 5ms)
 GET /api/demo/runs/prj_09047604e591d969/runpod-status 200 in 17ms (next.js: 7ms, proxy.ts: 2ms, application-code: 8ms)
 GET /api/demo/runs/prj_09047604e591d969/reports 200 in 14ms (next.js: 7ms, proxy.ts: 2ms, application-code: 5ms)
 GET /api/demo/runs/prj_09047604e591d969/reports 200 in 14ms (next.js: 5ms, proxy.ts: 3ms, application-code: 7ms)
 GET /api/demo/runs/prj_09047604e591d969/reports 200 in 20ms (next.js: 9ms, proxy.ts: 2ms, application-code: 9ms)
 GET /api/demo/runs/prj_09047604e591d969/runpod-status 200 in 15ms (next.js: 6ms, proxy.ts: 2ms, application-code: 6ms)
 GET /api/demo/runs/prj_09047604e591d969/reports 200 in 24ms (next.js: 11ms, proxy.ts: 3ms, application-code: 10ms)
 GET /api/demo/runs/prj_09047604e591d969/runpod-status 200 in 21ms (next.js: 8ms, proxy.ts: 3ms, application-code: 10ms)
 GET /api/demo/runs/prj_09047604e591d969/reports 200 in 14ms (next.js: 7ms, proxy.ts: 1767µs, application-code: 6ms)
 GET /api/demo/runs/prj_09047604e591d969/reports 200 in 12ms (next.js: 3ms, proxy.ts: 2ms, application-code: 6ms)
 GET /api/demo/runs/prj_09047604e591d969/reports 200 in 22ms (next.js: 9ms, proxy.ts: 3ms, application-code: 10ms)
 GET /api/demo/runs/prj_09047604e591d969/reports 200 in 23ms (next.js: 9ms, proxy.ts: 3ms, application-code: 10ms)
 GET /api/demo/runs/prj_09047604e591d969/runpod-status 200 in 20ms (next.js: 10ms, proxy.ts: 2ms, application-code: 8ms)
 GET /api/demo/runs/prj_09047604e591d969/reports 200 in 16ms (next.js: 7ms, proxy.ts: 1800µs, application-code: 7ms)
 GET /api/demo/runs/prj_09047604e591d969/reports 200 in 15ms (next.js: 4ms, proxy.ts: 3ms, application-code: 8ms)
 GET /api/demo/runs/prj_09047604e591d969/reports 200 in 26ms (next.js: 8ms, proxy.ts: 3ms, application-code: 15ms)
 GET /api/demo/runs/prj_09047604e591d969/runpod-status 200 in 20ms (next.js: 7ms, proxy.ts: 1730µs, application-code: 12ms)
 GET /api/demo/runs/prj_09047604e591d969/reports 200 in 16ms (next.js: 8ms, proxy.ts: 3ms, application-code: 6ms)
 GET /api/demo/runs/prj_09047604e591d969/runpod-status 200 in 22ms (next.js: 9ms, proxy.ts: 2ms, application-code: 11ms)
 GET /api/demo/runs/prj_09047604e591d969/reports 200 in 25ms (next.js: 13ms, proxy.ts: 3ms, application-code: 9ms)
 GET /api/demo/runs/prj_09047604e591d969/reports 200 in 14ms (next.js: 5ms, proxy.ts: 3ms, application-code: 7ms)
 GET /api/demo/runs/prj_09047604e591d969/reports 200 in 23ms (next.js: 9ms, proxy.ts: 2ms, application-code: 12ms)
 GET /api/demo/runs/prj_09047604e591d969/reports 200 in 22ms (next.js: 9ms, proxy.ts: 2ms, application-code: 10ms)
 GET /api/demo/runs/prj_09047604e591d969/runpod-status 200 in 17ms (next.js: 8ms, proxy.ts: 2ms, application-code: 7ms)
 GET /api/demo/runs/prj_09047604e591d969/runpod-status 200 in 26ms (next.js: 11ms, proxy.ts: 3ms, application-code: 12ms)
 GET /api/demo/runs/prj_09047604e591d969/reports 200 in 21ms (next.js: 11ms, proxy.ts: 2ms, application-code: 7ms)
 GET /api/demo/runs/prj_09047604e591d969/reports 200 in 10ms (next.js: 3ms, proxy.ts: 1719µs, application-code: 5ms)
 GET /api/demo/runs/prj_09047604e591d969/runpod-status 200 in 24ms (next.js: 9ms, proxy.ts: 3ms, application-code: 12ms)
 GET /api/demo/runs/prj_09047604e591d969/reports 200 in 16ms (next.js: 7ms, proxy.ts: 1773µs, application-code: 7ms)
 GET /api/demo/runs/prj_09047604e591d969/reports 200 in 24ms (next.js: 11ms, proxy.ts: 3ms, application-code: 10ms)
 GET /api/demo/runs/prj_09047604e591d969/runpod-status 200 in 30ms (next.js: 10ms, proxy.ts: 10ms, application-code: 11ms)
 GET /api/demo/runs/prj_09047604e591d969/reports 200 in 23ms (next.js: 10ms, proxy.ts: 2ms, application-code: 10ms)
 GET /api/demo/runs/prj_09047604e591d969/reports 200 in 14ms (next.js: 3ms, proxy.ts: 3ms, application-code: 8ms)
 GET /api/demo/runs/prj_09047604e591d969/reports 200 in 22ms (next.js: 9ms, proxy.ts: 4ms, application-code: 8ms)
 GET /api/demo/runs/prj_09047604e591d969/reports 200 in 24ms (next.js: 11ms, proxy.ts: 2ms, application-code: 11ms)
 GET /api/demo/runs/prj_09047604e591d969/runpod-status 200 in 25ms (next.js: 10ms, proxy.ts: 3ms, application-code: 12ms)
 GET /api/demo/runs/prj_09047604e591d969/reports 200 in 21ms (next.js: 9ms, proxy.ts: 3ms, application-code: 8ms)
 GET /api/demo/runs/prj_09047604e591d969/reports 200 in 14ms (next.js: 5ms, proxy.ts: 2ms, application-code: 7ms)
 GET /api/demo/runs/prj_09047604e591d969/runpod-status 200 in 23ms (next.js: 11ms, proxy.ts: 2ms, application-code: 9ms)
 GET /api/demo/runs/prj_09047604e591d969/reports 200 in 17ms (next.js: 7ms, proxy.ts: 2ms, application-code: 8ms)
 GET /api/demo/runs/prj_09047604e591d969/reports 200 in 20ms (next.js: 9ms, proxy.ts: 3ms, application-code: 8ms)
 GET /api/demo/runs/prj_09047604e591d969/runpod-status 200 in 22ms (next.js: 10ms, proxy.ts: 3ms, application-code: 9ms)
 GET /api/demo/runs/prj_09047604e591d969/reports 200 in 20ms (next.js: 9ms, proxy.ts: 2ms, application-code: 9ms)
 GET /api/demo/runs/prj_09047604e591d969/reports 200 in 9ms (next.js: 2ms, proxy.ts: 2ms, application-code: 5ms)
 GET /api/demo/runs/prj_09047604e591d969/reports 200 in 21ms (next.js: 11ms, proxy.ts: 3ms, application-code: 8ms)
 GET /api/demo/runs/prj_09047604e591d969/reports 200 in 22ms (next.js: 10ms, proxy.ts: 3ms, application-code: 9ms)
 GET /api/demo/runs/prj_09047604e591d969/reports 200 in 24ms (next.js: 13ms, proxy.ts: 2ms, application-code: 9ms)
 GET /api/demo/runs/prj_09047604e591d969/runpod-status 200 in 18ms (next.js: 8ms, proxy.ts: 2ms, application-code: 8ms)
 GET /api/demo/runs/prj_09047604e591d969/reports 200 in 22ms (next.js: 10ms, proxy.ts: 3ms, application-code: 10ms)
 GET /api/demo/runs/prj_09047604e591d969/reports 200 in 26ms (next.js: 13ms, proxy.ts: 2ms, application-code: 10ms)
 GET /api/demo/runs/prj_09047604e591d969/reports 200 in 11ms (next.js: 3ms, proxy.ts: 3ms, application-code: 6ms)
 GET /api/demo/runs/prj_09047604e591d969/reports 200 in 12ms (next.js: 5ms, proxy.ts: 3ms, application-code: 4ms)
 GET /api/demo/runs/prj_09047604e591d969/runpod-status 200 in 25ms (next.js: 13ms, proxy.ts: 3ms, application-code: 9ms)
 GET /api/demo/runs/prj_09047604e591d969/reports 200 in 36ms (next.js: 13ms, proxy.ts: 3ms, application-code: 20ms)
 GET /api/demo/runs/prj_09047604e591d969/reports 200 in 38ms (next.js: 17ms, proxy.ts: 4ms, application-code: 17ms)
 GET /api/demo/runs/prj_09047604e591d969/reports 200 in 17ms (next.js: 8ms, proxy.ts: 1962µs, application-code: 7ms)
 GET /api/demo/runs/prj_09047604e591d969/runpod-status 200 in 16ms (next.js: 7ms, proxy.ts: 3ms, application-code: 7ms)
 GET /api/demo/runs/prj_09047604e591d969/reports 200 in 20ms (next.js: 10ms, proxy.ts: 1953µs, application-code: 9ms)
 GET /api/demo/runs/prj_09047604e591d969/reports 200 in 15ms (next.js: 7ms, proxy.ts: 3ms, application-code: 6ms)
 GET /api/demo/runs/prj_09047604e591d969/reports 200 in 19ms (next.js: 9ms, proxy.ts: 3ms, application-code: 7ms)
 GET /api/demo/runs/prj_09047604e591d969/reports 200 in 22ms (next.js: 9ms, proxy.ts: 4ms, application-code: 9ms)
 GET /api/demo/runs/prj_09047604e591d969/runpod-status 200 in 20ms (next.js: 9ms, proxy.ts: 2ms, application-code: 9ms)
 GET /api/demo/runs/prj_09047604e591d969/reports 200 in 23ms (next.js: 12ms, proxy.ts: 4ms, application-code: 7ms)
 GET /api/demo/runs/prj_09047604e591d969/reports 200 in 25ms (next.js: 15ms, proxy.ts: 4ms, application-code: 6ms)
 GET /api/demo/runs/prj_09047604e591d969/runpod-status 200 in 24ms (next.js: 9ms, proxy.ts: 2ms, application-code: 12ms)
 GET /api/demo/runs/prj_09047604e591d969/reports 200 in 21ms (next.js: 11ms, proxy.ts: 2ms, application-code: 8ms)
 GET /api/demo/runs/prj_09047604e591d969/reports 200 in 15ms (next.js: 7ms, proxy.ts: 1779µs, application-code: 7ms)
 GET /api/demo/runs/prj_09047604e591d969/runpod-status 200 in 20ms (next.js: 8ms, proxy.ts: 2ms, application-code: 10ms)
 GET /api/demo/runs/prj_09047604e591d969/reports 200 in 33ms (next.js: 10ms, proxy.ts: 13ms, application-code: 11ms)
 GET /api/demo/runs/prj_09047604e591d969/reports 200 in 27ms (next.js: 14ms, proxy.ts: 4ms, application-code: 10ms)
 GET /api/demo/runs/prj_09047604e591d969/reports 200 in 22ms (next.js: 10ms, proxy.ts: 3ms, application-code: 10ms)
 GET /api/demo/runs/prj_09047604e591d969/reports 200 in 17ms (next.js: 7ms, proxy.ts: 1734µs, application-code: 8ms)
 GET /api/demo/runs/prj_09047604e591d969/runpod-status 200 in 18ms (next.js: 7ms, proxy.ts: 1895µs, application-code: 9ms)
 GET /api/demo/runs/prj_09047604e591d969/reports 200 in 22ms (next.js: 8ms, proxy.ts: 3ms, application-code: 10ms)
 GET /api/demo/runs/prj_09047604e591d969/reports 200 in 25ms (next.js: 12ms, proxy.ts: 3ms, application-code: 10ms)
 GET /api/demo/runs/prj_09047604e591d969/runpod-status 200 in 22ms (next.js: 8ms, proxy.ts: 3ms, application-code: 11ms)
 GET /api/demo/runs/prj_09047604e591d969/reports 200 in 20ms (next.js: 10ms, proxy.ts: 3ms, application-code: 7ms)
 GET /api/demo/runs/prj_09047604e591d969/reports 200 in 21ms (next.js: 9ms, proxy.ts: 3ms, application-code: 9ms)
 GET /api/demo/runs/prj_09047604e591d969/runpod-status 200 in 21ms (next.js: 7ms, proxy.ts: 2ms, application-code: 12ms)
 GET /api/demo/runs/prj_09047604e591d969/reports 200 in 25ms (next.js: 11ms, proxy.ts: 4ms, application-code: 10ms)
 GET /api/demo/runs/prj_09047604e591d969/reports 200 in 28ms (next.js: 14ms, proxy.ts: 3ms, application-code: 10ms)
 GET /api/demo/runs/prj_09047604e591d969/reports 200 in 19ms (next.js: 10ms, proxy.ts: 3ms, application-code: 6ms)
 GET /api/demo/runs/prj_09047604e591d969/reports 200 in 23ms (next.js: 9ms, proxy.ts: 3ms, application-code: 10ms)
 GET /api/demo/runs/prj_09047604e591d969/runpod-status 200 in 17ms (next.js: 8ms, proxy.ts: 2ms, application-code: 7ms)
 GET /api/demo/runs/prj_09047604e591d969/reports 200 in 23ms (next.js: 9ms, proxy.ts: 3ms, application-code: 11ms)
 GET /api/demo/runs/prj_09047604e591d969/reports 200 in 27ms (next.js: 14ms, proxy.ts: 2ms, application-code: 11ms)
 GET /api/demo/runs/prj_09047604e591d969/runpod-status 200 in 23ms (next.js: 8ms, proxy.ts: 2ms, application-code: 13ms)
 GET /api/demo/runs/prj_09047604e591d969/reports 200 in 21ms (next.js: 10ms, proxy.ts: 3ms, application-code: 9ms)
 GET /api/demo/runs/prj_09047604e591d969/reports 200 in 23ms (next.js: 8ms, proxy.ts: 2ms, application-code: 12ms)
 GET /api/demo/runs/prj_09047604e591d969/runpod-status 200 in 16ms (next.js: 8ms, proxy.ts: 2ms, application-code: 7ms)
 GET /api/demo/runs/prj_09047604e591d969/reports 200 in 28ms (next.js: 13ms, proxy.ts: 3ms, application-code: 13ms)
 GET /api/demo/runs/prj_09047604e591d969/reports 200 in 29ms (next.js: 15ms, proxy.ts: 4ms, application-code: 10ms)
 GET /api/demo/runs/prj_09047604e591d969/reports 200 in 15ms (next.js: 7ms, proxy.ts: 2ms, application-code: 6ms)
 GET /api/demo/runs/prj_09047604e591d969/reports 200 in 18ms (next.js: 7ms, proxy.ts: 3ms, application-code: 7ms)
 GET /api/demo/runs/prj_09047604e591d969/runpod-status 200 in 26ms (next.js: 9ms, proxy.ts: 8ms, application-code: 9ms)
 GET /api/demo/runs/prj_09047604e591d969/runpod-status 200 in 27ms (next.js: 13ms, proxy.ts: 3ms, application-code: 10ms)
 GET /api/demo/runs/prj_09047604e591d969/reports 200 in 21ms (next.js: 9ms, proxy.ts: 3ms, application-code: 9ms)
 GET /api/demo/runs/prj_09047604e591d969/reports 200 in 22ms (next.js: 11ms, proxy.ts: 2ms, application-code: 8ms)
 GET /api/demo/runs/prj_09047604e591d969/runpod-status 200 in 22ms (next.js: 9ms, proxy.ts: 3ms, application-code: 10ms)
 GET /api/demo/runs/prj_09047604e591d969/reports 200 in 17ms (next.js: 8ms, proxy.ts: 4ms, application-code: 5ms)
 GET /api/demo/runs/prj_09047604e591d969/reports 200 in 21ms (next.js: 10ms, proxy.ts: 3ms, application-code: 7ms)
 GET /api/demo/runs/prj_09047604e591d969/runpod-status 200 in 22ms (next.js: 9ms, proxy.ts: 3ms, application-code: 10ms)
 GET /api/demo/runs/prj_09047604e591d969/reports 200 in 22ms (next.js: 8ms, proxy.ts: 3ms, application-code: 11ms)
 GET /api/demo/runs/prj_09047604e591d969/reports 200 in 15ms (next.js: 4ms, proxy.ts: 3ms, application-code: 8ms)
 GET /api/demo/runs/prj_09047604e591d969/reports 200 in 20ms (next.js: 9ms, proxy.ts: 2ms, application-code: 9ms)
 GET /api/demo/runs/prj_09047604e591d969/reports 200 in 15ms (next.js: 7ms, proxy.ts: 2ms, application-code: 6ms)
 GET /api/demo/runs/prj_09047604e591d969/runpod-status 200 in 26ms (next.js: 13ms, proxy.ts: 3ms, application-code: 10ms)
 GET /api/demo/runs/prj_09047604e591d969/reports 200 in 21ms (next.js: 9ms, proxy.ts: 3ms, application-code: 10ms)
 GET /api/demo/runs/prj_09047604e591d969/reports 200 in 25ms (next.js: 12ms, proxy.ts: 3ms, application-code: 11ms)
 GET /api/demo/runs/prj_09047604e591d969/runpod-status 200 in 22ms (next.js: 8ms, proxy.ts: 7ms, application-code: 7ms)
 GET /api/demo/runs/prj_09047604e591d969/reports 200 in 15ms (next.js: 7ms, proxy.ts: 2ms, application-code: 7ms)
 GET /api/demo/runs/prj_09047604e591d969/reports 200 in 21ms (next.js: 9ms, proxy.ts: 3ms, application-code: 9ms)
 GET /api/demo/runs/prj_09047604e591d969/runpod-status 200 in 18ms (next.js: 8ms, proxy.ts: 2ms, application-code: 7ms)
 GET /api/demo/runs/prj_09047604e591d969/reports 200 in 22ms (next.js: 10ms, proxy.ts: 3ms, application-code: 9ms)
 GET /api/demo/runs/prj_09047604e591d969/reports 200 in 27ms (next.js: 14ms, proxy.ts: 2ms, application-code: 11ms)
 GET /api/demo/runs/prj_09047604e591d969/reports 200 in 20ms (next.js: 8ms, proxy.ts: 1780µs, application-code: 10ms)
 GET /api/demo/runs/prj_09047604e591d969/reports 200 in 19ms (next.js: 8ms, proxy.ts: 2ms, application-code: 8ms)
 GET /api/demo/runs/prj_09047604e591d969/runpod-status 200 in 24ms (next.js: 9ms, proxy.ts: 3ms, application-code: 11ms)
 GET /api/demo/runs/prj_09047604e591d969/reports 200 in 23ms (next.js: 10ms, proxy.ts: 3ms, application-code: 10ms)
 GET /api/demo/runs/prj_09047604e591d969/reports 200 in 25ms (next.js: 15ms, proxy.ts: 3ms, application-code: 7ms)
 GET /api/demo/runs/prj_09047604e591d969/runpod-status 200 in 23ms (next.js: 8ms, proxy.ts: 2ms, application-code: 13ms)
 GET /api/demo/runs/prj_09047604e591d969/reports 200 in 24ms (next.js: 11ms, proxy.ts: 4ms, application-code: 8ms)
 GET /api/demo/events?projectId=prj_09047604e591d969 200 in 7.0min (next.js: 3ms, proxy.ts: 3ms, application-code: 7.0min)
 GET /lab?projectId=prj_09047604e591d969 200 in 92ms (next.js: 3ms, application-code: 89ms)
 GET /api/demo/runs/prj_09047604e591d969/runpod-status 200 in 97ms (next.js: 30ms, proxy.ts: 26ms, application-code: 41ms)
 GET /api/demo/runs/prj_09047604e591d969/clusters 200 in 103ms (next.js: 42ms, proxy.ts: 26ms, application-code: 34ms)
 GET /api/demo/runs/prj_09047604e591d969/leaf-scores 404 in 108ms (next.js: 52ms, proxy.ts: 27ms, application-code: 29ms)
 GET /api/demo/runs/prj_09047604e591d969/repair-iterations 200 in 114ms (next.js: 62ms, proxy.ts: 27ms, application-code: 25ms)
 GET /api/demo/runs/prj_09047604e591d969/reports 200 in 115ms (next.js: 91ms, proxy.ts: 12ms, application-code: 12ms)
 GET /api/demo/runs/prj_09047604e591d969/reports 200 in 45ms (next.js: 12ms, proxy.ts: 16ms, application-code: 17ms)
 GET /api/demo/runs/prj_09047604e591d969/reports 200 in 50ms (next.js: 16ms, proxy.ts: 15ms, application-code: 19ms)
 GET /api/demo/runs/prj_09047604e591d969/reports 200 in 53ms (next.js: 20ms, proxy.ts: 16ms, application-code: 17ms)
 GET /api/demo/runs/prj_09047604e591d969/reports 200 in 11ms (next.js: 3ms, proxy.ts: 3ms, application-code: 5ms)
 GET /api/demo/runs/prj_09047604e591d969/runpod-status 200 in 22ms (next.js: 10ms, proxy.ts: 3ms, application-code: 9ms)
 GET /api/demo/runs/prj_09047604e591d969/reports 200 in 22ms (next.js: 9ms, proxy.ts: 4ms, application-code: 9ms)
 GET /api/demo/runs/prj_09047604e591d969/reports 200 in 17ms (next.js: 6ms, proxy.ts: 3ms, application-code: 7ms)
 GET /api/demo/runs/prj_09047604e591d969/reports 200 in 22ms (next.js: 9ms, proxy.ts: 2ms, application-code: 10ms)
 GET /api/demo/runs/prj_09047604e591d969/clusters 200 in 38ms (next.js: 14ms, proxy.ts: 5ms, application-code: 19ms)
 GET /api/demo/runs/prj_09047604e591d969/leaf-scores 404 in 42ms (next.js: 20ms, proxy.ts: 6ms, application-code: 16ms)
 GET /api/demo/runs/prj_09047604e591d969/repair-iterations 200 in 43ms (next.js: 27ms, proxy.ts: 5ms, application-code: 11ms)
 GET /api/demo/runs/prj_09047604e591d969/reports 200 in 19ms (next.js: 8ms, proxy.ts: 2ms, application-code: 9ms)
 GET /api/demo/runs/prj_09047604e591d969/runpod-status 200 in 23ms (next.js: 9ms, proxy.ts: 3ms, application-code: 11ms)
 GET /api/demo/runs/prj_09047604e591d969/reports 200 in 17ms (next.js: 4ms, proxy.ts: 3ms, application-code: 10ms)
 GET /api/demo/runs/prj_09047604e591d969/reports 200 in 25ms (next.js: 12ms, proxy.ts: 4ms, application-code: 9ms)
 GET /api/demo/runs/prj_09047604e591d969/reports 200 in 28ms (next.js: 16ms, proxy.ts: 4ms, application-code: 8ms)
 GET /api/demo/runs/prj_09047604e591d969/reports 200 in 22ms (next.js: 11ms, proxy.ts: 2ms, application-code: 9ms)
 GET /api/demo/runs/prj_09047604e591d969/runpod-status 200 in 21ms (next.js: 9ms, proxy.ts: 3ms, application-code: 9ms)
 GET /api/demo/runs/prj_09047604e591d969/clusters 200 in 50ms (next.js: 16ms, proxy.ts: 11ms, application-code: 24ms)
 GET /api/demo/runs/prj_09047604e591d969/leaf-scores 404 in 52ms (next.js: 23ms, proxy.ts: 11ms, application-code: 18ms)
 GET /api/demo/runs/prj_09047604e591d969/repair-iterations 200 in 55ms (next.js: 33ms, proxy.ts: 11ms, application-code: 11ms)
 GET /api/demo/runs/prj_09047604e591d969/reports 200 in 26ms (next.js: 14ms, proxy.ts: 2ms, application-code: 10ms)
 GET /api/demo/runs/prj_09047604e591d969/reports 200 in 16ms (next.js: 5ms, proxy.ts: 3ms, application-code: 8ms)
 GET /api/demo/runs/prj_09047604e591d969/runpod-status 200 in 22ms (next.js: 9ms, proxy.ts: 3ms, application-code: 10ms)
 GET /api/demo/runs/prj_09047604e591d969/reports 200 in 29ms (next.js: 11ms, proxy.ts: 4ms, application-code: 14ms)
 GET /api/demo/runs/prj_09047604e591d969/reports 200 in 30ms (next.js: 17ms, proxy.ts: 4ms, application-code: 8ms)
 GET /api/demo/runs/prj_09047604e591d969/reports 200 in 16ms (next.js: 8ms, proxy.ts: 1880µs, application-code: 6ms)
 GET /api/demo/runs/prj_09047604e591d969/reports 200 in 21ms (next.js: 8ms, proxy.ts: 3ms, application-code: 10ms)
 GET /api/demo/runs/prj_09047604e591d969/runpod-status 200 in 34ms (next.js: 13ms, proxy.ts: 3ms, application-code: 18ms)
 GET /api/demo/runs/prj_09047604e591d969/reports 200 in 32ms (next.js: 21ms, proxy.ts: 3ms, application-code: 8ms)
 GET /api/demo/runs/prj_09047604e591d969/reports 200 in 29ms (next.js: 17ms, proxy.ts: 3ms, application-code: 10ms)
 GET /api/demo/runs/prj_09047604e591d969/reports 200 in 25ms (next.js: 14ms, proxy.ts: 3ms, application-code: 7ms)
 GET /api/demo/runs/prj_09047604e591d969/reports 200 in 11ms (next.js: 3ms, proxy.ts: 3ms, application-code: 5ms)
 GET /api/demo/runs/prj_09047604e591d969/reports 200 in 22ms (next.js: 9ms, proxy.ts: 3ms, application-code: 10ms)
 GET /api/demo/runs/prj_09047604e591d969/runpod-status 200 in 20ms (next.js: 11ms, proxy.ts: 3ms, application-code: 7ms)
 GET /api/demo/runs/prj_09047604e591d969/reports 200 in 18ms (next.js: 8ms, proxy.ts: 2ms, application-code: 7ms)
 GET /api/demo/runs/prj_09047604e591d969/runpod-status 200 in 21ms (next.js: 11ms, proxy.ts: 3ms, application-code: 8ms)
 GET /api/demo/runs/prj_09047604e591d969/reports 200 in 24ms (next.js: 11ms, proxy.ts: 3ms, application-code: 10ms)
 GET /api/demo/runs/prj_09047604e591d969/reports 200 in 19ms (next.js: 9ms, proxy.ts: 4ms, application-code: 6ms)
 GET /api/demo/runs/prj_09047604e591d969/reports 200 in 20ms (next.js: 13ms, proxy.ts: 3ms, application-code: 5ms)
 GET /api/demo/runs/prj_09047604e591d969/reports 200 in 21ms (next.js: 8ms, proxy.ts: 1771µs, application-code: 11ms)
 GET /api/demo/runs/prj_09047604e591d969/reports 200 in 14ms (next.js: 7ms, proxy.ts: 1987µs, application-code: 5ms)
 GET /api/demo/runs/prj_09047604e591d969/runpod-status 200 in 25ms (next.js: 7ms, proxy.ts: 1929µs, application-code: 16ms)
 GET /api/demo/runs/prj_09047604e591d969/reports 200 in 20ms (next.js: 4ms, proxy.ts: 9ms, application-code: 7ms)
 GET /api/demo/runs/prj_09047604e591d969/reports 200 in 24ms (next.js: 10ms, proxy.ts: 4ms, application-code: 10ms)
 GET /api/demo/runs/prj_09047604e591d969/reports 200 in 27ms (next.js: 14ms, proxy.ts: 4ms, application-code: 9ms)
 GET /api/demo/runs/prj_09047604e591d969/reports 200 in 22ms (next.js: 10ms, proxy.ts: 2ms, application-code: 10ms)
 GET /api/demo/runs/prj_09047604e591d969/runpod-status 200 in 21ms (next.js: 9ms, proxy.ts: 3ms, application-code: 10ms)
 GET /api/demo/runs/prj_09047604e591d969/reports 200 in 22ms (next.js: 10ms, proxy.ts: 4ms, application-code: 9ms)
 GET /api/demo/runs/prj_09047604e591d969/reports 200 in 17ms (next.js: 4ms, proxy.ts: 4ms, application-code: 9ms)
 GET /api/demo/runs/prj_09047604e591d969/runpod-status 200 in 19ms (next.js: 7ms, proxy.ts: 1996µs, application-code: 10ms)
 GET /api/demo/runs/prj_09047604e591d969/reports 200 in 28ms (next.js: 10ms, proxy.ts: 6ms, application-code: 12ms)
 GET /api/demo/runs/prj_09047604e591d969/reports 200 in 30ms (next.js: 15ms, proxy.ts: 3ms, application-code: 12ms)
 GET /api/demo/runs/prj_09047604e591d969/reports 200 in 21ms (next.js: 10ms, proxy.ts: 3ms, application-code: 8ms)
 GET /api/demo/runs/prj_09047604e591d969/reports 200 in 21ms (next.js: 13ms, proxy.ts: 3ms, application-code: 5ms)
 GET /api/demo/runs/prj_09047604e591d969/runpod-status 200 in 18ms (next.js: 7ms, proxy.ts: 1823µs, application-code: 9ms)
 GET /api/demo/runs/prj_09047604e591d969/reports 200 in 65ms (next.js: 14ms, proxy.ts: 3ms, application-code: 48ms)
 GET /api/demo/runs/prj_09047604e591d969/reports 200 in 16ms (next.js: 6ms, proxy.ts: 4ms, application-code: 6ms)
 GET /api/demo/runs/prj_09047604e591d969/runpod-status 200 in 31ms (next.js: 13ms, proxy.ts: 3ms, application-code: 15ms)
 GET /api/demo/runs/prj_09047604e591d969/reports 200 in 27ms (next.js: 13ms, proxy.ts: 5ms, application-code: 9ms)
 GET /api/demo/runs/prj_09047604e591d969/reports 200 in 25ms (next.js: 11ms, proxy.ts: 5ms, application-code: 10ms)
 GET /api/demo/runs/prj_09047604e591d969/reports 200 in 30ms (next.js: 14ms, proxy.ts: 4ms, application-code: 11ms)
 GET /api/demo/runs/prj_09047604e591d969/reports 200 in 20ms (next.js: 5ms, proxy.ts: 8ms, application-code: 8ms)
 GET /api/demo/runs/prj_09047604e591d969/reports 200 in 22ms (next.js: 8ms, proxy.ts: 7ms, application-code: 6ms)
 GET /api/demo/runs/prj_09047604e591d969/reports 200 in 16ms (next.js: 7ms, proxy.ts: 1899µs, application-code: 7ms)
 GET /api/demo/runs/prj_09047604e591d969/runpod-status 200 in 20ms (next.js: 7ms, proxy.ts: 2ms, application-code: 11ms)
 GET /api/demo/runs/prj_09047604e591d969/reports 200 in 22ms (next.js: 9ms, proxy.ts: 3ms, application-code: 10ms)
 GET /api/demo/runs/prj_09047604e591d969/reports 200 in 10ms (next.js: 3ms, proxy.ts: 1901µs, application-code: 6ms)
 GET /api/demo/runs/prj_09047604e591d969/runpod-status 200 in 23ms (next.js: 11ms, proxy.ts: 4ms, application-code: 9ms)
 GET /api/demo/runs/prj_09047604e591d969/reports 200 in 22ms (next.js: 11ms, proxy.ts: 2ms, application-code: 9ms)
 GET /api/demo/runs/prj_09047604e591d969/reports 200 in 13ms (next.js: 3ms, proxy.ts: 3ms, application-code: 7ms)
 GET /api/demo/runs/prj_09047604e591d969/reports 200 in 9ms (next.js: 3ms, proxy.ts: 1983µs, application-code: 5ms)
 GET /api/demo/runs/prj_09047604e591d969/reports 200 in 24ms (next.js: 10ms, proxy.ts: 3ms, application-code: 11ms)
 GET /api/demo/runs/prj_09047604e591d969/runpod-status 200 in 34ms (next.js: 17ms, proxy.ts: 2ms, application-code: 15ms)
 GET /api/demo/runs/prj_09047604e591d969/reports 200 in 14ms (next.js: 7ms, proxy.ts: 1860µs, application-code: 5ms)
 GET /api/demo/runs/prj_09047604e591d969/reports 200 in 22ms (next.js: 11ms, proxy.ts: 3ms, application-code: 8ms)
 GET /api/demo/runs/prj_09047604e591d969/reports 200 in 31ms (next.js: 15ms, proxy.ts: 5ms, application-code: 11ms)
 GET /api/demo/runs/prj_09047604e591d969/reports 200 in 33ms (next.js: 17ms, proxy.ts: 4ms, application-code: 12ms)
 GET /api/demo/runs/prj_09047604e591d969/reports 200 in 15ms (next.js: 7ms, proxy.ts: 1971µs, application-code: 6ms)
 GET /api/demo/runs/prj_09047604e591d969/runpod-status 200 in 23ms (next.js: 9ms, proxy.ts: 2ms, application-code: 11ms)
 GET /api/demo/runs/prj_09047604e591d969/reports 200 in 21ms (next.js: 11ms, proxy.ts: 3ms, application-code: 7ms)
 GET /api/demo/runs/prj_09047604e591d969/runpod-status 200 in 22ms (next.js: 10ms, proxy.ts: 3ms, application-code: 10ms)
 GET /api/demo/runs/prj_09047604e591d969/reports 200 in 14ms (next.js: 7ms, proxy.ts: 1748µs, application-code: 6ms)
 GET /api/demo/runs/prj_09047604e591d969/reports 200 in 16ms (next.js: 5ms, proxy.ts: 3ms, application-code: 8ms)
 GET /api/demo/runs/prj_09047604e591d969/reports 200 in 16ms (next.js: 6ms, proxy.ts: 2ms, application-code: 8ms)
 GET /api/demo/runs/prj_09047604e591d969/reports 200 in 20ms (next.js: 10ms, proxy.ts: 3ms, application-code: 7ms)
 GET /api/demo/runs/prj_09047604e591d969/runpod-status 200 in 25ms (next.js: 9ms, proxy.ts: 3ms, application-code: 13ms)
 GET /api/demo/runs/prj_09047604e591d969/reports 200 in 20ms (next.js: 10ms, proxy.ts: 2ms, application-code: 8ms)
 GET /api/demo/runs/prj_09047604e591d969/reports 200 in 12ms (next.js: 4ms, proxy.ts: 3ms, application-code: 6ms)
 GET /api/demo/runs/prj_09047604e591d969/reports 200 in 25ms (next.js: 11ms, proxy.ts: 3ms, application-code: 11ms)
 GET /api/demo/runs/prj_09047604e591d969/reports 200 in 30ms (next.js: 14ms, proxy.ts: 3ms, application-code: 12ms)
 GET /api/demo/runs/prj_09047604e591d969/reports 200 in 19ms (next.js: 7ms, proxy.ts: 1910µs, application-code: 9ms)
 GET /api/demo/runs/prj_09047604e591d969/reports 200 in 26ms (next.js: 10ms, proxy.ts: 3ms, application-code: 13ms)
 GET /api/demo/runs/prj_09047604e591d969/runpod-status 200 in 27ms (next.js: 16ms, proxy.ts: 3ms, application-code: 9ms)
 GET /api/demo/runs/prj_09047604e591d969/reports 200 in 23ms (next.js: 10ms, proxy.ts: 3ms, application-code: 10ms)
 GET /api/demo/runs/prj_09047604e591d969/runpod-status 200 in 25ms (next.js: 13ms, proxy.ts: 3ms, application-code: 9ms)
 GET /api/demo/runs/prj_09047604e591d969/reports 200 in 16ms (next.js: 7ms, proxy.ts: 1743µs, application-code: 7ms)
 GET /api/demo/runs/prj_09047604e591d969/reports 200 in 21ms (next.js: 5ms, proxy.ts: 4ms, application-code: 12ms)
 GET /api/demo/runs/prj_09047604e591d969/reports 200 in 21ms (next.js: 3ms, proxy.ts: 6ms, application-code: 12ms)
 GET /api/demo/runs/prj_09047604e591d969/reports 200 in 23ms (next.js: 10ms, proxy.ts: 4ms, application-code: 10ms)
 GET /api/demo/runs/prj_09047604e591d969/runpod-status 200 in 28ms (next.js: 11ms, proxy.ts: 3ms, application-code: 14ms)
 GET /api/demo/runs/prj_09047604e591d969/reports 200 in 20ms (next.js: 10ms, proxy.ts: 3ms, application-code: 8ms)
 GET /api/demo/runs/prj_09047604e591d969/reports 200 in 15ms (next.js: 2ms, proxy.ts: 2ms, application-code: 10ms)
 GET /api/demo/runs/prj_09047604e591d969/reports 200 in 26ms (next.js: 12ms, proxy.ts: 4ms, application-code: 11ms)
 GET /api/demo/runs/prj_09047604e591d969/reports 200 in 28ms (next.js: 16ms, proxy.ts: 4ms, application-code: 8ms)
 GET /api/demo/runs/prj_09047604e591d969/reports 200 in 21ms (next.js: 9ms, proxy.ts: 2ms, application-code: 10ms)
 GET /api/demo/runs/prj_09047604e591d969/runpod-status 200 in 20ms (next.js: 9ms, proxy.ts: 5ms, application-code: 7ms)
 GET /api/demo/runs/prj_09047604e591d969/reports 200 in 20ms (next.js: 10ms, proxy.ts: 2ms, application-code: 8ms)
 GET /api/demo/runs/prj_09047604e591d969/runpod-status 200 in 25ms (next.js: 10ms, proxy.ts: 3ms, application-code: 12ms)
 GET /api/demo/runs/prj_09047604e591d969/reports 200 in 11ms (next.js: 3ms, proxy.ts: 3ms, application-code: 5ms)
 GET /api/demo/runs/prj_09047604e591d969/reports 200 in 27ms (next.js: 12ms, proxy.ts: 3ms, application-code: 12ms)
 GET /api/demo/runs/prj_09047604e591d969/reports 200 in 29ms (next.js: 14ms, proxy.ts: 3ms, application-code: 13ms)
 GET /api/demo/runs/prj_09047604e591d969/reports 200 in 21ms (next.js: 8ms, proxy.ts: 3ms, application-code: 10ms)
 GET /api/demo/runs/prj_09047604e591d969/reports 200 in 21ms (next.js: 9ms, proxy.ts: 4ms, application-code: 8ms)
 GET /api/demo/runs/prj_09047604e591d969/runpod-status 200 in 20ms (next.js: 8ms, proxy.ts: 2ms, application-code: 10ms)
 GET /api/demo/runs/prj_09047604e591d969/reports 200 in 16ms (next.js: 4ms, proxy.ts: 3ms, application-code: 8ms)
 GET /api/demo/runs/prj_09047604e591d969/reports 200 in 26ms (next.js: 11ms, proxy.ts: 4ms, application-code: 11ms)
 GET /api/demo/runs/prj_09047604e591d969/reports 200 in 31ms (next.js: 22ms, proxy.ts: 3ms, application-code: 6ms)
 GET /api/demo/runs/prj_09047604e591d969/reports 200 in 18ms (next.js: 8ms, proxy.ts: 3ms, application-code: 7ms)
 GET /api/demo/runs/prj_09047604e591d969/runpod-status 200 in 27ms (next.js: 13ms, proxy.ts: 2ms, application-code: 11ms)
 GET /api/demo/runs/prj_09047604e591d969/reports 200 in 22ms (next.js: 9ms, proxy.ts: 3ms, application-code: 10ms)
 GET /api/demo/runs/prj_09047604e591d969/runpod-status 200 in 23ms (next.js: 10ms, proxy.ts: 3ms, application-code: 11ms)
 GET /api/demo/runs/prj_09047604e591d969/reports 200 in 12ms (next.js: 4ms, proxy.ts: 2ms, application-code: 6ms)
 GET /api/demo/runs/prj_09047604e591d969/reports 200 in 20ms (next.js: 8ms, proxy.ts: 2ms, application-code: 10ms)
 GET /api/demo/runs/prj_09047604e591d969/reports 200 in 15ms (next.js: 3ms, proxy.ts: 5ms, application-code: 7ms)
 GET /api/demo/runs/prj_09047604e591d969/reports 200 in 22ms (next.js: 9ms, proxy.ts: 4ms, application-code: 10ms)
 GET /api/demo/runs/prj_09047604e591d969/runpod-status 200 in 23ms (next.js: 8ms, proxy.ts: 3ms, application-code: 12ms)
 GET /api/demo/runs/prj_09047604e591d969/reports 200 in 16ms (next.js: 7ms, proxy.ts: 3ms, application-code: 6ms)
 GET /api/demo/runs/prj_09047604e591d969/reports 200 in 9ms (next.js: 3ms, proxy.ts: 1811µs, application-code: 5ms)
 GET /api/demo/runs/prj_09047604e591d969/reports 200 in 26ms (next.js: 11ms, proxy.ts: 3ms, application-code: 13ms)
 GET /api/demo/runs/prj_09047604e591d969/reports 200 in 26ms (next.js: 4ms, proxy.ts: 13ms, application-code: 9ms)
 GET /api/demo/runs/prj_09047604e591d969/reports 200 in 19ms (next.js: 10ms, proxy.ts: 3ms, application-code: 6ms)
 GET /api/demo/runs/prj_09047604e591d969/runpod-status 200 in 20ms (next.js: 10ms, proxy.ts: 2ms, application-code: 8ms)
 GET /api/demo/runs/prj_09047604e591d969/runpod-status 200 in 22ms (next.js: 7ms, proxy.ts: 4ms, application-code: 11ms)
 GET /api/demo/runs/prj_09047604e591d969/reports 200 in 20ms (next.js: 9ms, proxy.ts: 3ms, application-code: 8ms)
 GET /api/demo/runs/prj_09047604e591d969/reports 200 in 20ms (next.js: 9ms, proxy.ts: 3ms, application-code: 8ms)
 GET /api/demo/runs/prj_09047604e591d969/reports 200 in 16ms (next.js: 6ms, proxy.ts: 3ms, application-code: 7ms)
 GET /api/demo/runs/prj_09047604e591d969/reports 200 in 18ms (next.js: 9ms, proxy.ts: 3ms, application-code: 6ms)
 GET /api/demo/runs/prj_09047604e591d969/reports 200 in 20ms (next.js: 10ms, proxy.ts: 3ms, application-code: 7ms)
 GET /api/demo/runs/prj_09047604e591d969/reports 200 in 20ms (next.js: 12ms, proxy.ts: 2ms, application-code: 5ms)
 GET /api/demo/runs/prj_09047604e591d969/runpod-status 200 in 35ms (next.js: 7ms, proxy.ts: 2ms, application-code: 26ms)
 GET /api/demo/runs/prj_09047604e591d969/reports 200 in 23ms (next.js: 12ms, proxy.ts: 4ms, application-code: 7ms)
 GET /api/demo/runs/prj_09047604e591d969/reports 200 in 22ms (next.js: 14ms, proxy.ts: 3ms, application-code: 5ms)
 GET /api/demo/runs/prj_09047604e591d969/runpod-status 200 in 18ms (next.js: 9ms, proxy.ts: 1821µs, application-code: 7ms)
 GET /api/demo/runs/prj_09047604e591d969/reports 200 in 22ms (next.js: 10ms, proxy.ts: 4ms, application-code: 9ms)
 GET /api/demo/runs/prj_09047604e591d969/reports 200 in 23ms (next.js: 12ms, proxy.ts: 3ms, application-code: 8ms)
 GET /api/demo/runs/prj_09047604e591d969/reports 200 in 26ms (next.js: 14ms, proxy.ts: 3ms, application-code: 9ms)
 GET /api/demo/runs/prj_09047604e591d969/reports 200 in 23ms (next.js: 11ms, proxy.ts: 3ms, application-code: 9ms)
 GET /api/demo/runs/prj_09047604e591d969/runpod-status 200 in 21ms (next.js: 8ms, proxy.ts: 4ms, application-code: 9ms)
 GET /api/demo/runs/prj_09047604e591d969/runpod-status 200 in 21ms (next.js: 7ms, proxy.ts: 2ms, application-code: 12ms)
 GET /api/demo/runs/prj_09047604e591d969/reports 200 in 37ms (next.js: 8ms, proxy.ts: 2ms, application-code: 27ms)
 GET /api/demo/runs/prj_09047604e591d969/reports 200 in 17ms (next.js: 8ms, proxy.ts: 1898µs, application-code: 7ms)
 GET /api/demo/runs/prj_09047604e591d969/reports 200 in 16ms (next.js: 7ms, proxy.ts: 1948µs, application-code: 6ms)
 GET /api/demo/runs/prj_09047604e591d969/reports 200 in 9ms (next.js: 2ms, proxy.ts: 2ms, application-code: 5ms)
 GET /api/demo/runs/prj_09047604e591d969/reports 200 in 15ms (next.js: 7ms, proxy.ts: 2ms, application-code: 6ms)
 GET /api/demo/runs/prj_09047604e591d969/runpod-status 200 in 17ms (next.js: 7ms, proxy.ts: 1906µs, application-code: 9ms)
 GET /api/demo/runs/prj_09047604e591d969/reports 200 in 15ms (next.js: 8ms, proxy.ts: 2ms, application-code: 5ms)
 GET /api/demo/runs/prj_09047604e591d969/reports 200 in 19ms (next.js: 8ms, proxy.ts: 3ms, application-code: 7ms)
 GET /api/demo/runs/prj_09047604e591d969/reports 200 in 19ms (next.js: 11ms, proxy.ts: 3ms, application-code: 5ms)
 GET /api/demo/runs/prj_09047604e591d969/reports 200 in 15ms (next.js: 7ms, proxy.ts: 2ms, application-code: 6ms)
 GET /api/demo/runs/prj_09047604e591d969/runpod-status 200 in 17ms (next.js: 7ms, proxy.ts: 1967µs, application-code: 8ms)
 GET /api/demo/runs/prj_09047604e591d969/runpod-status 200 in 18ms (next.js: 7ms, proxy.ts: 4ms, application-code: 7ms)
 GET /api/demo/runs/prj_09047604e591d969/reports 200 in 14ms (next.js: 7ms, proxy.ts: 1904µs, application-code: 5ms)
 GET /api/demo/runs/prj_09047604e591d969/reports 200 in 16ms (next.js: 7ms, proxy.ts: 2ms, application-code: 7ms)
 GET /api/demo/runs/prj_09047604e591d969/reports 200 in 14ms (next.js: 3ms, proxy.ts: 3ms, application-code: 8ms)
 GET /api/demo/runs/prj_09047604e591d969/reports 200 in 15ms (next.js: 5ms, proxy.ts: 3ms, application-code: 7ms)
 GET /api/demo/runs/prj_09047604e591d969/reports 200 in 18ms (next.js: 8ms, proxy.ts: 1900µs, application-code: 8ms)
 GET /api/demo/runs/prj_09047604e591d969/runpod-status 200 in 19ms (next.js: 9ms, proxy.ts: 1911µs, application-code: 8ms)
 GET /api/demo/runs/prj_09047604e591d969/reports 200 in 11ms (next.js: 4ms, proxy.ts: 2ms, application-code: 5ms)
 GET /api/demo/runs/prj_09047604e591d969/reports 200 in 18ms (next.js: 9ms, proxy.ts: 3ms, application-code: 6ms)
 GET /api/demo/runs/prj_09047604e591d969/reports 200 in 20ms (next.js: 11ms, proxy.ts: 2ms, application-code: 6ms)
 GET /api/demo/runs/prj_09047604e591d969/reports 200 in 17ms (next.js: 7ms, proxy.ts: 1871µs, application-code: 8ms)
 GET /api/demo/runs/prj_09047604e591d969/runpod-status 200 in 17ms (next.js: 8ms, proxy.ts: 2ms, application-code: 7ms)
 GET /api/demo/runs/prj_09047604e591d969/runpod-status 200 in 16ms (next.js: 7ms, proxy.ts: 1906µs, application-code: 8ms)
 GET /api/demo/runs/prj_09047604e591d969/reports 200 in 21ms (next.js: 10ms, proxy.ts: 3ms, application-code: 9ms)
 GET /api/demo/runs/prj_09047604e591d969/reports 200 in 22ms (next.js: 13ms, proxy.ts: 2ms, application-code: 6ms)
 GET /api/demo/runs/prj_09047604e591d969/reports 200 in 24ms (next.js: 9ms, proxy.ts: 4ms, application-code: 10ms)
 GET /api/demo/runs/prj_09047604e591d969/reports 200 in 25ms (next.js: 12ms, proxy.ts: 4ms, application-code: 8ms)
 GET /api/demo/runs/prj_09047604e591d969/reports 200 in 28ms (next.js: 15ms, proxy.ts: 4ms, application-code: 9ms)
 GET /api/demo/runs/prj_09047604e591d969/reports 200 in 17ms (next.js: 7ms, proxy.ts: 3ms, application-code: 7ms)
 GET /api/demo/runs/prj_09047604e591d969/reports 200 in 15ms (next.js: 7ms, proxy.ts: 2ms, application-code: 6ms)
 GET /api/demo/runs/prj_09047604e591d969/runpod-status 200 in 17ms (next.js: 8ms, proxy.ts: 2ms, application-code: 8ms)
 GET /api/demo/runs/prj_09047604e591d969/reports 200 in 11ms (next.js: 3ms, proxy.ts: 2ms, application-code: 6ms)
 GET /api/demo/runs/prj_09047604e591d969/reports 200 in 17ms (next.js: 9ms, proxy.ts: 2ms, application-code: 6ms)
 GET /api/demo/runs/prj_09047604e591d969/reports 200 in 13ms (next.js: 5ms, proxy.ts: 2ms, application-code: 5ms)
 GET /api/demo/runs/prj_09047604e591d969/reports 200 in 15ms (next.js: 4ms, proxy.ts: 3ms, application-code: 8ms)
 GET /api/demo/runs/prj_09047604e591d969/reports 200 in 31ms (next.js: 8ms, proxy.ts: 2ms, application-code: 21ms)
 GET /api/demo/runs/prj_09047604e591d969/runpod-status 200 in 20ms (next.js: 8ms, proxy.ts: 2ms, application-code: 9ms)
 GET /api/demo/runs/prj_09047604e591d969/runpod-status 200 in 18ms (next.js: 8ms, proxy.ts: 2ms, application-code: 8ms)
 GET /api/demo/runs/prj_09047604e591d969/reports 200 in 17ms (next.js: 8ms, proxy.ts: 2ms, application-code: 6ms)
 GET /api/demo/runs/prj_09047604e591d969/reports 200 in 30ms (next.js: 21ms, proxy.ts: 3ms, application-code: 6ms)
 GET /api/demo/runs/prj_09047604e591d969/reports 200 in 20ms (next.js: 6ms, proxy.ts: 5ms, application-code: 10ms)
 GET /api/demo/runs/prj_09047604e591d969/reports 200 in 22ms (next.js: 8ms, proxy.ts: 4ms, application-code: 10ms)
 GET /api/demo/runs/prj_09047604e591d969/reports 200 in 42ms (next.js: 32ms, proxy.ts: 3ms, application-code: 7ms)
 GET /api/demo/runs/prj_09047604e591d969/runpod-status 200 in 107ms (next.js: 52ms, proxy.ts: 18ms, application-code: 37ms)
 GET /api/demo/runs/prj_09047604e591d969/reports 200 in 45ms (next.js: 20ms, proxy.ts: 10ms, application-code: 15ms)
 GET /api/demo/runs/prj_09047604e591d969/reports 200 in 25ms (next.js: 10ms, proxy.ts: 4ms, application-code: 11ms)
 GET /api/demo/runs/prj_09047604e591d969/reports 200 in 15ms (next.js: 4ms, proxy.ts: 3ms, application-code: 7ms)
 GET /api/demo/runs/prj_09047604e591d969/reports 200 in 22ms (next.js: 4ms, proxy.ts: 3ms, application-code: 15ms)
 GET /api/demo/runs/prj_09047604e591d969/reports 200 in 28ms (next.js: 12ms, proxy.ts: 4ms, application-code: 12ms)
 GET /api/demo/runs/prj_09047604e591d969/runpod-status 200 in 27ms (next.js: 10ms, proxy.ts: 4ms, application-code: 14ms)
 GET /api/demo/runs/prj_09047604e591d969/runpod-status 200 in 30ms (next.js: 13ms, proxy.ts: 4ms, application-code: 13ms)
 GET /api/demo/runs/prj_09047604e591d969/reports 200 in 26ms (next.js: 13ms, proxy.ts: 4ms, application-code: 9ms)
 GET /api/demo/runs/prj_09047604e591d969/reports 200 in 20ms (next.js: 9ms, proxy.ts: 3ms, application-code: 8ms)
 GET /api/demo/runs/prj_09047604e591d969/reports 200 in 33ms (next.js: 13ms, proxy.ts: 10ms, application-code: 10ms)
 GET /api/demo/runs/prj_09047604e591d969/reports 200 in 30ms (next.js: 15ms, proxy.ts: 3ms, application-code: 12ms)
 GET /api/demo/runs/prj_09047604e591d969/reports 200 in 19ms (next.js: 8ms, proxy.ts: 3ms, application-code: 8ms)
 GET /api/demo/runs/prj_09047604e591d969/runpod-status 200 in 27ms (next.js: 9ms, proxy.ts: 2ms, application-code: 16ms)
 GET /api/demo/runs/prj_09047604e591d969/reports 200 in 22ms (next.js: 10ms, proxy.ts: 2ms, application-code: 9ms)
 GET /api/demo/runs/prj_09047604e591d969/reports 200 in 24ms (next.js: 11ms, proxy.ts: 3ms, application-code: 9ms)
 GET /api/demo/runs/prj_09047604e591d969/reports 200 in 21ms (next.js: 9ms, proxy.ts: 3ms, application-code: 9ms)
 GET /api/demo/runs/prj_09047604e591d969/reports 200 in 14ms (next.js: 3ms, proxy.ts: 3ms, application-code: 8ms)
 GET /api/demo/runs/prj_09047604e591d969/reports 200 in 18ms (next.js: 7ms, proxy.ts: 2ms, application-code: 8ms)
 GET /api/demo/runs/prj_09047604e591d969/runpod-status 200 in 23ms (next.js: 10ms, proxy.ts: 2ms, application-code: 11ms)
 GET /api/demo/runs/prj_09047604e591d969/runpod-status 200 in 25ms (next.js: 11ms, proxy.ts: 3ms, application-code: 10ms)
 GET /api/demo/runs/prj_09047604e591d969/reports 200 in 17ms (next.js: 9ms, proxy.ts: 2ms, application-code: 6ms)
 GET /api/demo/runs/prj_09047604e591d969/reports 200 in 18ms (next.js: 8ms, proxy.ts: 3ms, application-code: 7ms)
 GET /api/demo/runs/prj_09047604e591d969/reports 200 in 23ms (next.js: 11ms, proxy.ts: 3ms, application-code: 8ms)
 GET /api/demo/runs/prj_09047604e591d969/reports 200 in 16ms (next.js: 5ms, proxy.ts: 4ms, application-code: 7ms)
 GET /api/demo/runs/prj_09047604e591d969/reports 200 in 17ms (next.js: 7ms, proxy.ts: 4ms, application-code: 7ms)
 GET /api/demo/runs/prj_09047604e591d969/runpod-status 200 in 24ms (next.js: 9ms, proxy.ts: 3ms, application-code: 12ms)
 GET /api/demo/runs/prj_09047604e591d969/reports 200 in 21ms (next.js: 9ms, proxy.ts: 4ms, application-code: 8ms)
 GET /api/demo/runs/prj_09047604e591d969/runpod-status 200 in 26ms (next.js: 10ms, proxy.ts: 4ms, application-code: 12ms)
 GET /api/demo/runs/prj_09047604e591d969/reports 200 in 18ms (next.js: 8ms, proxy.ts: 3ms, application-code: 7ms)
 GET /api/demo/runs/prj_09047604e591d969/reports 200 in 19ms (next.js: 10ms, proxy.ts: 3ms, application-code: 6ms)
 GET /api/demo/runs/prj_09047604e591d969/reports 200 in 13ms (next.js: 5ms, proxy.ts: 2ms, application-code: 5ms)
 GET /api/demo/runs/prj_09047604e591d969/reports 200 in 26ms (next.js: 12ms, proxy.ts: 4ms, application-code: 10ms)
 GET /api/demo/runs/prj_09047604e591d969/runpod-status 200 in 31ms (next.js: 13ms, proxy.ts: 3ms, application-code: 15ms)
 GET /api/demo/runs/prj_09047604e591d969/runpod-status 200 in 26ms (next.js: 10ms, proxy.ts: 3ms, application-code: 13ms)
 GET /api/demo/runs/prj_09047604e591d969/reports 200 in 26ms (next.js: 12ms, proxy.ts: 3ms, application-code: 11ms)
 GET /api/demo/runs/prj_09047604e591d969/reports 200 in 24ms (next.js: 10ms, proxy.ts: 5ms, application-code: 9ms)
 GET /api/demo/runs/prj_09047604e591d969/reports 200 in 30ms (next.js: 15ms, proxy.ts: 4ms, application-code: 11ms)
 GET /api/demo/runs/prj_09047604e591d969/reports 200 in 34ms (next.js: 9ms, proxy.ts: 18ms, application-code: 7ms)
 GET /api/demo/runs/prj_09047604e591d969/reports 200 in 30ms (next.js: 16ms, proxy.ts: 3ms, application-code: 11ms)
 GET /api/demo/runs/prj_09047604e591d969/runpod-status 200 in 31ms (next.js: 11ms, proxy.ts: 4ms, application-code: 16ms)
 GET /api/demo/runs/prj_09047604e591d969/reports 200 in 26ms (next.js: 13ms, proxy.ts: 3ms, application-code: 9ms)
 GET /api/demo/runs/prj_09047604e591d969/reports 200 in 24ms (next.js: 11ms, proxy.ts: 3ms, application-code: 10ms)
 GET /api/demo/runs/prj_09047604e591d969/reports 200 in 18ms (next.js: 5ms, proxy.ts: 6ms, application-code: 6ms)
 GET /api/demo/runs/prj_09047604e591d969/reports 200 in 17ms (next.js: 6ms, proxy.ts: 4ms, application-code: 8ms)
 GET /api/demo/runs/prj_09047604e591d969/reports 200 in 17ms (next.js: 7ms, proxy.ts: 3ms, application-code: 8ms)
 GET /api/demo/runs/prj_09047604e591d969/runpod-status 200 in 25ms (next.js: 11ms, proxy.ts: 2ms, application-code: 12ms)
 GET /api/demo/runs/prj_09047604e591d969/runpod-status 200 in 26ms (next.js: 12ms, proxy.ts: 4ms, application-code: 11ms)
 GET /api/demo/runs/prj_09047604e591d969/reports 200 in 26ms (next.js: 13ms, proxy.ts: 3ms, application-code: 11ms)
 GET /api/demo/runs/prj_09047604e591d969/reports 200 in 36ms (next.js: 14ms, proxy.ts: 5ms, application-code: 18ms)
 GET /api/demo/runs/prj_09047604e591d969/reports 200 in 38ms (next.js: 19ms, proxy.ts: 4ms, application-code: 15ms)
 GET /api/demo/runs/prj_09047604e591d969/reports 200 in 24ms (next.js: 7ms, proxy.ts: 5ms, application-code: 13ms)
 GET /api/demo/runs/prj_09047604e591d969/reports 200 in 24ms (next.js: 13ms, proxy.ts: 3ms, application-code: 8ms)
 GET /api/demo/runs/prj_09047604e591d969/runpod-status 200 in 27ms (next.js: 11ms, proxy.ts: 3ms, application-code: 14ms)
 GET /api/demo/runs/prj_09047604e591d969/reports 200 in 20ms (next.js: 5ms, proxy.ts: 3ms, application-code: 11ms)
 GET /api/demo/runs/prj_09047604e591d969/reports 200 in 24ms (next.js: 11ms, proxy.ts: 3ms, application-code: 10ms)
 GET /api/demo/runs/prj_09047604e591d969/reports 200 in 21ms (next.js: 4ms, proxy.ts: 6ms, application-code: 11ms)
 GET /api/demo/events?projectId=prj_09047604e591d969 200 in 3.0min (next.js: 1754µs, proxy.ts: 3ms, application-code: 3.0min)
 GET /lab?projectId=prj_09047604e591d969 200 in 130ms (next.js: 4ms, application-code: 125ms)
 GET /api/demo/runs/prj_09047604e591d969/runpod-status 200 in 153ms (next.js: 32ms, proxy.ts: 53ms, application-code: 68ms)
 GET /api/demo/runs/prj_09047604e591d969/leaf-scores 404 in 187ms (next.js: 84ms, proxy.ts: 56ms, application-code: 47ms)
 GET /api/demo/runs/prj_09047604e591d969/clusters 200 in 199ms (next.js: 104ms, proxy.ts: 55ms, application-code: 39ms)
 GET /api/demo/runs/prj_09047604e591d969/repair-iterations 200 in 170ms (next.js: 117ms, proxy.ts: 22ms, application-code: 30ms)
 GET /api/demo/runs/prj_09047604e591d969/reports 200 in 178ms (next.js: 153ms, proxy.ts: 15ms, application-code: 10ms)
 GET /api/demo/runs/prj_09047604e591d969/reports 200 in 81ms (next.js: 28ms, proxy.ts: 32ms, application-code: 21ms)
 GET /api/demo/runs/prj_09047604e591d969/reports 200 in 56ms (next.js: 27ms, proxy.ts: 13ms, application-code: 17ms)
 GET /api/demo/runs/prj_09047604e591d969/reports 200 in 62ms (next.js: 29ms, proxy.ts: 14ms, application-code: 19ms)
 GET /api/demo/runs/prj_09047604e591d969/runpod-status 200 in 25ms (next.js: 11ms, proxy.ts: 3ms, application-code: 11ms)
 GET /api/demo/runs/prj_09047604e591d969/reports 200 in 19ms (next.js: 7ms, proxy.ts: 3ms, application-code: 9ms)
 GET /api/demo/runs/prj_09047604e591d969/reports 200 in 19ms (next.js: 6ms, proxy.ts: 3ms, application-code: 10ms)
 GET /api/demo/runs/prj_09047604e591d969/reports 200 in 38ms (next.js: 18ms, proxy.ts: 3ms, application-code: 16ms)
 GET /api/demo/runs/prj_09047604e591d969/reports 200 in 38ms (next.js: 17ms, proxy.ts: 4ms, application-code: 17ms)
 GET /api/demo/runs/prj_09047604e591d969/reports 200 in 24ms (next.js: 11ms, proxy.ts: 3ms, application-code: 10ms)
 GET /api/demo/runs/prj_09047604e591d969/clusters 200 in 55ms (next.js: 16ms, proxy.ts: 4ms, application-code: 35ms)
 GET /api/demo/runs/prj_09047604e591d969/leaf-scores 404 in 58ms (next.js: 27ms, proxy.ts: 5ms, application-code: 26ms)
 GET /api/demo/runs/prj_09047604e591d969/repair-iterations 200 in 65ms (next.js: 41ms, proxy.ts: 5ms, application-code: 20ms)
 GET /api/demo/runs/prj_09047604e591d969/runpod-status 200 in 23ms (next.js: 9ms, proxy.ts: 6ms, application-code: 7ms)
 GET /api/demo/runs/prj_09047604e591d969/reports 200 in 30ms (next.js: 13ms, proxy.ts: 3ms, application-code: 15ms)
 GET /api/demo/runs/prj_09047604e591d969/reports 200 in 15ms (next.js: 4ms, proxy.ts: 3ms, application-code: 8ms)
 GET /api/demo/runs/prj_09047604e591d969/reports 200 in 31ms (next.js: 13ms, proxy.ts: 3ms, application-code: 15ms)
 GET /api/demo/runs/prj_09047604e591d969/reports 200 in 32ms (next.js: 17ms, proxy.ts: 3ms, application-code: 12ms)
 GET /api/demo/runs/prj_09047604e591d969/runpod-status 200 in 24ms (next.js: 10ms, proxy.ts: 1781µs, application-code: 13ms)
 GET /api/demo/runs/prj_09047604e591d969/clusters 200 in 58ms (next.js: 15ms, proxy.ts: 5ms, application-code: 38ms)
 GET /api/demo/runs/prj_09047604e591d969/leaf-scores 404 in 59ms (next.js: 25ms, proxy.ts: 5ms, application-code: 29ms)
 GET /api/demo/runs/prj_09047604e591d969/repair-iterations 200 in 65ms (next.js: 37ms, proxy.ts: 5ms, application-code: 23ms)
 GET /api/demo/runs/prj_09047604e591d969/reports 200 in 23ms (next.js: 11ms, proxy.ts: 3ms, application-code: 9ms)
 GET /api/demo/runs/prj_09047604e591d969/runpod-status 200 in 28ms (next.js: 11ms, proxy.ts: 5ms, application-code: 12ms)
 GET /api/demo/runs/prj_09047604e591d969/reports 200 in 25ms (next.js: 12ms, proxy.ts: 4ms, application-code: 9ms)
 GET /api/demo/runs/prj_09047604e591d969/reports 200 in 17ms (next.js: 6ms, proxy.ts: 4ms, application-code: 7ms)
 GET /api/demo/runs/prj_09047604e591d969/reports 200 in 27ms (next.js: 11ms, proxy.ts: 4ms, application-code: 12ms)
 GET /api/demo/runs/prj_09047604e591d969/reports 200 in 34ms (next.js: 14ms, proxy.ts: 3ms, application-code: 17ms)
 GET /api/demo/runs/prj_09047604e591d969/reports 200 in 24ms (next.js: 12ms, proxy.ts: 4ms, application-code: 8ms)
 GET /api/demo/runs/prj_09047604e591d969/reports 200 in 23ms (next.js: 11ms, proxy.ts: 3ms, application-code: 10ms)
 GET /api/demo/runs/prj_09047604e591d969/runpod-status 200 in 27ms (next.js: 12ms, proxy.ts: 3ms, application-code: 12ms)
 GET /api/demo/runs/prj_09047604e591d969/reports 200 in 23ms (next.js: 11ms, proxy.ts: 4ms, application-code: 8ms)
 GET /api/demo/runs/prj_09047604e591d969/reports 200 in 23ms (next.js: 10ms, proxy.ts: 3ms, application-code: 9ms)
 GET /api/demo/runs/prj_09047604e591d969/reports 200 in 25ms (next.js: 7ms, proxy.ts: 6ms, application-code: 12ms)
 GET /api/demo/runs/prj_09047604e591d969/reports 200 in 27ms (next.js: 10ms, proxy.ts: 3ms, application-code: 14ms)
 GET /api/demo/runs/prj_09047604e591d969/runpod-status 200 in 32ms (next.js: 13ms, proxy.ts: 4ms, application-code: 15ms)
 GET /api/demo/runs/prj_09047604e591d969/reports 200 in 21ms (next.js: 11ms, proxy.ts: 3ms, application-code: 7ms)
 GET /api/demo/runs/prj_09047604e591d969/runpod-status 200 in 25ms (next.js: 11ms, proxy.ts: 3ms, application-code: 11ms)
 GET /api/demo/runs/prj_09047604e591d969/reports 200 in 23ms (next.js: 12ms, proxy.ts: 3ms, application-code: 9ms)
 GET /api/demo/runs/prj_09047604e591d969/reports 200 in 17ms (next.js: 5ms, proxy.ts: 4ms, application-code: 7ms)
 GET /api/demo/runs/prj_09047604e591d969/reports 200 in 30ms (next.js: 14ms, proxy.ts: 4ms, application-code: 13ms)
 GET /api/demo/runs/prj_09047604e591d969/reports 200 in 35ms (next.js: 16ms, proxy.ts: 3ms, application-code: 15ms)
 GET /api/demo/runs/prj_09047604e591d969/reports 200 in 22ms (next.js: 11ms, proxy.ts: 4ms, application-code: 7ms)
 GET /api/demo/runs/prj_09047604e591d969/runpod-status 200 in 38ms (next.js: 15ms, proxy.ts: 11ms, application-code: 11ms)
 GET /api/demo/runs/prj_09047604e591d969/reports 200 in 30ms (next.js: 14ms, proxy.ts: 3ms, application-code: 13ms)
 GET /api/demo/runs/prj_09047604e591d969/reports 200 in 17ms (next.js: 5ms, proxy.ts: 3ms, application-code: 8ms)
 GET /api/demo/runs/prj_09047604e591d969/reports 200 in 31ms (next.js: 12ms, proxy.ts: 5ms, application-code: 14ms)
 GET /api/demo/runs/prj_09047604e591d969/reports 200 in 37ms (next.js: 16ms, proxy.ts: 3ms, application-code: 18ms)
 GET /api/demo/runs/prj_09047604e591d969/runpod-status 200 in 23ms (next.js: 8ms, proxy.ts: 3ms, application-code: 12ms)
 GET /api/demo/runs/prj_09047604e591d969/reports 200 in 26ms (next.js: 11ms, proxy.ts: 5ms, application-code: 10ms)
 GET /api/demo/runs/prj_09047604e591d969/runpod-status 200 in 27ms (next.js: 11ms, proxy.ts: 3ms, application-code: 14ms)
 GET /api/demo/runs/prj_09047604e591d969/reports 200 in 25ms (next.js: 12ms, proxy.ts: 3ms, application-code: 10ms)
 GET /api/demo/runs/prj_09047604e591d969/reports 200 in 24ms (next.js: 10ms, proxy.ts: 4ms, application-code: 10ms)
 GET /api/demo/runs/prj_09047604e591d969/reports 200 in 28ms (next.js: 13ms, proxy.ts: 3ms, application-code: 13ms)
 GET /api/demo/runs/prj_09047604e591d969/reports 200 in 31ms (next.js: 15ms, proxy.ts: 3ms, application-code: 13ms)
 GET /api/demo/runs/prj_09047604e591d969/reports 200 in 22ms (next.js: 9ms, proxy.ts: 3ms, application-code: 9ms)
 GET /api/demo/runs/prj_09047604e591d969/runpod-status 200 in 23ms (next.js: 9ms, proxy.ts: 2ms, application-code: 12ms)
 GET /api/demo/runs/prj_09047604e591d969/reports 200 in 24ms (next.js: 12ms, proxy.ts: 3ms, application-code: 9ms)
 GET /api/demo/runs/prj_09047604e591d969/runpod-status 200 in 29ms (next.js: 10ms, proxy.ts: 4ms, application-code: 15ms)
 GET /api/demo/runs/prj_09047604e591d969/reports 200 in 19ms (next.js: 10ms, proxy.ts: 2ms, application-code: 7ms)
 GET /api/demo/runs/prj_09047604e591d969/reports 200 in 24ms (next.js: 14ms, proxy.ts: 3ms, application-code: 7ms)
 GET /api/demo/runs/prj_09047604e591d969/reports 200 in 16ms (next.js: 5ms, proxy.ts: 4ms, application-code: 7ms)
 GET /api/demo/runs/prj_09047604e591d969/runpod-status 200 in 25ms (next.js: 10ms, proxy.ts: 3ms, application-code: 12ms)
 GET /api/demo/runs/prj_09047604e591d969/reports 200 in 29ms (next.js: 12ms, proxy.ts: 5ms, application-code: 13ms)
 GET /api/demo/runs/prj_09047604e591d969/reports 200 in 34ms (next.js: 14ms, proxy.ts: 4ms, application-code: 15ms)
 GET /api/demo/runs/prj_09047604e591d969/reports 200 in 34ms (next.js: 17ms, proxy.ts: 4ms, application-code: 13ms)
 GET /api/demo/runs/prj_09047604e591d969/runpod-status 200 in 18ms (next.js: 7ms, proxy.ts: 2ms, application-code: 9ms)
 GET /api/demo/runs/prj_09047604e591d969/reports 200 in 20ms (next.js: 10ms, proxy.ts: 2ms, application-code: 7ms)
 GET /api/demo/runs/prj_09047604e591d969/reports 200 in 16ms (next.js: 3ms, proxy.ts: 5ms, application-code: 8ms)
 GET /api/demo/runs/prj_09047604e591d969/reports 200 in 18ms (next.js: 5ms, proxy.ts: 5ms, application-code: 7ms)
 GET /api/demo/runs/prj_09047604e591d969/reports 200 in 42ms (next.js: 22ms, proxy.ts: 4ms, application-code: 15ms)
 GET /api/demo/runs/prj_09047604e591d969/reports 200 in 52ms (next.js: 30ms, proxy.ts: 5ms, application-code: 18ms)
 GET /api/demo/runs/prj_09047604e591d969/reports 200 in 54ms (next.js: 37ms, proxy.ts: 4ms, application-code: 13ms)
 GET /api/demo/runs/prj_09047604e591d969/reports 200 in 59ms (next.js: 43ms, proxy.ts: 6ms, application-code: 10ms)
 GET /api/demo/runs/prj_09047604e591d969/reports 200 in 60ms (next.js: 32ms, proxy.ts: 20ms, application-code: 7ms)
 GET /api/demo/runs/prj_09047604e591d969/reports 200 in 15ms (next.js: 3ms, proxy.ts: 3ms, application-code: 9ms)
 GET /api/demo/runs/prj_09047604e591d969/reports 200 in 21ms (next.js: 9ms, proxy.ts: 2ms, application-code: 9ms)
 GET /api/demo/runs/prj_09047604e591d969/runpod-status 200 in 17ms (next.js: 7ms, proxy.ts: 2ms, application-code: 8ms)
 GET /api/demo/runs/prj_09047604e591d969/reports 200 in 21ms (next.js: 9ms, proxy.ts: 3ms, application-code: 9ms)
 GET /api/demo/runs/prj_09047604e591d969/reports 200 in 25ms (next.js: 11ms, proxy.ts: 3ms, application-code: 10ms)
 GET /api/demo/runs/prj_09047604e591d969/reports 200 in 32ms (next.js: 15ms, proxy.ts: 3ms, application-code: 13ms)
 GET /api/demo/runs/prj_09047604e591d969/reports 200 in 15ms (next.js: 4ms, proxy.ts: 3ms, application-code: 9ms)
 GET /api/demo/runs/prj_09047604e591d969/runpod-status 200 in 25ms (next.js: 11ms, proxy.ts: 3ms, application-code: 12ms)
 GET /api/demo/runs/prj_09047604e591d969/reports 200 in 20ms (next.js: 10ms, proxy.ts: 2ms, application-code: 9ms)
 GET /api/demo/runs/prj_09047604e591d969/runpod-status 200 in 22ms (next.js: 9ms, proxy.ts: 3ms, application-code: 10ms)
 GET /api/demo/runs/prj_09047604e591d969/reports 200 in 18ms (next.js: 7ms, proxy.ts: 2ms, application-code: 8ms)
 GET /api/demo/runs/prj_09047604e591d969/reports 200 in 15ms (next.js: 7ms, proxy.ts: 1736µs, application-code: 6ms)
 GET /api/demo/runs/prj_09047604e591d969/reports 200 in 22ms (next.js: 10ms, proxy.ts: 6ms, application-code: 6ms)
 GET /api/demo/runs/prj_09047604e591d969/reports 200 in 22ms (next.js: 11ms, proxy.ts: 4ms, application-code: 7ms)
 GET /api/demo/runs/prj_09047604e591d969/reports 200 in 19ms (next.js: 7ms, proxy.ts: 2ms, application-code: 10ms)
 GET /api/demo/runs/prj_09047604e591d969/runpod-status 200 in 27ms (next.js: 11ms, proxy.ts: 2ms, application-code: 14ms)
 GET /api/demo/runs/prj_09047604e591d969/reports 200 in 28ms (next.js: 7ms, proxy.ts: 2ms, application-code: 18ms)
 GET /api/demo/runs/prj_09047604e591d969/reports 200 in 49ms (next.js: 5ms, proxy.ts: 4ms, application-code: 40ms)
 GET /api/demo/runs/prj_09047604e591d969/reports 200 in 25ms (next.js: 14ms, proxy.ts: 3ms, application-code: 8ms)
 GET /api/demo/runs/prj_09047604e591d969/reports 200 in 15ms (next.js: 6ms, proxy.ts: 3ms, application-code: 7ms)
 GET /api/demo/runs/prj_09047604e591d969/runpod-status 200 in 27ms (next.js: 12ms, proxy.ts: 6ms, application-code: 9ms)
 GET /api/demo/runs/prj_09047604e591d969/reports 200 in 28ms (next.js: 14ms, proxy.ts: 5ms, application-code: 8ms)
 GET /api/demo/runs/prj_09047604e591d969/runpod-status 200 in 22ms (next.js: 8ms, proxy.ts: 4ms, application-code: 10ms)
 GET /api/demo/runs/prj_09047604e591d969/reports 200 in 33ms (next.js: 16ms, proxy.ts: 3ms, application-code: 13ms)
 GET /api/demo/runs/prj_09047604e591d969/reports 200 in 31ms (next.js: 17ms, proxy.ts: 5ms, application-code: 10ms)
 GET /api/demo/runs/prj_09047604e591d969/reports 200 in 23ms (next.js: 11ms, proxy.ts: 2ms, application-code: 9ms)
 GET /api/demo/runs/prj_09047604e591d969/reports 200 in 15ms (next.js: 6ms, proxy.ts: 3ms, application-code: 7ms)
 GET /api/demo/runs/prj_09047604e591d969/reports 200 in 20ms (next.js: 9ms, proxy.ts: 2ms, application-code: 9ms)
 GET /api/demo/runs/prj_09047604e591d969/reports 200 in 20ms (next.js: 9ms, proxy.ts: 3ms, application-code: 8ms)
 GET /api/demo/runs/prj_09047604e591d969/runpod-status 200 in 24ms (next.js: 10ms, proxy.ts: 4ms, application-code: 10ms)
 GET /api/demo/runs/prj_09047604e591d969/reports 200 in 21ms (next.js: 10ms, proxy.ts: 2ms, application-code: 9ms)
 GET /api/demo/runs/prj_09047604e591d969/reports 200 in 25ms (next.js: 10ms, proxy.ts: 3ms, application-code: 12ms)
 GET /api/demo/runs/prj_09047604e591d969/reports 200 in 28ms (next.js: 13ms, proxy.ts: 2ms, application-code: 14ms)
 GET /api/demo/runs/prj_09047604e591d969/reports 200 in 26ms (next.js: 6ms, proxy.ts: 11ms, application-code: 9ms)
 GET /api/demo/runs/prj_09047604e591d969/runpod-status 200 in 26ms (next.js: 10ms, proxy.ts: 3ms, application-code: 13ms)
 GET /api/demo/runs/prj_09047604e591d969/reports 200 in 21ms (next.js: 10ms, proxy.ts: 3ms, application-code: 9ms)
 GET /api/demo/runs/prj_09047604e591d969/runpod-status 200 in 26ms (next.js: 12ms, proxy.ts: 3ms, application-code: 11ms)
 GET /api/demo/runs/prj_09047604e591d969/reports 200 in 15ms (next.js: 7ms, proxy.ts: 1739µs, application-code: 6ms)
 GET /api/demo/runs/prj_09047604e591d969/reports 200 in 23ms (next.js: 10ms, proxy.ts: 3ms, application-code: 10ms)
 GET /api/demo/runs/prj_09047604e591d969/reports 200 in 24ms (next.js: 9ms, proxy.ts: 4ms, application-code: 11ms)
 GET /api/demo/runs/prj_09047604e591d969/reports 200 in 27ms (next.js: 8ms, proxy.ts: 5ms, application-code: 14ms)
 GET /api/demo/runs/prj_09047604e591d969/reports 200 in 21ms (next.js: 8ms, proxy.ts: 3ms, application-code: 10ms)
 GET /api/demo/runs/prj_09047604e591d969/runpod-status 200 in 23ms (next.js: 8ms, proxy.ts: 4ms, application-code: 11ms)
 GET /api/demo/runs/prj_09047604e591d969/reports 200 in 25ms (next.js: 10ms, proxy.ts: 4ms, application-code: 11ms)
 GET /api/demo/runs/prj_09047604e591d969/reports 200 in 24ms (next.js: 11ms, proxy.ts: 1915µs, application-code: 11ms)
 GET /api/demo/runs/prj_09047604e591d969/reports 200 in 19ms (next.js: 7ms, proxy.ts: 3ms, application-code: 8ms)
 GET /api/demo/runs/prj_09047604e591d969/reports 200 in 22ms (next.js: 11ms, proxy.ts: 3ms, application-code: 8ms)
 GET /api/demo/runs/prj_09047604e591d969/runpod-status 200 in 23ms (next.js: 7ms, proxy.ts: 2ms, application-code: 13ms)
 GET /api/demo/runs/prj_09047604e591d969/reports 200 in 19ms (next.js: 8ms, proxy.ts: 3ms, application-code: 8ms)
 GET /api/demo/runs/prj_09047604e591d969/runpod-status 200 in 23ms (next.js: 9ms, proxy.ts: 3ms, application-code: 11ms)
 GET /api/demo/runs/prj_09047604e591d969/reports 200 in 19ms (next.js: 9ms, proxy.ts: 3ms, application-code: 8ms)
 GET /api/demo/runs/prj_09047604e591d969/reports 200 in 28ms (next.js: 11ms, proxy.ts: 3ms, application-code: 14ms)
 GET /api/demo/runs/prj_09047604e591d969/reports 200 in 30ms (next.js: 15ms, proxy.ts: 3ms, application-code: 13ms)
 GET /api/demo/runs/prj_09047604e591d969/reports 200 in 16ms (next.js: 3ms, proxy.ts: 3ms, application-code: 10ms)
 GET /api/demo/runs/prj_09047604e591d969/runpod-status 200 in 28ms (next.js: 10ms, proxy.ts: 3ms, application-code: 15ms)
 GET /api/demo/runs/prj_09047604e591d969/reports 200 in 20ms (next.js: 8ms, proxy.ts: 2ms, application-code: 10ms)
 GET /api/demo/runs/prj_09047604e591d969/reports 200 in 16ms (next.js: 5ms, proxy.ts: 4ms, application-code: 7ms)
 GET /api/demo/runs/prj_09047604e591d969/reports 200 in 29ms (next.js: 9ms, proxy.ts: 4ms, application-code: 16ms)
 GET /api/demo/runs/prj_09047604e591d969/reports 200 in 17ms (next.js: 3ms, proxy.ts: 6ms, application-code: 8ms)
 GET /api/demo/runs/prj_09047604e591d969/runpod-status 200 in 20ms (next.js: 7ms, proxy.ts: 5ms, application-code: 8ms)
 GET /api/demo/runs/prj_09047604e591d969/reports 200 in 26ms (next.js: 13ms, proxy.ts: 4ms, application-code: 10ms)
 GET /api/demo/runs/prj_09047604e591d969/runpod-status 200 in 17ms (next.js: 7ms, proxy.ts: 1954µs, application-code: 8ms)
 GET /api/demo/runs/prj_09047604e591d969/reports 200 in 26ms (next.js: 13ms, proxy.ts: 6ms, application-code: 7ms)
 GET /api/demo/runs/prj_09047604e591d969/reports 200 in 29ms (next.js: 14ms, proxy.ts: 6ms, application-code: 9ms)
 GET /api/demo/runs/prj_09047604e591d969/reports 200 in 29ms (next.js: 18ms, proxy.ts: 5ms, application-code: 6ms)
 GET /api/demo/runs/prj_09047604e591d969/reports 200 in 14ms (next.js: 4ms, proxy.ts: 3ms, application-code: 7ms)
 GET /api/demo/runs/prj_09047604e591d969/reports 200 in 14ms (next.js: 7ms, proxy.ts: 2ms, application-code: 5ms)
 GET /api/demo/runs/prj_09047604e591d969/reports 200 in 27ms (next.js: 14ms, proxy.ts: 4ms, application-code: 10ms)
 GET /api/demo/runs/prj_09047604e591d969/reports 200 in 29ms (next.js: 17ms, proxy.ts: 3ms, application-code: 8ms)
 GET /api/demo/runs/prj_09047604e591d969/reports 200 in 23ms (next.js: 7ms, proxy.ts: 4ms, application-code: 12ms)
 GET /api/demo/runs/prj_09047604e591d969/reports 200 in 26ms (next.js: 10ms, proxy.ts: 4ms, application-code: 12ms)
 GET /api/demo/runs/prj_09047604e591d969/reports 200 in 15ms (next.js: 7ms, proxy.ts: 1951µs, application-code: 6ms)
 GET /api/demo/runs/prj_09047604e591d969/runpod-status 200 in 20ms (next.js: 9ms, proxy.ts: 1959µs, application-code: 9ms)
 GET /api/demo/runs/prj_09047604e591d969/reports 200 in 16ms (next.js: 7ms, proxy.ts: 3ms, application-code: 6ms)
 GET /api/demo/runs/prj_09047604e591d969/runpod-status 200 in 19ms (next.js: 8ms, proxy.ts: 3ms, application-code: 8ms)
 GET /api/demo/runs/prj_09047604e591d969/reports 200 in 19ms (next.js: 9ms, proxy.ts: 3ms, application-code: 8ms)
 GET /api/demo/runs/prj_09047604e591d969/reports 200 in 21ms (next.js: 11ms, proxy.ts: 2ms, application-code: 8ms)
 GET /api/demo/runs/prj_09047604e591d969/reports 200 in 11ms (next.js: 3ms, proxy.ts: 2ms, application-code: 6ms)
 GET /api/demo/runs/prj_09047604e591d969/runpod-status 200 in 19ms (next.js: 7ms, proxy.ts: 2ms, application-code: 10ms)
 GET /api/demo/runs/prj_09047604e591d969/runpod-status 200 in 19ms (next.js: 8ms, proxy.ts: 2ms, application-code: 8ms)
 GET /api/demo/runs/prj_09047604e591d969/reports 200 in 18ms (next.js: 9ms, proxy.ts: 3ms, application-code: 6ms)
 GET /api/demo/runs/prj_09047604e591d969/reports 200 in 11ms (next.js: 3ms, proxy.ts: 2ms, application-code: 6ms)
 GET /api/demo/runs/prj_09047604e591d969/reports 200 in 26ms (next.js: 14ms, proxy.ts: 3ms, application-code: 10ms)
 GET /api/demo/runs/prj_09047604e591d969/reports 200 in 29ms (next.js: 17ms, proxy.ts: 3ms, application-code: 9ms)
 GET /api/demo/runs/prj_09047604e591d969/reports 200 in 19ms (next.js: 7ms, proxy.ts: 2ms, application-code: 9ms)
 GET /api/demo/runs/prj_09047604e591d969/runpod-status 200 in 23ms (next.js: 7ms, proxy.ts: 3ms, application-code: 13ms)
 GET /api/demo/runs/prj_09047604e591d969/reports 200 in 17ms (next.js: 8ms, proxy.ts: 2ms, application-code: 7ms)
 GET /api/demo/runs/prj_09047604e591d969/reports 200 in 22ms (next.js: 11ms, proxy.ts: 1868µs, application-code: 8ms)
 GET /api/demo/runs/prj_09047604e591d969/reports 200 in 25ms (next.js: 6ms, proxy.ts: 13ms, application-code: 6ms)
 GET /api/demo/runs/prj_09047604e591d969/runpod-status 200 in 20ms (next.js: 9ms, proxy.ts: 2ms, application-code: 9ms)
 GET /api/demo/runs/prj_09047604e591d969/reports 200 in 13ms (next.js: 3ms, proxy.ts: 2ms, application-code: 8ms)
 GET /api/demo/runs/prj_09047604e591d969/runpod-status 200 in 17ms (next.js: 7ms, proxy.ts: 2ms, application-code: 8ms)
 GET /api/demo/runs/prj_09047604e591d969/reports 200 in 18ms (next.js: 10ms, proxy.ts: 2ms, application-code: 6ms)
 GET /api/demo/runs/prj_09047604e591d969/reports 200 in 17ms (next.js: 8ms, proxy.ts: 2ms, application-code: 7ms)
 GET /api/demo/runs/prj_09047604e591d969/reports 200 in 16ms (next.js: 7ms, proxy.ts: 2ms, application-code: 6ms)
 GET /api/demo/runs/prj_09047604e591d969/reports 200 in 22ms (next.js: 11ms, proxy.ts: 3ms, application-code: 8ms)
 GET /api/demo/runs/prj_09047604e591d969/runpod-status 200 in 17ms (next.js: 7ms, proxy.ts: 1759µs, application-code: 8ms)
 GET /api/demo/runs/prj_09047604e591d969/reports 200 in 17ms (next.js: 7ms, proxy.ts: 2ms, application-code: 8ms)
 GET /api/demo/runs/prj_09047604e591d969/reports 200 in 10ms (next.js: 3ms, proxy.ts: 1893µs, application-code: 5ms)
 GET /api/demo/runs/prj_09047604e591d969/reports 200 in 21ms (next.js: 11ms, proxy.ts: 3ms, application-code: 7ms)
 GET /api/demo/runs/prj_09047604e591d969/reports 200 in 25ms (next.js: 14ms, proxy.ts: 3ms, application-code: 9ms)
 GET /api/demo/runs/prj_09047604e591d969/runpod-status 200 in 18ms (next.js: 7ms, proxy.ts: 2ms, application-code: 9ms)
 GET /api/demo/runs/prj_09047604e591d969/reports 200 in 17ms (next.js: 8ms, proxy.ts: 1861µs, application-code: 7ms)
 GET /api/demo/runs/prj_09047604e591d969/runpod-status 200 in 18ms (next.js: 8ms, proxy.ts: 1934µs, application-code: 8ms)
 GET /api/demo/runs/prj_09047604e591d969/reports 200 in 24ms (next.js: 9ms, proxy.ts: 8ms, application-code: 7ms)
 GET /api/demo/runs/prj_09047604e591d969/reports 200 in 20ms (next.js: 10ms, proxy.ts: 2ms, application-code: 8ms)
 GET /api/demo/runs/prj_09047604e591d969/reports 200 in 21ms (next.js: 11ms, proxy.ts: 2ms, application-code: 8ms)
 GET /api/demo/runs/prj_09047604e591d969/reports 200 in 14ms (next.js: 7ms, proxy.ts: 1974µs, application-code: 6ms)
 GET /api/demo/runs/prj_09047604e591d969/runpod-status 200 in 17ms (next.js: 7ms, proxy.ts: 1809µs, application-code: 8ms)
 GET /api/demo/runs/prj_09047604e591d969/reports 200 in 18ms (next.js: 9ms, proxy.ts: 2ms, application-code: 7ms)
 GET /api/demo/runs/prj_09047604e591d969/reports 200 in 11ms (next.js: 3ms, proxy.ts: 1896µs, application-code: 6ms)
 GET /api/demo/runs/prj_09047604e591d969/reports 200 in 19ms (next.js: 8ms, proxy.ts: 3ms, application-code: 7ms)
 GET /api/demo/runs/prj_09047604e591d969/reports 200 in 21ms (next.js: 11ms, proxy.ts: 3ms, application-code: 8ms)
 GET /api/demo/runs/prj_09047604e591d969/reports 200 in 11ms (next.js: 2ms, proxy.ts: 3ms, application-code: 6ms)
 GET /api/demo/runs/prj_09047604e591d969/runpod-status 200 in 17ms (next.js: 7ms, proxy.ts: 3ms, application-code: 8ms)
 GET /api/demo/runs/prj_09047604e591d969/reports 200 in 21ms (next.js: 13ms, proxy.ts: 1960µs, application-code: 6ms)
 GET /api/demo/runs/prj_09047604e591d969/runpod-status 200 in 17ms (next.js: 8ms, proxy.ts: 1980µs, application-code: 7ms)
 GET /api/demo/runs/prj_09047604e591d969/reports 200 in 16ms (next.js: 7ms, proxy.ts: 3ms, application-code: 6ms)
 GET /api/demo/runs/prj_09047604e591d969/reports 200 in 15ms (next.js: 7ms, proxy.ts: 2ms, application-code: 5ms)
 GET /api/demo/runs/prj_09047604e591d969/reports 200 in 21ms (next.js: 10ms, proxy.ts: 3ms, application-code: 8ms)
 GET /api/demo/runs/prj_09047604e591d969/reports 200 in 24ms (next.js: 13ms, proxy.ts: 2ms, application-code: 8ms)
 GET /api/demo/runs/prj_09047604e591d969/reports 200 in 18ms (next.js: 7ms, proxy.ts: 3ms, application-code: 8ms)
 GET /api/demo/runs/prj_09047604e591d969/runpod-status 200 in 17ms (next.js: 7ms, proxy.ts: 2ms, application-code: 8ms)
 GET /api/demo/runs/prj_09047604e591d969/reports 200 in 15ms (next.js: 8ms, proxy.ts: 1670µs, application-code: 5ms)
 GET /api/demo/runs/prj_09047604e591d969/reports 200 in 15ms (next.js: 7ms, proxy.ts: 2ms, application-code: 6ms)
 GET /api/demo/runs/prj_09047604e591d969/reports 200 in 17ms (next.js: 8ms, proxy.ts: 2ms, application-code: 7ms)
 GET /api/demo/runs/prj_09047604e591d969/reports 200 in 13ms (next.js: 4ms, proxy.ts: 2ms, application-code: 6ms)
 GET /api/demo/runs/prj_09047604e591d969/runpod-status 200 in 18ms (next.js: 7ms, proxy.ts: 2ms, application-code: 8ms)
 GET /api/demo/runs/prj_09047604e591d969/reports 200 in 15ms (next.js: 7ms, proxy.ts: 1832µs, application-code: 6ms)
 GET /api/demo/runs/prj_09047604e591d969/runpod-status 200 in 19ms (next.js: 7ms, proxy.ts: 1982µs, application-code: 10ms)
 GET /api/demo/runs/prj_09047604e591d969/reports 200 in 15ms (next.js: 8ms, proxy.ts: 1840µs, application-code: 5ms)
 GET /api/demo/runs/prj_09047604e591d969/reports 200 in 11ms (next.js: 2ms, proxy.ts: 1858µs, application-code: 7ms)
 GET /api/demo/runs/prj_09047604e591d969/reports 200 in 19ms (next.js: 8ms, proxy.ts: 3ms, application-code: 8ms)
 GET /api/demo/runs/prj_09047604e591d969/reports 200 in 23ms (next.js: 11ms, proxy.ts: 3ms, application-code: 8ms)
 GET /api/demo/runs/prj_09047604e591d969/reports 200 in 17ms (next.js: 7ms, proxy.ts: 1810µs, application-code: 8ms)
 GET /api/demo/runs/prj_09047604e591d969/runpod-status 200 in 17ms (next.js: 7ms, proxy.ts: 2ms, application-code: 8ms)
 GET /api/demo/runs/prj_09047604e591d969/reports 200 in 17ms (next.js: 8ms, proxy.ts: 2ms, application-code: 7ms)
 GET /api/demo/runs/prj_09047604e591d969/reports 200 in 10ms (next.js: 3ms, proxy.ts: 1844µs, application-code: 6ms)
 GET /api/demo/runs/prj_09047604e591d969/reports 200 in 22ms (next.js: 11ms, proxy.ts: 3ms, application-code: 8ms)
 GET /api/demo/runs/prj_09047604e591d969/reports 200 in 23ms (next.js: 13ms, proxy.ts: 2ms, application-code: 8ms)
 GET /api/demo/runs/prj_09047604e591d969/runpod-status 200 in 16ms (next.js: 7ms, proxy.ts: 2ms, application-code: 7ms)
 GET /api/demo/runs/prj_09047604e591d969/reports 200 in 17ms (next.js: 9ms, proxy.ts: 2ms, application-code: 6ms)
 GET /api/demo/runs/prj_09047604e591d969/runpod-status 200 in 17ms (next.js: 7ms, proxy.ts: 1917µs, application-code: 8ms)
 GET /api/demo/runs/prj_09047604e591d969/reports 200 in 16ms (next.js: 7ms, proxy.ts: 2ms, application-code: 6ms)
 GET /api/demo/runs/prj_09047604e591d969/reports 200 in 11ms (next.js: 3ms, proxy.ts: 2ms, application-code: 6ms)
 GET /api/demo/runs/prj_09047604e591d969/reports 200 in 18ms (next.js: 9ms, proxy.ts: 3ms, application-code: 7ms)
 GET /api/demo/runs/prj_09047604e591d969/reports 200 in 27ms (next.js: 11ms, proxy.ts: 2ms, application-code: 13ms)
 GET /api/demo/runs/prj_09047604e591d969/reports 200 in 16ms (next.js: 7ms, proxy.ts: 3ms, application-code: 6ms)
 GET /api/demo/runs/prj_09047604e591d969/runpod-status 200 in 17ms (next.js: 7ms, proxy.ts: 3ms, application-code: 8ms)
 GET /api/demo/runs/prj_09047604e591d969/runpod-status 200 in 18ms (next.js: 8ms, proxy.ts: 2ms, application-code: 8ms)
 GET /api/demo/runs/prj_09047604e591d969/reports 200 in 15ms (next.js: 7ms, proxy.ts: 2ms, application-code: 6ms)
 GET /api/demo/runs/prj_09047604e591d969/reports 200 in 10ms (next.js: 3ms, proxy.ts: 2ms, application-code: 5ms)
 GET /api/demo/runs/prj_09047604e591d969/reports 200 in 19ms (next.js: 9ms, proxy.ts: 2ms, application-code: 7ms)
 GET /api/demo/runs/prj_09047604e591d969/reports 200 in 26ms (next.js: 13ms, proxy.ts: 3ms, application-code: 11ms)
 GET /api/demo/runs/prj_09047604e591d969/runpod-status 200 in 20ms (next.js: 8ms, proxy.ts: 3ms, application-code: 10ms)
 GET /api/demo/runs/prj_09047604e591d969/reports 200 in 15ms (next.js: 7ms, proxy.ts: 1967µs, application-code: 6ms)
 GET /api/demo/runs/prj_09047604e591d969/runpod-status 200 in 18ms (next.js: 7ms, proxy.ts: 2ms, application-code: 9ms)
 GET /api/demo/runs/prj_09047604e591d969/reports 200 in 20ms (next.js: 8ms, proxy.ts: 2ms, application-code: 9ms)
 GET /api/demo/runs/prj_09047604e591d969/reports 200 in 12ms (next.js: 4ms, proxy.ts: 2ms, application-code: 6ms)
 GET /api/demo/runs/prj_09047604e591d969/reports 200 in 18ms (next.js: 8ms, proxy.ts: 2ms, application-code: 7ms)
 GET /api/demo/runs/prj_09047604e591d969/reports 200 in 22ms (next.js: 11ms, proxy.ts: 2ms, application-code: 8ms)
 GET /api/demo/runs/prj_09047604e591d969/reports 200 in 17ms (next.js: 8ms, proxy.ts: 2ms, application-code: 6ms)
 GET /api/demo/runs/prj_09047604e591d969/runpod-status 200 in 18ms (next.js: 8ms, proxy.ts: 2ms, application-code: 7ms)
 GET /api/demo/runs/prj_09047604e591d969/reports 200 in 16ms (next.js: 8ms, proxy.ts: 2ms, application-code: 5ms)
 GET /api/demo/runs/prj_09047604e591d969/reports 200 in 16ms (next.js: 8ms, proxy.ts: 2ms, application-code: 6ms)
 GET /api/demo/runs/prj_09047604e591d969/reports 200 in 21ms (next.js: 10ms, proxy.ts: 4ms, application-code: 7ms)
 GET /api/demo/runs/prj_09047604e591d969/reports 200 in 23ms (next.js: 12ms, proxy.ts: 3ms, application-code: 8ms)
 GET /api/demo/runs/prj_09047604e591d969/runpod-status 200 in 21ms (next.js: 7ms, proxy.ts: 3ms, application-code: 11ms)
 GET /api/demo/runs/prj_09047604e591d969/reports 200 in 16ms (next.js: 7ms, proxy.ts: 2ms, application-code: 7ms)
 GET /api/demo/runs/prj_09047604e591d969/runpod-status 200 in 19ms (next.js: 7ms, proxy.ts: 3ms, application-code: 10ms)
 GET /api/demo/runs/prj_09047604e591d969/reports 200 in 16ms (next.js: 7ms, proxy.ts: 2ms, application-code: 7ms)
 GET /api/demo/runs/prj_09047604e591d969/reports 200 in 20ms (next.js: 8ms, proxy.ts: 3ms, application-code: 9ms)
 GET /api/demo/events?projectId=prj_09047604e591d969 200 in 2.9min (next.js: 2ms, proxy.ts: 3ms, application-code: 2.9min)
 GET /lab?projectId=prj_09047604e591d969 200 in 119ms (next.js: 2ms, application-code: 117ms)
 GET /api/demo/runs/prj_09047604e591d969/runpod-status 200 in 91ms (next.js: 34ms, proxy.ts: 9ms, application-code: 47ms)
 GET /api/demo/runs/prj_09047604e591d969/clusters 200 in 94ms (next.js: 45ms, proxy.ts: 9ms, application-code: 40ms)
 GET /api/demo/runs/prj_09047604e591d969/leaf-scores 404 in 96ms (next.js: 57ms, proxy.ts: 9ms, application-code: 30ms)
 GET /api/demo/runs/prj_09047604e591d969/repair-iterations 200 in 97ms (next.js: 68ms, proxy.ts: 9ms, application-code: 20ms)
 GET /api/demo/runs/prj_09047604e591d969/reports 200 in 108ms (next.js: 72ms, proxy.ts: 9ms, application-code: 27ms)
 GET /api/demo/runs/prj_09047604e591d969/reports 200 in 107ms (next.js: 31ms, proxy.ts: 62ms, application-code: 14ms)
 GET /api/demo/runs/prj_09047604e591d969/reports 200 in 83ms (next.js: 24ms, proxy.ts: 48ms, application-code: 11ms)
 GET /api/demo/runs/prj_09047604e591d969/reports 200 in 58ms (next.js: 26ms, proxy.ts: 13ms, application-code: 20ms)
 GET /api/demo/runs/prj_09047604e591d969/reports 200 in 58ms (next.js: 28ms, proxy.ts: 11ms, application-code: 19ms)
 GET /api/demo/runs/prj_09047604e591d969/reports 200 in 60ms (next.js: 39ms, proxy.ts: 11ms, application-code: 10ms)
 GET /api/demo/runs/prj_09047604e591d969/runpod-status 200 in 21ms (next.js: 8ms, proxy.ts: 1783µs, application-code: 12ms)
 GET /api/demo/runs/prj_09047604e591d969/reports 200 in 16ms (next.js: 7ms, proxy.ts: 1853µs, application-code: 7ms)
 GET /api/demo/runs/prj_09047604e591d969/reports 200 in 12ms (next.js: 3ms, proxy.ts: 3ms, application-code: 6ms)
 GET /api/demo/runs/prj_09047604e591d969/reports 200 in 22ms (next.js: 11ms, proxy.ts: 3ms, application-code: 8ms)
 GET /api/demo/runs/prj_09047604e591d969/reports 200 in 23ms (next.js: 13ms, proxy.ts: 1862µs, application-code: 9ms)
 GET /api/demo/runs/prj_09047604e591d969/reports 200 in 18ms (next.js: 5ms, proxy.ts: 6ms, application-code: 6ms)
 GET /api/demo/runs/prj_09047604e591d969/clusters 200 in 40ms (next.js: 12ms, proxy.ts: 4ms, application-code: 25ms)
 GET /api/demo/runs/prj_09047604e591d969/leaf-scores 404 in 42ms (next.js: 19ms, proxy.ts: 4ms, application-code: 19ms)
 GET /api/demo/runs/prj_09047604e591d969/repair-iterations 200 in 46ms (next.js: 30ms, proxy.ts: 3ms, application-code: 12ms)
 GET /api/demo/runs/prj_09047604e591d969/runpod-status 200 in 21ms (next.js: 7ms, proxy.ts: 2ms, application-code: 11ms)
 GET /api/demo/runs/prj_09047604e591d969/reports 200 in 22ms (next.js: 8ms, proxy.ts: 3ms, application-code: 10ms)
 GET /api/demo/runs/prj_09047604e591d969/reports 200 in 12ms (next.js: 4ms, proxy.ts: 3ms, application-code: 6ms)
 GET /api/demo/runs/prj_09047604e591d969/runpod-status 200 in 20ms (next.js: 8ms, proxy.ts: 3ms, application-code: 9ms)
 GET /api/demo/runs/prj_09047604e591d969/reports 200 in 18ms (next.js: 9ms, proxy.ts: 2ms, application-code: 7ms)
 GET /api/demo/runs/prj_09047604e591d969/reports 200 in 16ms (next.js: 6ms, proxy.ts: 2ms, application-code: 8ms)
 GET /api/demo/runs/prj_09047604e591d969/clusters 200 in 47ms (next.js: 11ms, proxy.ts: 6ms, application-code: 30ms)
 GET /api/demo/runs/prj_09047604e591d969/leaf-scores 404 in 52ms (next.js: 20ms, proxy.ts: 6ms, application-code: 26ms)
 GET /api/demo/runs/prj_09047604e591d969/repair-iterations 200 in 52ms (next.js: 30ms, proxy.ts: 5ms, application-code: 17ms)
 GET /api/demo/runs/prj_09047604e591d969/reports 200 in 16ms (next.js: 4ms, proxy.ts: 3ms, application-code: 8ms)
 GET /api/demo/runs/prj_09047604e591d969/runpod-status 200 in 22ms (next.js: 8ms, proxy.ts: 3ms, application-code: 12ms)
 GET /api/demo/runs/prj_09047604e591d969/reports 200 in 28ms (next.js: 11ms, proxy.ts: 6ms, application-code: 12ms)
 GET /api/demo/runs/prj_09047604e591d969/reports 200 in 30ms (next.js: 13ms, proxy.ts: 5ms, application-code: 11ms)
 GET /api/demo/runs/prj_09047604e591d969/reports 200 in 31ms (next.js: 17ms, proxy.ts: 5ms, application-code: 9ms)
 GET /api/demo/runs/prj_09047604e591d969/reports 200 in 23ms (next.js: 9ms, proxy.ts: 4ms, application-code: 10ms)
 GET /api/demo/runs/prj_09047604e591d969/reports 200 in 23ms (next.js: 11ms, proxy.ts: 4ms, application-code: 8ms)
 GET /api/demo/runs/prj_09047604e591d969/reports 200 in 23ms (next.js: 13ms, proxy.ts: 4ms, application-code: 6ms)
 GET /api/demo/runs/prj_09047604e591d969/reports 200 in 36ms (next.js: 16ms, proxy.ts: 8ms, application-code: 13ms)
 GET /api/demo/runs/prj_09047604e591d969/reports 200 in 36ms (next.js: 17ms, proxy.ts: 8ms, application-code: 11ms)
 GET /api/demo/runs/prj_09047604e591d969/reports 200 in 37ms (next.js: 21ms, proxy.ts: 7ms, application-code: 9ms)
 GET /api/demo/runs/prj_09047604e591d969/reports 200 in 42ms (next.js: 30ms, proxy.ts: 5ms, application-code: 7ms)
 GET /api/demo/runs/prj_09047604e591d969/reports 200 in 44ms (next.js: 33ms, proxy.ts: 5ms, application-code: 6ms)
 GET /api/demo/runs/prj_09047604e591d969/reports 200 in 18ms (next.js: 8ms, proxy.ts: 3ms, application-code: 7ms)
 GET /api/demo/runs/prj_09047604e591d969/runpod-status 200 in 20ms (next.js: 8ms, proxy.ts: 2ms, application-code: 10ms)
 GET /api/demo/runs/prj_09047604e591d969/reports 200 in 22ms (next.js: 8ms, proxy.ts: 3ms, application-code: 11ms)
 GET /api/demo/runs/prj_09047604e591d969/reports 200 in 16ms (next.js: 4ms, proxy.ts: 3ms, application-code: 9ms)
 GET /api/demo/runs/prj_09047604e591d969/runpod-status 200 in 29ms (next.js: 13ms, proxy.ts: 3ms, application-code: 12ms)
 GET /api/demo/runs/prj_09047604e591d969/reports 200 in 23ms (next.js: 11ms, proxy.ts: 3ms, application-code: 8ms)
 GET /api/demo/runs/prj_09047604e591d969/reports 200 in 29ms (next.js: 6ms, proxy.ts: 14ms, application-code: 9ms)
 GET /api/demo/runs/prj_09047604e591d969/reports 200 in 14ms (next.js: 3ms, proxy.ts: 3ms, application-code: 8ms)
 GET /api/demo/runs/prj_09047604e591d969/reports 200 in 20ms (next.js: 9ms, proxy.ts: 2ms, application-code: 9ms)
 GET /api/demo/runs/prj_09047604e591d969/runpod-status 200 in 21ms (next.js: 9ms, proxy.ts: 2ms, application-code: 9ms)
 GET /api/demo/runs/prj_09047604e591d969/reports 200 in 21ms (next.js: 9ms, proxy.ts: 4ms, application-code: 8ms)
 GET /api/demo/runs/prj_09047604e591d969/reports 200 in 60ms (next.js: 38ms, proxy.ts: 2ms, application-code: 19ms)
 GET /api/demo/runs/prj_09047604e591d969/reports 200 in 20ms (next.js: 4ms, proxy.ts: 3ms, application-code: 14ms)
 GET /api/demo/runs/prj_09047604e591d969/reports 200 in 14ms (next.js: 3ms, proxy.ts: 2ms, application-code: 9ms)
 GET /api/demo/runs/prj_09047604e591d969/reports 200 in 20ms (next.js: 9ms, proxy.ts: 2ms, application-code: 9ms)
 GET /api/demo/runs/prj_09047604e591d969/runpod-status 200 in 23ms (next.js: 11ms, proxy.ts: 3ms, application-code: 9ms)
 GET /api/demo/runs/prj_09047604e591d969/reports 200 in 32ms (next.js: 16ms, proxy.ts: 5ms, application-code: 11ms)
 GET /api/demo/runs/prj_09047604e591d969/runpod-status 200 in 23ms (next.js: 9ms, proxy.ts: 3ms, application-code: 11ms)
 GET /api/demo/runs/prj_09047604e591d969/reports 200 in 28ms (next.js: 13ms, proxy.ts: 3ms, application-code: 12ms)
 GET /api/demo/runs/prj_09047604e591d969/reports 200 in 30ms (next.js: 14ms, proxy.ts: 3ms, application-code: 12ms)
 GET /api/demo/runs/prj_09047604e591d969/reports 200 in 15ms (next.js: 4ms, proxy.ts: 3ms, application-code: 8ms)
 GET /api/demo/runs/prj_09047604e591d969/runpod-status 200 in 29ms (next.js: 10ms, proxy.ts: 3ms, application-code: 16ms)
 GET /api/demo/runs/prj_09047604e591d969/reports 200 in 18ms (next.js: 8ms, proxy.ts: 3ms, application-code: 7ms)
 GET /api/demo/runs/prj_09047604e591d969/reports 200 in 19ms (next.js: 8ms, proxy.ts: 3ms, application-code: 8ms)
 GET /api/demo/runs/prj_09047604e591d969/reports 200 in 18ms (next.js: 8ms, proxy.ts: 2ms, application-code: 7ms)
 GET /api/demo/runs/prj_09047604e591d969/reports 200 in 24ms (next.js: 10ms, proxy.ts: 4ms, application-code: 11ms)
 GET /api/demo/runs/prj_09047604e591d969/reports 200 in 26ms (next.js: 13ms, proxy.ts: 2ms, application-code: 10ms)
 GET /api/demo/runs/prj_09047604e591d969/reports 200 in 19ms (next.js: 10ms, proxy.ts: 3ms, application-code: 7ms)
 GET /api/demo/runs/prj_09047604e591d969/runpod-status 200 in 25ms (next.js: 8ms, proxy.ts: 2ms, application-code: 15ms)
 GET /api/demo/runs/prj_09047604e591d969/reports 200 in 18ms (next.js: 9ms, proxy.ts: 2ms, application-code: 7ms)
 GET /api/demo/runs/prj_09047604e591d969/reports 200 in 10ms (next.js: 3ms, proxy.ts: 2ms, application-code: 6ms)
 GET /api/demo/runs/prj_09047604e591d969/runpod-status 200 in 22ms (next.js: 7ms, proxy.ts: 3ms, application-code: 11ms)
 GET /api/demo/runs/prj_09047604e591d969/reports 200 in 24ms (next.js: 10ms, proxy.ts: 3ms, application-code: 11ms)
 GET /api/demo/runs/prj_09047604e591d969/reports 200 in 27ms (next.js: 13ms, proxy.ts: 1949µs, application-code: 13ms)
 GET /api/demo/runs/prj_09047604e591d969/reports 200 in 18ms (next.js: 8ms, proxy.ts: 3ms, application-code: 8ms)
 GET /api/demo/runs/prj_09047604e591d969/runpod-status 200 in 18ms (next.js: 7ms, proxy.ts: 1940µs, application-code: 9ms)
 GET /api/demo/runs/prj_09047604e591d969/reports 200 in 18ms (next.js: 7ms, proxy.ts: 2ms, application-code: 8ms)
 GET /api/demo/runs/prj_09047604e591d969/runpod-status 200 in 20ms (next.js: 8ms, proxy.ts: 3ms, application-code: 9ms)
 GET /api/demo/runs/prj_09047604e591d969/reports 200 in 17ms (next.js: 7ms, proxy.ts: 2ms, application-code: 7ms)
 GET /api/demo/runs/prj_09047604e591d969/reports 200 in 16ms (next.js: 8ms, proxy.ts: 1888µs, application-code: 6ms)
 GET /api/demo/runs/prj_09047604e591d969/reports 200 in 26ms (next.js: 14ms, proxy.ts: 3ms, application-code: 9ms)
 GET /api/demo/runs/prj_09047604e591d969/reports 200 in 22ms (next.js: 11ms, proxy.ts: 3ms, application-code: 8ms)
 GET /api/demo/runs/prj_09047604e591d969/reports 200 in 15ms (next.js: 7ms, proxy.ts: 1977µs, application-code: 6ms)
 GET /api/demo/runs/prj_09047604e591d969/runpod-status 200 in 20ms (next.js: 8ms, proxy.ts: 2ms, application-code: 10ms)
 GET /api/demo/runs/prj_09047604e591d969/reports 200 in 17ms (next.js: 8ms, proxy.ts: 1892µs, application-code: 7ms)
 GET /api/demo/runs/prj_09047604e591d969/reports 200 in 11ms (next.js: 2ms, proxy.ts: 3ms, application-code: 6ms)
 GET /api/demo/runs/prj_09047604e591d969/runpod-status 200 in 18ms (next.js: 7ms, proxy.ts: 1998µs, application-code: 9ms)
 GET /api/demo/runs/prj_09047604e591d969/reports 200 in 21ms (next.js: 9ms, proxy.ts: 3ms, application-code: 8ms)
 GET /api/demo/runs/prj_09047604e591d969/reports 200 in 17ms (next.js: 5ms, proxy.ts: 4ms, application-code: 8ms)
 GET /api/demo/runs/prj_09047604e591d969/reports 200 in 15ms (next.js: 6ms, proxy.ts: 2ms, application-code: 7ms)
 GET /api/demo/runs/prj_09047604e591d969/runpod-status 200 in 35ms (next.js: 16ms, proxy.ts: 5ms, application-code: 15ms)
 GET /api/demo/runs/prj_09047604e591d969/reports 200 in 23ms (next.js: 12ms, proxy.ts: 3ms, application-code: 8ms)
 GET /api/demo/runs/prj_09047604e591d969/reports 200 in 23ms (next.js: 10ms, proxy.ts: 3ms, application-code: 10ms)
 GET /api/demo/runs/prj_09047604e591d969/reports 200 in 28ms (next.js: 12ms, proxy.ts: 4ms, application-code: 12ms)
 GET /api/demo/runs/prj_09047604e591d969/reports 200 in 25ms (next.js: 9ms, proxy.ts: 3ms, application-code: 13ms)
 GET /api/demo/runs/prj_09047604e591d969/reports 200 in 26ms (next.js: 4ms, proxy.ts: 10ms, application-code: 13ms)
 GET /api/demo/runs/prj_09047604e591d969/reports 200 in 21ms (next.js: 8ms, proxy.ts: 2ms, application-code: 11ms)
 GET /api/demo/runs/prj_09047604e591d969/runpod-status 200 in 28ms (next.js: 11ms, proxy.ts: 3ms, application-code: 14ms)
 GET /api/demo/runs/prj_09047604e591d969/reports 200 in 25ms (next.js: 12ms, proxy.ts: 3ms, application-code: 10ms)
 GET /api/demo/runs/prj_09047604e591d969/reports 200 in 19ms (next.js: 3ms, proxy.ts: 3ms, application-code: 13ms)
 GET /api/demo/runs/prj_09047604e591d969/runpod-status 200 in 29ms (next.js: 12ms, proxy.ts: 3ms, application-code: 14ms)
 GET /api/demo/runs/prj_09047604e591d969/reports 200 in 30ms (next.js: 12ms, proxy.ts: 6ms, application-code: 12ms)
 GET /api/demo/runs/prj_09047604e591d969/reports 200 in 60ms (next.js: 16ms, proxy.ts: 4ms, application-code: 40ms)
 GET /api/demo/runs/prj_09047604e591d969/reports 200 in 23ms (next.js: 11ms, proxy.ts: 3ms, application-code: 9ms)
 GET /api/demo/runs/prj_09047604e591d969/runpod-status 200 in 32ms (next.js: 12ms, proxy.ts: 5ms, application-code: 15ms)
 GET /api/demo/runs/prj_09047604e591d969/reports 200 in 22ms (next.js: 10ms, proxy.ts: 3ms, application-code: 9ms)
 GET /api/demo/runs/prj_09047604e591d969/reports 200 in 18ms (next.js: 4ms, proxy.ts: 3ms, application-code: 11ms)
 GET /api/demo/runs/prj_09047604e591d969/reports 200 in 30ms (next.js: 14ms, proxy.ts: 2ms, application-code: 14ms)
 GET /api/demo/runs/prj_09047604e591d969/reports 200 in 34ms (next.js: 18ms, proxy.ts: 2ms, application-code: 14ms)
 GET /api/demo/runs/prj_09047604e591d969/reports 200 in 24ms (next.js: 10ms, proxy.ts: 3ms, application-code: 11ms)
 GET /api/demo/runs/prj_09047604e591d969/runpod-status 200 in 29ms (next.js: 11ms, proxy.ts: 4ms, application-code: 15ms)
 GET /api/demo/runs/prj_09047604e591d969/reports 200 in 27ms (next.js: 13ms, proxy.ts: 2ms, application-code: 12ms)
 GET /api/demo/runs/prj_09047604e591d969/reports 200 in 18ms (next.js: 4ms, proxy.ts: 5ms, application-code: 9ms)
 GET /api/demo/runs/prj_09047604e591d969/runpod-status 200 in 26ms (next.js: 12ms, proxy.ts: 3ms, application-code: 11ms)
 GET /api/demo/runs/prj_09047604e591d969/reports 200 in 33ms (next.js: 16ms, proxy.ts: 4ms, application-code: 13ms)
 GET /api/demo/runs/prj_09047604e591d969/reports 200 in 38ms (next.js: 20ms, proxy.ts: 3ms, application-code: 15ms)
 GET /api/demo/runs/prj_09047604e591d969/reports 200 in 16ms (next.js: 3ms, proxy.ts: 2ms, application-code: 11ms)
 GET /api/demo/runs/prj_09047604e591d969/runpod-status 200 in 26ms (next.js: 10ms, proxy.ts: 3ms, application-code: 13ms)
 GET /api/demo/runs/prj_09047604e591d969/reports 200 in 24ms (next.js: 10ms, proxy.ts: 4ms, application-code: 10ms)
 GET /api/demo/runs/prj_09047604e591d969/reports 200 in 18ms (next.js: 3ms, proxy.ts: 4ms, application-code: 11ms)
 GET /api/demo/runs/prj_09047604e591d969/reports 200 in 32ms (next.js: 15ms, proxy.ts: 3ms, application-code: 14ms)
 GET /api/demo/runs/prj_09047604e591d969/reports 200 in 34ms (next.js: 18ms, proxy.ts: 3ms, application-code: 12ms)
 GET /api/demo/runs/prj_09047604e591d969/reports 200 in 18ms (next.js: 3ms, proxy.ts: 3ms, application-code: 11ms)
 GET /api/demo/runs/prj_09047604e591d969/runpod-status 200 in 26ms (next.js: 11ms, proxy.ts: 3ms, application-code: 12ms)
 GET /api/demo/runs/prj_09047604e591d969/reports 200 in 27ms (next.js: 12ms, proxy.ts: 1925µs, application-code: 13ms)
 GET /api/demo/runs/prj_09047604e591d969/reports 200 in 14ms (next.js: 3ms, proxy.ts: 5ms, application-code: 6ms)
 GET /api/demo/runs/prj_09047604e591d969/runpod-status 200 in 25ms (next.js: 11ms, proxy.ts: 3ms, application-code: 10ms)
 GET /api/demo/runs/prj_09047604e591d969/reports 200 in 28ms (next.js: 13ms, proxy.ts: 4ms, application-code: 11ms)
 GET /api/demo/runs/prj_09047604e591d969/reports 200 in 31ms (next.js: 17ms, proxy.ts: 3ms, application-code: 11ms)
 GET /api/demo/runs/prj_09047604e591d969/reports 200 in 14ms (next.js: 5ms, proxy.ts: 3ms, application-code: 5ms)
 GET /api/demo/runs/prj_09047604e591d969/runpod-status 200 in 25ms (next.js: 9ms, proxy.ts: 3ms, application-code: 13ms)
 GET /api/demo/runs/prj_09047604e591d969/reports 200 in 27ms (next.js: 11ms, proxy.ts: 4ms, application-code: 12ms)
 GET /api/demo/runs/prj_09047604e591d969/reports 200 in 26ms (next.js: 5ms, proxy.ts: 12ms, application-code: 9ms)
 GET /api/demo/runs/prj_09047604e591d969/reports 200 in 26ms (next.js: 12ms, proxy.ts: 3ms, application-code: 11ms)
 GET /api/demo/runs/prj_09047604e591d969/reports 200 in 32ms (next.js: 6ms, proxy.ts: 17ms, application-code: 9ms)
 GET /api/demo/runs/prj_09047604e591d969/reports 200 in 24ms (next.js: 10ms, proxy.ts: 4ms, application-code: 10ms)
 GET /api/demo/runs/prj_09047604e591d969/runpod-status 200 in 35ms (next.js: 11ms, proxy.ts: 3ms, application-code: 21ms)
 GET /api/demo/runs/prj_09047604e591d969/reports 200 in 25ms (next.js: 13ms, proxy.ts: 3ms, application-code: 9ms)
 GET /api/demo/runs/prj_09047604e591d969/reports 200 in 19ms (next.js: 4ms, proxy.ts: 3ms, application-code: 11ms)
 GET /api/demo/runs/prj_09047604e591d969/runpod-status 200 in 27ms (next.js: 10ms, proxy.ts: 3ms, application-code: 13ms)
 GET /api/demo/runs/prj_09047604e591d969/reports 200 in 32ms (next.js: 16ms, proxy.ts: 5ms, application-code: 12ms)
 GET /api/demo/runs/prj_09047604e591d969/reports 200 in 38ms (next.js: 19ms, proxy.ts: 4ms, application-code: 16ms)
 GET /api/demo/runs/prj_09047604e591d969/reports 200 in 25ms (next.js: 11ms, proxy.ts: 3ms, application-code: 12ms)
 GET /api/demo/runs/prj_09047604e591d969/runpod-status 200 in 25ms (next.js: 9ms, proxy.ts: 3ms, application-code: 13ms)
 GET /api/demo/runs/prj_09047604e591d969/reports 200 in 26ms (next.js: 12ms, proxy.ts: 3ms, application-code: 11ms)
 GET /api/demo/runs/prj_09047604e591d969/reports 200 in 23ms (next.js: 10ms, proxy.ts: 3ms, application-code: 9ms)
 GET /api/demo/runs/prj_09047604e591d969/reports 200 in 19ms (next.js: 5ms, proxy.ts: 4ms, application-code: 10ms)
 GET /api/demo/runs/prj_09047604e591d969/reports 200 in 23ms (next.js: 8ms, proxy.ts: 3ms, application-code: 12ms)
 GET /api/demo/runs/prj_09047604e591d969/runpod-status 200 in 21ms (next.js: 7ms, proxy.ts: 3ms, application-code: 11ms)
 GET /api/demo/runs/prj_09047604e591d969/reports 200 in 27ms (next.js: 13ms, proxy.ts: 4ms, application-code: 10ms)
 GET /api/demo/runs/prj_09047604e591d969/reports 200 in 17ms (next.js: 5ms, proxy.ts: 3ms, application-code: 9ms)
 GET /api/demo/runs/prj_09047604e591d969/runpod-status 200 in 33ms (next.js: 14ms, proxy.ts: 4ms, application-code: 15ms)
 GET /api/demo/runs/prj_09047604e591d969/reports 200 in 34ms (next.js: 17ms, proxy.ts: 4ms, application-code: 14ms)
 GET /api/demo/runs/prj_09047604e591d969/reports 200 in 37ms (next.js: 17ms, proxy.ts: 5ms, application-code: 15ms)
 GET /api/demo/runs/prj_09047604e591d969/reports 200 in 22ms (next.js: 10ms, proxy.ts: 3ms, application-code: 9ms)
 GET /api/demo/runs/prj_09047604e591d969/runpod-status 200 in 27ms (next.js: 10ms, proxy.ts: 3ms, application-code: 13ms)
 GET /api/demo/runs/prj_09047604e591d969/runpod-status 200 in 32ms (next.js: 15ms, proxy.ts: 5ms, application-code: 12ms)
 GET /api/demo/runs/prj_09047604e591d969/reports 200 in 24ms (next.js: 11ms, proxy.ts: 3ms, application-code: 11ms)
 GET /api/demo/runs/prj_09047604e591d969/reports 200 in 18ms (next.js: 7ms, proxy.ts: 1865µs, application-code: 9ms)
 GET /api/demo/runs/prj_09047604e591d969/reports 200 in 16ms (next.js: 4ms, proxy.ts: 2ms, application-code: 10ms)
 GET /api/demo/runs/prj_09047604e591d969/reports 200 in 19ms (next.js: 9ms, proxy.ts: 4ms, application-code: 5ms)
 GET /api/demo/runs/prj_09047604e591d969/runpod-status 200 in 17ms (next.js: 7ms, proxy.ts: 1749µs, application-code: 9ms)
 GET /api/demo/runs/prj_09047604e591d969/reports 200 in 17ms (next.js: 7ms, proxy.ts: 2ms, application-code: 8ms)
 GET /api/demo/runs/prj_09047604e591d969/reports 200 in 12ms (next.js: 3ms, proxy.ts: 2ms, application-code: 7ms)
 GET /api/demo/runs/prj_09047604e591d969/runpod-status 200 in 21ms (next.js: 8ms, proxy.ts: 4ms, application-code: 8ms)
 GET /api/demo/runs/prj_09047604e591d969/reports 200 in 24ms (next.js: 11ms, proxy.ts: 3ms, application-code: 10ms)
 GET /api/demo/runs/prj_09047604e591d969/reports 200 in 17ms (next.js: 7ms, proxy.ts: 3ms, application-code: 8ms)
 GET /api/demo/runs/prj_09047604e591d969/reports 200 in 21ms (next.js: 11ms, proxy.ts: 2ms, application-code: 7ms)
 GET /api/demo/runs/prj_09047604e591d969/runpod-status 200 in 16ms (next.js: 7ms, proxy.ts: 1867µs, application-code: 7ms)
 GET /api/demo/runs/prj_09047604e591d969/reports 200 in 23ms (next.js: 10ms, proxy.ts: 3ms, application-code: 10ms)
 GET /api/demo/runs/prj_09047604e591d969/reports 200 in 20ms (next.js: 9ms, proxy.ts: 1930µs, application-code: 9ms)
 GET /api/demo/runs/prj_09047604e591d969/reports 200 in 15ms (next.js: 5ms, proxy.ts: 3ms, application-code: 7ms)
 GET /api/demo/runs/prj_09047604e591d969/reports 200 in 14ms (next.js: 3ms, proxy.ts: 2ms, application-code: 8ms)
 GET /api/demo/runs/prj_09047604e591d969/runpod-status 200 in 22ms (next.js: 9ms, proxy.ts: 2ms, application-code: 11ms)
 GET /api/demo/runs/prj_09047604e591d969/reports 200 in 23ms (next.js: 9ms, proxy.ts: 2ms, application-code: 12ms)
 GET /api/demo/runs/prj_09047604e591d969/reports 200 in 18ms (next.js: 7ms, proxy.ts: 2ms, application-code: 9ms)
 GET /api/demo/runs/prj_09047604e591d969/runpod-status 200 in 25ms (next.js: 8ms, proxy.ts: 3ms, application-code: 13ms)
 GET /api/demo/runs/prj_09047604e591d969/reports 200 in 23ms (next.js: 11ms, proxy.ts: 3ms, application-code: 8ms)
 GET /api/demo/runs/prj_09047604e591d969/reports 200 in 32ms (next.js: 16ms, proxy.ts: 4ms, application-code: 12ms)
 GET /api/demo/runs/prj_09047604e591d969/runpod-status 200 in 22ms (next.js: 8ms, proxy.ts: 3ms, application-code: 11ms)
 GET /api/demo/runs/prj_09047604e591d969/reports 200 in 28ms (next.js: 9ms, proxy.ts: 3ms, application-code: 16ms)
 GET /api/demo/runs/prj_09047604e591d969/reports 200 in 21ms (next.js: 7ms, proxy.ts: 4ms, application-code: 10ms)
 GET /api/demo/runs/prj_09047604e591d969/reports 200 in 24ms (next.js: 10ms, proxy.ts: 3ms, application-code: 10ms)
 GET /api/demo/runs/prj_09047604e591d969/reports 200 in 28ms (next.js: 13ms, proxy.ts: 2ms, application-code: 12ms)
 GET /api/demo/runs/prj_09047604e591d969/runpod-status 200 in 87ms (next.js: 10ms, proxy.ts: 1890µs, application-code: 75ms)
 GET /api/demo/runs/prj_09047604e591d969/reports 200 in 18ms (next.js: 7ms, proxy.ts: 2ms, application-code: 9ms)
 GET /api/demo/runs/prj_09047604e591d969/reports 200 in 21ms (next.js: 9ms, proxy.ts: 4ms, application-code: 8ms)
 GET /api/demo/runs/prj_09047604e591d969/reports 200 in 17ms (next.js: 7ms, proxy.ts: 1820µs, application-code: 8ms)
 GET /api/demo/runs/prj_09047604e591d969/runpod-status 200 in 18ms (next.js: 6ms, proxy.ts: 1734µs, application-code: 10ms)
 GET /api/demo/runs/prj_09047604e591d969/reports 200 in 20ms (next.js: 9ms, proxy.ts: 4ms, application-code: 7ms)
 GET /api/demo/runs/prj_09047604e591d969/reports 200 in 15ms (next.js: 4ms, proxy.ts: 2ms, application-code: 9ms)
 GET /api/demo/runs/prj_09047604e591d969/reports 200 in 22ms (next.js: 10ms, proxy.ts: 4ms, application-code: 9ms)
 GET /api/demo/runs/prj_09047604e591d969/runpod-status 200 in 22ms (next.js: 9ms, proxy.ts: 3ms, application-code: 10ms)
 GET /api/demo/runs/prj_09047604e591d969/reports 200 in 23ms (next.js: 11ms, proxy.ts: 3ms, application-code: 9ms)
 GET /api/demo/runs/prj_09047604e591d969/reports 200 in 21ms (next.js: 4ms, proxy.ts: 12ms, application-code: 5ms)
 GET /api/demo/runs/prj_09047604e591d969/reports 200 in 22ms (next.js: 10ms, proxy.ts: 3ms, application-code: 9ms)
 GET /api/demo/runs/prj_09047604e591d969/reports 200 in 28ms (next.js: 14ms, proxy.ts: 3ms, application-code: 11ms)
 GET /api/demo/runs/prj_09047604e591d969/reports 200 in 20ms (next.js: 9ms, proxy.ts: 5ms, application-code: 6ms)
 GET /api/demo/runs/prj_09047604e591d969/runpod-status 200 in 25ms (next.js: 11ms, proxy.ts: 2ms, application-code: 12ms)
 GET /api/demo/runs/prj_09047604e591d969/reports 200 in 24ms (next.js: 7ms, proxy.ts: 1790µs, application-code: 15ms)
 GET /api/demo/runs/prj_09047604e591d969/reports 200 in 15ms (next.js: 4ms, proxy.ts: 3ms, application-code: 9ms)
 GET /api/demo/runs/prj_09047604e591d969/runpod-status 200 in 25ms (next.js: 9ms, proxy.ts: 3ms, application-code: 12ms)
 GET /api/demo/runs/prj_09047604e591d969/reports 200 in 34ms (next.js: 16ms, proxy.ts: 6ms, application-code: 12ms)
 GET /api/demo/runs/prj_09047604e591d969/reports 200 in 79ms (next.js: 20ms, proxy.ts: 6ms, application-code: 53ms)
 GET /api/demo/runs/prj_09047604e591d969/reports 200 in 16ms (next.js: 5ms, proxy.ts: 2ms, application-code: 9ms)
 GET /api/demo/runs/prj_09047604e591d969/runpod-status 200 in 23ms (next.js: 9ms, proxy.ts: 3ms, application-code: 11ms)
 GET /api/demo/runs/prj_09047604e591d969/reports 200 in 21ms (next.js: 9ms, proxy.ts: 1923µs, application-code: 10ms)
 GET /api/demo/runs/prj_09047604e591d969/reports 200 in 15ms (next.js: 5ms, proxy.ts: 3ms, application-code: 7ms)
 GET /api/demo/runs/prj_09047604e591d969/reports 200 in 17ms (next.js: 7ms, proxy.ts: 1753µs, application-code: 8ms)
 GET /api/demo/runs/prj_09047604e591d969/reports 200 in 16ms (next.js: 6ms, proxy.ts: 1846µs, application-code: 9ms)
 GET /api/demo/runs/prj_09047604e591d969/reports 200 in 15ms (next.js: 3ms, proxy.ts: 3ms, application-code: 10ms)
 GET /api/demo/runs/prj_09047604e591d969/runpod-status 200 in 23ms (next.js: 8ms, proxy.ts: 2ms, application-code: 13ms)
 GET /api/demo/runs/prj_09047604e591d969/reports 200 in 22ms (next.js: 10ms, proxy.ts: 3ms, application-code: 9ms)
 GET /api/demo/runs/prj_09047604e591d969/reports 200 in 17ms (next.js: 6ms, proxy.ts: 4ms, application-code: 6ms)
 GET /api/demo/runs/prj_09047604e591d969/runpod-status 200 in 24ms (next.js: 8ms, proxy.ts: 4ms, application-code: 12ms)
 GET /api/demo/runs/prj_09047604e591d969/reports 200 in 23ms (next.js: 9ms, proxy.ts: 3ms, application-code: 10ms)
 GET /api/demo/runs/prj_09047604e591d969/reports 200 in 16ms (next.js: 6ms, proxy.ts: 3ms, application-code: 8ms)
 GET /api/demo/runs/prj_09047604e591d969/reports 200 in 21ms (next.js: 8ms, proxy.ts: 3ms, application-code: 10ms)
 GET /api/demo/runs/prj_09047604e591d969/runpod-status 200 in 21ms (next.js: 8ms, proxy.ts: 3ms, application-code: 11ms)
 GET /api/demo/runs/prj_09047604e591d969/reports 200 in 19ms (next.js: 9ms, proxy.ts: 3ms, application-code: 7ms)
 GET /api/demo/runs/prj_09047604e591d969/reports 200 in 25ms (next.js: 13ms, proxy.ts: 2ms, application-code: 9ms)
 GET /api/demo/runs/prj_09047604e591d969/reports 200 in 16ms (next.js: 7ms, proxy.ts: 3ms, application-code: 6ms)
 GET /api/demo/runs/prj_09047604e591d969/reports 200 in 16ms (next.js: 4ms, proxy.ts: 3ms, application-code: 9ms)
 GET /api/demo/runs/prj_09047604e591d969/reports 200 in 22ms (next.js: 6ms, proxy.ts: 8ms, application-code: 9ms)
 GET /api/demo/runs/prj_09047604e591d969/runpod-status 200 in 20ms (next.js: 7ms, proxy.ts: 1927µs, application-code: 11ms)
 GET /api/demo/runs/prj_09047604e591d969/reports 200 in 19ms (next.js: 8ms, proxy.ts: 3ms, application-code: 8ms)
 GET /api/demo/runs/prj_09047604e591d969/reports 200 in 22ms (next.js: 8ms, proxy.ts: 3ms, application-code: 11ms)
 GET /api/demo/runs/prj_09047604e591d969/runpod-status 200 in 27ms (next.js: 9ms, proxy.ts: 2ms, application-code: 17ms)
 GET /api/demo/runs/prj_09047604e591d969/reports 200 in 23ms (next.js: 10ms, proxy.ts: 3ms, application-code: 9ms)
 GET /api/demo/runs/prj_09047604e591d969/reports 200 in 31ms (next.js: 14ms, proxy.ts: 3ms, application-code: 13ms)
 GET /api/demo/runs/prj_09047604e591d969/reports 200 in 16ms (next.js: 4ms, proxy.ts: 3ms, application-code: 9ms)
 GET /api/demo/runs/prj_09047604e591d969/runpod-status 200 in 21ms (next.js: 8ms, proxy.ts: 2ms, application-code: 11ms)
 GET /api/demo/runs/prj_09047604e591d969/runpod-status 200 in 26ms (next.js: 11ms, proxy.ts: 3ms, application-code: 12ms)
 GET /api/demo/runs/prj_09047604e591d969/reports 200 in 21ms (next.js: 10ms, proxy.ts: 2ms, application-code: 8ms)
 GET /api/demo/runs/prj_09047604e591d969/reports 200 in 14ms (next.js: 3ms, proxy.ts: 3ms, application-code: 8ms)
 GET /api/demo/runs/prj_09047604e591d969/reports 200 in 20ms (next.js: 9ms, proxy.ts: 2ms, application-code: 9ms)
 GET /api/demo/runs/prj_09047604e591d969/reports 200 in 15ms (next.js: 6ms, proxy.ts: 3ms, application-code: 5ms)
 GET /api/demo/runs/prj_09047604e591d969/reports 200 in 16ms (next.js: 5ms, proxy.ts: 2ms, application-code: 9ms)
 GET /api/demo/runs/prj_09047604e591d969/runpod-status 200 in 29ms (next.js: 12ms, proxy.ts: 4ms, application-code: 13ms)
 GET /api/demo/runs/prj_09047604e591d969/reports 200 in 18ms (next.js: 6ms, proxy.ts: 2ms, application-code: 9ms)
 GET /api/demo/runs/prj_09047604e591d969/reports 200 in 20ms (next.js: 8ms, proxy.ts: 3ms, application-code: 9ms)
 GET /api/demo/runs/prj_09047604e591d969/runpod-status 200 in 17ms (next.js: 7ms, proxy.ts: 1873µs, application-code: 8ms)
 GET /api/demo/runs/prj_09047604e591d969/reports 200 in 28ms (next.js: 12ms, proxy.ts: 3ms, application-code: 13ms)
 GET /api/demo/runs/prj_09047604e591d969/reports 200 in 34ms (next.js: 17ms, proxy.ts: 3ms, application-code: 13ms)
 GET /api/demo/runs/prj_09047604e591d969/reports 200 in 19ms (next.js: 10ms, proxy.ts: 3ms, application-code: 6ms)
 GET /api/demo/runs/prj_09047604e591d969/runpod-status 200 in 16ms (next.js: 7ms, proxy.ts: 1669µs, application-code: 8ms)
 GET /api/demo/runs/prj_09047604e591d969/reports 200 in 26ms (next.js: 11ms, proxy.ts: 3ms, application-code: 12ms)
 GET /api/demo/runs/prj_09047604e591d969/reports 200 in 22ms (next.js: 10ms, proxy.ts: 2ms, application-code: 10ms)
 GET /api/demo/runs/prj_09047604e591d969/reports 200 in 28ms (next.js: 10ms, proxy.ts: 2ms, application-code: 16ms)
 GET /api/demo/runs/prj_09047604e591d969/reports 200 in 17ms (next.js: 3ms, proxy.ts: 2ms, application-code: 12ms)
 GET /api/demo/runs/prj_09047604e591d969/reports 200 in 20ms (next.js: 9ms, proxy.ts: 3ms, application-code: 8ms)
 GET /api/demo/runs/prj_09047604e591d969/runpod-status 200 in 24ms (next.js: 10ms, proxy.ts: 3ms, application-code: 10ms)
 GET /api/demo/runs/prj_09047604e591d969/reports 200 in 18ms (next.js: 8ms, proxy.ts: 2ms, application-code: 8ms)
 GET /api/demo/runs/prj_09047604e591d969/runpod-status 200 in 25ms (next.js: 9ms, proxy.ts: 4ms, application-code: 11ms)
 GET /api/demo/runs/prj_09047604e591d969/reports 200 in 22ms (next.js: 11ms, proxy.ts: 3ms, application-code: 9ms)
 GET /api/demo/runs/prj_09047604e591d969/reports 200 in 19ms (next.js: 7ms, proxy.ts: 3ms, application-code: 9ms)
 GET /api/demo/runs/prj_09047604e591d969/reports 200 in 25ms (next.js: 12ms, proxy.ts: 3ms, application-code: 10ms)
 GET /api/demo/runs/prj_09047604e591d969/runpod-status 200 in 20ms (next.js: 8ms, proxy.ts: 4ms, application-code: 7ms)
 GET /api/demo/runs/prj_09047604e591d969/reports 200 in 23ms (next.js: 9ms, proxy.ts: 3ms, application-code: 11ms)
 GET /api/demo/runs/prj_09047604e591d969/reports 200 in 15ms (next.js: 4ms, proxy.ts: 3ms, application-code: 8ms)
 GET /api/demo/runs/prj_09047604e591d969/reports 200 in 18ms (next.js: 8ms, proxy.ts: 3ms, application-code: 6ms)
 GET /api/demo/runs/prj_09047604e591d969/reports 200 in 13ms (next.js: 3ms, proxy.ts: 4ms, application-code: 6ms)
 GET /api/demo/runs/prj_09047604e591d969/reports 200 in 18ms (next.js: 7ms, proxy.ts: 1663µs, application-code: 9ms)
 GET /api/demo/runs/prj_09047604e591d969/runpod-status 200 in 24ms (next.js: 10ms, proxy.ts: 3ms, application-code: 10ms)
 GET /api/demo/runs/prj_09047604e591d969/reports 200 in 26ms (next.js: 10ms, proxy.ts: 6ms, application-code: 10ms)
 GET /api/demo/runs/prj_09047604e591d969/reports 200 in 14ms (next.js: 2ms, proxy.ts: 1847µs, application-code: 10ms)
 GET /api/demo/runs/prj_09047604e591d969/runpod-status 200 in 24ms (next.js: 10ms, proxy.ts: 2ms, application-code: 11ms)
 GET /api/demo/runs/prj_09047604e591d969/reports 200 in 20ms (next.js: 7ms, proxy.ts: 6ms, application-code: 6ms)
 GET /api/demo/runs/prj_09047604e591d969/reports 200 in 14ms (next.js: 3ms, proxy.ts: 3ms, application-code: 8ms)
 GET /api/demo/runs/prj_09047604e591d969/runpod-status 200 in 19ms (next.js: 7ms, proxy.ts: 4ms, application-code: 8ms)
 GET /api/demo/runs/prj_09047604e591d969/reports 200 in 28ms (next.js: 11ms, proxy.ts: 8ms, application-code: 9ms)
 GET /api/demo/runs/prj_09047604e591d969/reports 200 in 30ms (next.js: 13ms, proxy.ts: 4ms, application-code: 13ms)
 GET /api/demo/runs/prj_09047604e591d969/reports 200 in 27ms (next.js: 8ms, proxy.ts: 3ms, application-code: 16ms)
 GET /api/demo/runs/prj_09047604e591d969/reports 200 in 41ms (next.js: 3ms, proxy.ts: 10ms, application-code: 29ms)
 GET /api/demo/runs/prj_09047604e591d969/reports 200 in 14ms (next.js: 4ms, proxy.ts: 4ms, application-code: 7ms)
 GET /api/demo/runs/prj_09047604e591d969/runpod-status 200 in 26ms (next.js: 8ms, proxy.ts: 4ms, application-code: 13ms)
 GET /api/demo/runs/prj_09047604e591d969/reports 200 in 23ms (next.js: 11ms, proxy.ts: 3ms, application-code: 9ms)
 GET /api/demo/runs/prj_09047604e591d969/reports 200 in 18ms (next.js: 4ms, proxy.ts: 4ms, application-code: 9ms)
 GET /api/demo/runs/prj_09047604e591d969/runpod-status 200 in 26ms (next.js: 11ms, proxy.ts: 5ms, application-code: 11ms)
 GET /api/demo/runs/prj_09047604e591d969/reports 200 in 21ms (next.js: 9ms, proxy.ts: 3ms, application-code: 9ms)
 GET /api/demo/runs/prj_09047604e591d969/reports 200 in 18ms (next.js: 7ms, proxy.ts: 3ms, application-code: 8ms)
 GET /api/demo/runs/prj_09047604e591d969/reports 200 in 22ms (next.js: 10ms, proxy.ts: 3ms, application-code: 8ms)
 GET /api/demo/runs/prj_09047604e591d969/runpod-status 200 in 23ms (next.js: 8ms, proxy.ts: 1693µs, application-code: 13ms)
 GET /api/demo/runs/prj_09047604e591d969/reports 200 in 28ms (next.js: 13ms, proxy.ts: 3ms, application-code: 11ms)
 GET /api/demo/runs/prj_09047604e591d969/reports 200 in 22ms (next.js: 12ms, proxy.ts: 3ms, application-code: 8ms)
 GET /api/demo/runs/prj_09047604e591d969/reports 200 in 13ms (next.js: 2ms, proxy.ts: 2ms, application-code: 8ms)
 GET /api/demo/runs/prj_09047604e591d969/reports 200 in 17ms (next.js: 6ms, proxy.ts: 3ms, application-code: 8ms)
 GET /api/demo/runs/prj_09047604e591d969/runpod-status 200 in 22ms (next.js: 11ms, proxy.ts: 2ms, application-code: 9ms)
 GET /api/demo/runs/prj_09047604e591d969/reports 200 in 22ms (next.js: 11ms, proxy.ts: 3ms, application-code: 8ms)
 GET /api/demo/runs/prj_09047604e591d969/reports 200 in 16ms (next.js: 4ms, proxy.ts: 3ms, application-code: 10ms)
 GET /api/demo/runs/prj_09047604e591d969/runpod-status 200 in 25ms (next.js: 10ms, proxy.ts: 3ms, application-code: 12ms)
 GET /api/demo/runs/prj_09047604e591d969/reports 200 in 24ms (next.js: 11ms, proxy.ts: 2ms, application-code: 10ms)
 GET /api/demo/runs/prj_09047604e591d969/reports 200 in 31ms (next.js: 7ms, proxy.ts: 15ms, application-code: 8ms)
 GET /api/demo/runs/prj_09047604e591d969/runpod-status 200 in 21ms (next.js: 7ms, proxy.ts: 1759µs, application-code: 13ms)
 GET /api/demo/runs/prj_09047604e591d969/reports 200 in 30ms (next.js: 9ms, proxy.ts: 10ms, application-code: 10ms)
 GET /api/demo/runs/prj_09047604e591d969/reports 200 in 28ms (next.js: 15ms, proxy.ts: 4ms, application-code: 9ms)
 GET /api/demo/runs/prj_09047604e591d969/reports 200 in 15ms (next.js: 8ms, proxy.ts: 2ms, application-code: 6ms)
 GET /api/demo/runs/prj_09047604e591d969/reports 200 in 23ms (next.js: 4ms, proxy.ts: 10ms, application-code: 9ms)
 GET /api/demo/runs/prj_09047604e591d969/reports 200 in 17ms (next.js: 5ms, proxy.ts: 3ms, application-code: 10ms)
 GET /api/demo/runs/prj_09047604e591d969/runpod-status 200 in 25ms (next.js: 10ms, proxy.ts: 3ms, application-code: 13ms)
 GET /api/demo/runs/prj_09047604e591d969/reports 200 in 22ms (next.js: 12ms, proxy.ts: 5ms, application-code: 6ms)
 GET /api/demo/runs/prj_09047604e591d969/reports 200 in 19ms (next.js: 8ms, proxy.ts: 3ms, application-code: 8ms)
 GET /api/demo/runs/prj_09047604e591d969/runpod-status 200 in 21ms (next.js: 11ms, proxy.ts: 3ms, application-code: 7ms)
 GET /api/demo/runs/prj_09047604e591d969/reports 200 in 27ms (next.js: 10ms, proxy.ts: 3ms, application-code: 14ms)
 GET /api/demo/runs/prj_09047604e591d969/reports 200 in 28ms (next.js: 4ms, proxy.ts: 12ms, application-code: 12ms)
 GET /api/demo/runs/prj_09047604e591d969/runpod-status 200 in 26ms (next.js: 9ms, proxy.ts: 3ms, application-code: 14ms)
 GET /api/demo/runs/prj_09047604e591d969/runpod-status 200 in 24ms (next.js: 11ms, proxy.ts: 4ms, application-code: 9ms)
 GET /api/demo/runs/prj_09047604e591d969/reports 200 in 22ms (next.js: 11ms, proxy.ts: 2ms, application-code: 8ms)
 GET /api/demo/runs/prj_09047604e591d969/reports 200 in 20ms (next.js: 9ms, proxy.ts: 5ms, application-code: 7ms)
 GET /api/demo/runs/prj_09047604e591d969/reports 200 in 34ms (next.js: 14ms, proxy.ts: 7ms, application-code: 13ms)
 GET /api/demo/runs/prj_09047604e591d969/reports 200 in 36ms (next.js: 19ms, proxy.ts: 6ms, application-code: 12ms)
 GET /api/demo/runs/prj_09047604e591d969/reports 200 in 25ms (next.js: 11ms, proxy.ts: 3ms, application-code: 11ms)
 GET /api/demo/runs/prj_09047604e591d969/reports 200 in 26ms (next.js: 13ms, proxy.ts: 3ms, application-code: 10ms)
 GET /api/demo/runs/prj_09047604e591d969/reports 200 in 31ms (next.js: 15ms, proxy.ts: 3ms, application-code: 13ms)
 GET /api/demo/runs/prj_09047604e591d969/runpod-status 200 in 23ms (next.js: 7ms, proxy.ts: 2ms, application-code: 13ms)
 GET /api/demo/runs/prj_09047604e591d969/reports 200 in 30ms (next.js: 11ms, proxy.ts: 4ms, application-code: 15ms)
 GET /api/demo/runs/prj_09047604e591d969/reports 200 in 31ms (next.js: 14ms, proxy.ts: 4ms, application-code: 13ms)
 GET /api/demo/runs/prj_09047604e591d969/reports 200 in 32ms (next.js: 18ms, proxy.ts: 4ms, application-code: 10ms)
 GET /api/demo/runs/prj_09047604e591d969/runpod-status 200 in 30ms (next.js: 12ms, proxy.ts: 4ms, application-code: 13ms)
 GET /api/demo/runs/prj_09047604e591d969/reports 200 in 39ms (next.js: 24ms, proxy.ts: 5ms, application-code: 10ms)
 GET /api/demo/runs/prj_09047604e591d969/reports 200 in 49ms (next.js: 27ms, proxy.ts: 9ms, application-code: 12ms)
 GET /api/demo/runs/prj_09047604e591d969/reports 200 in 54ms (next.js: 28ms, proxy.ts: 10ms, application-code: 16ms)
 GET /api/demo/runs/prj_09047604e591d969/reports 200 in 54ms (next.js: 30ms, proxy.ts: 10ms, application-code: 14ms)
 GET /api/demo/runs/prj_09047604e591d969/reports 200 in 53ms (next.js: 35ms, proxy.ts: 9ms, application-code: 10ms)
 GET /api/demo/runs/prj_09047604e591d969/reports 200 in 57ms (next.js: 33ms, proxy.ts: 16ms, application-code: 7ms)
 GET /api/demo/runs/prj_09047604e591d969/reports 200 in 59ms (next.js: 36ms, proxy.ts: 16ms, application-code: 6ms)
 GET /api/demo/runs/prj_09047604e591d969/runpod-status 200 in 18ms (next.js: 7ms, proxy.ts: 2ms, application-code: 9ms)
 GET /api/demo/events?projectId=prj_09047604e591d969 200 in 3.9min (next.js: 1556µs, proxy.ts: 2ms, application-code: 3.9min)
 GET /lab?projectId=prj_09047604e591d969 200 in 118ms (next.js: 4ms, application-code: 114ms)
 GET /api/demo/runs/prj_09047604e591d969/runpod-status 200 in 102ms (next.js: 24ms, proxy.ts: 12ms, application-code: 66ms)
 GET /api/demo/runs/prj_09047604e591d969/clusters 200 in 104ms (next.js: 33ms, proxy.ts: 12ms, application-code: 59ms)
 GET /api/demo/runs/prj_09047604e591d969/leaf-scores 404 in 106ms (next.js: 43ms, proxy.ts: 12ms, application-code: 51ms)
 GET /api/demo/runs/prj_09047604e591d969/repair-iterations 200 in 107ms (next.js: 53ms, proxy.ts: 12ms, application-code: 43ms)
 GET /api/demo/runs/prj_09047604e591d969/reports 200 in 119ms (next.js: 64ms, proxy.ts: 12ms, application-code: 43ms)
 GET /api/demo/runs/prj_09047604e591d969/reports 200 in 122ms (next.js: 69ms, proxy.ts: 12ms, application-code: 41ms)
 GET /api/demo/runs/prj_09047604e591d969/reports 200 in 123ms (next.js: 75ms, proxy.ts: 12ms, application-code: 36ms)
 GET /api/demo/runs/prj_09047604e591d969/reports 200 in 129ms (next.js: 81ms, proxy.ts: 12ms, application-code: 36ms)
 GET /api/demo/runs/prj_09047604e591d969/reports 200 in 53ms (next.js: 20ms, proxy.ts: 16ms, application-code: 17ms)
 GET /api/demo/runs/prj_09047604e591d969/reports 200 in 54ms (next.js: 24ms, proxy.ts: 15ms, application-code: 16ms)
 GET /api/demo/runs/prj_09047604e591d969/reports 200 in 55ms (next.js: 16ms, proxy.ts: 26ms, application-code: 13ms)
 GET /api/demo/runs/prj_09047604e591d969/reports 200 in 55ms (next.js: 18ms, proxy.ts: 26ms, application-code: 11ms)
 GET /api/demo/runs/prj_09047604e591d969/reports 200 in 39ms (next.js: 21ms, proxy.ts: 4ms, application-code: 14ms)
 GET /api/demo/runs/prj_09047604e591d969/reports 200 in 38ms (next.js: 21ms, proxy.ts: 7ms, application-code: 10ms)
 GET /api/demo/runs/prj_09047604e591d969/reports 200 in 40ms (next.js: 23ms, proxy.ts: 7ms, application-code: 9ms)
 GET /api/demo/runs/prj_09047604e591d969/reports 200 in 47ms (next.js: 29ms, proxy.ts: 8ms, application-code: 10ms)
 GET /api/demo/runs/prj_09047604e591d969/reports 200 in 46ms (next.js: 31ms, proxy.ts: 6ms, application-code: 9ms)
 GET /api/demo/runs/prj_09047604e591d969/reports 200 in 48ms (next.js: 34ms, proxy.ts: 6ms, application-code: 8ms)
 GET /api/demo/runs/prj_09047604e591d969/reports 200 in 15ms (next.js: 7ms, proxy.ts: 1974µs, application-code: 6ms)
 GET /api/demo/runs/prj_09047604e591d969/runpod-status 200 in 23ms (next.js: 7ms, proxy.ts: 2ms, application-code: 13ms)
 GET /api/demo/runs/prj_09047604e591d969/reports 200 in 20ms (next.js: 9ms, proxy.ts: 2ms, application-code: 9ms)
 GET /api/demo/runs/prj_09047604e591d969/reports 200 in 13ms (next.js: 3ms, proxy.ts: 3ms, application-code: 7ms)
 GET /api/demo/runs/prj_09047604e591d969/clusters 200 in 32ms (next.js: 10ms, proxy.ts: 4ms, application-code: 19ms)
 GET /api/demo/runs/prj_09047604e591d969/leaf-scores 404 in 33ms (next.js: 17ms, proxy.ts: 4ms, application-code: 13ms)
 GET /api/demo/runs/prj_09047604e591d969/repair-iterations 200 in 34ms (next.js: 24ms, proxy.ts: 4ms, application-code: 6ms)
 GET /api/demo/runs/prj_09047604e591d969/reports 200 in 43ms (next.js: 8ms, proxy.ts: 1970µs, application-code: 33ms)
 GET /api/demo/runs/prj_09047604e591d969/reports 200 in 12ms (next.js: 3ms, proxy.ts: 2ms, application-code: 7ms)
 GET /api/demo/runs/prj_09047604e591d969/reports 200 in 12ms (next.js: 3ms, proxy.ts: 2ms, application-code: 7ms)
 GET /api/demo/runs/prj_09047604e591d969/runpod-status 200 in 714ms (next.js: 687ms, proxy.ts: 1886µs, application-code: 25ms)
 GET /api/demo/runs/prj_09047604e591d969/reports 200 in 195ms (next.js: 184ms, proxy.ts: 3ms, application-code: 8ms)
 GET /api/demo/runs/prj_09047604e591d969/runpod-status 200 in 17ms (next.js: 3ms, proxy.ts: 3ms, application-code: 11ms)
 GET /api/demo/runs/prj_09047604e591d969/reports 200 in 13ms (next.js: 3ms, proxy.ts: 1645µs, application-code: 8ms)
 GET /api/demo/runs/prj_09047604e591d969/clusters 200 in 96ms (next.js: 29ms, proxy.ts: 3ms, application-code: 64ms)
 GET /api/demo/runs/prj_09047604e591d969/leaf-scores 404 in 99ms (next.js: 58ms, proxy.ts: 3ms, application-code: 38ms)
 GET /api/demo/runs/prj_09047604e591d969/repair-iterations 200 in 100ms (next.js: 89ms, proxy.ts: 3ms, application-code: 8ms)
 GET /api/demo/runs/prj_09047604e591d969/reports 200 in 27ms (next.js: 11ms, proxy.ts: 3ms, application-code: 13ms)
 GET /api/demo/runs/prj_09047604e591d969/reports 200 in 21ms (next.js: 7ms, proxy.ts: 4ms, application-code: 10ms)
 GET /api/demo/runs/prj_09047604e591d969/reports 200 in 53ms (next.js: 18ms, proxy.ts: 5ms, application-code: 30ms)
 GET /api/demo/runs/prj_09047604e591d969/runpod-status 200 in 21ms (next.js: 8ms, proxy.ts: 3ms, application-code: 10ms)
 GET /api/demo/runs/prj_09047604e591d969/reports 200 in 17ms (next.js: 8ms, proxy.ts: 2ms, application-code: 7ms)
 GET /api/demo/runs/prj_09047604e591d969/reports 200 in 13ms (next.js: 3ms, proxy.ts: 1880µs, application-code: 8ms)
 GET /api/demo/runs/prj_09047604e591d969/reports 200 in 18ms (next.js: 9ms, proxy.ts: 1733µs, application-code: 7ms)
 GET /api/demo/runs/prj_09047604e591d969/reports 200 in 12ms (next.js: 2ms, proxy.ts: 2ms, application-code: 8ms)
 GET /api/demo/runs/prj_09047604e591d969/reports 200 in 13ms (next.js: 3ms, proxy.ts: 3ms, application-code: 7ms)
 GET /api/demo/runs/prj_09047604e591d969/runpod-status 200 in 19ms (next.js: 7ms, proxy.ts: 1978µs, application-code: 10ms)
 GET /api/demo/runs/prj_09047604e591d969/reports 200 in 16ms (next.js: 7ms, proxy.ts: 1957µs, application-code: 7ms)
 GET /api/demo/runs/prj_09047604e591d969/runpod-status 200 in 19ms (next.js: 7ms, proxy.ts: 2ms, application-code: 9ms)
 GET /api/demo/runs/prj_09047604e591d969/reports 200 in 17ms (next.js: 9ms, proxy.ts: 1964µs, application-code: 6ms)
 GET /api/demo/runs/prj_09047604e591d969/reports 200 in 19ms (next.js: 9ms, proxy.ts: 3ms, application-code: 7ms)
 GET /api/demo/runs/prj_09047604e591d969/reports 200 in 22ms (next.js: 12ms, proxy.ts: 2ms, application-code: 8ms)
 GET /api/demo/runs/prj_09047604e591d969/reports 200 in 13ms (next.js: 4ms, proxy.ts: 3ms, application-code: 6ms)
 GET /api/demo/runs/prj_09047604e591d969/runpod-status 200 in 25ms (next.js: 10ms, proxy.ts: 3ms, application-code: 12ms)
 GET /api/demo/runs/prj_09047604e591d969/reports 200 in 20ms (next.js: 8ms, proxy.ts: 4ms, application-code: 8ms)
 GET /api/demo/runs/prj_09047604e591d969/reports 200 in 18ms (next.js: 8ms, proxy.ts: 2ms, application-code: 7ms)
 GET /api/demo/runs/prj_09047604e591d969/reports 200 in 28ms (next.js: 11ms, proxy.ts: 3ms, application-code: 14ms)
 GET /api/demo/runs/prj_09047604e591d969/reports 200 in 28ms (next.js: 4ms, proxy.ts: 11ms, application-code: 12ms)
 GET /api/demo/runs/prj_09047604e591d969/reports 200 in 17ms (next.js: 5ms, proxy.ts: 3ms, application-code: 9ms)
 GET /api/demo/runs/prj_09047604e591d969/runpod-status 200 in 22ms (next.js: 9ms, proxy.ts: 3ms, application-code: 10ms)
 GET /api/demo/runs/prj_09047604e591d969/reports 200 in 20ms (next.js: 8ms, proxy.ts: 3ms, application-code: 10ms)
 GET /api/demo/runs/prj_09047604e591d969/runpod-status 200 in 25ms (next.js: 10ms, proxy.ts: 3ms, application-code: 13ms)
 GET /api/demo/runs/prj_09047604e591d969/reports 200 in 21ms (next.js: 9ms, proxy.ts: 3ms, application-code: 9ms)
 GET /api/demo/runs/prj_09047604e591d969/reports 200 in 26ms (next.js: 12ms, proxy.ts: 3ms, application-code: 11ms)
 GET /api/demo/runs/prj_09047604e591d969/reports 200 in 33ms (next.js: 18ms, proxy.ts: 2ms, application-code: 13ms)
 GET /api/demo/runs/prj_09047604e591d969/reports 200 in 14ms (next.js: 3ms, proxy.ts: 4ms, application-code: 8ms)
 GET /api/demo/runs/prj_09047604e591d969/runpod-status 200 in 22ms (next.js: 11ms, proxy.ts: 1997µs, application-code: 9ms)
 GET /api/demo/runs/prj_09047604e591d969/reports 200 in 17ms (next.js: 7ms, proxy.ts: 2ms, application-code: 8ms)
 GET /api/demo/runs/prj_09047604e591d969/reports 200 in 19ms (next.js: 8ms, proxy.ts: 5ms, application-code: 6ms)
 GET /api/demo/runs/prj_09047604e591d969/reports 200 in 19ms (next.js: 8ms, proxy.ts: 3ms, application-code: 8ms)
 GET /api/demo/runs/prj_09047604e591d969/reports 200 in 19ms (next.js: 9ms, proxy.ts: 3ms, application-code: 7ms)
 GET /api/demo/runs/prj_09047604e591d969/reports 200 in 23ms (next.js: 12ms, proxy.ts: 2ms, application-code: 9ms)
 GET /api/demo/runs/prj_09047604e591d969/runpod-status 200 in 28ms (next.js: 11ms, proxy.ts: 3ms, application-code: 14ms)
 GET /api/demo/runs/prj_09047604e591d969/reports 200 in 31ms (next.js: 12ms, proxy.ts: 6ms, application-code: 13ms)
 GET /api/demo/runs/prj_09047604e591d969/runpod-status 200 in 26ms (next.js: 9ms, proxy.ts: 4ms, application-code: 13ms)
 GET /api/demo/runs/prj_09047604e591d969/reports 200 in 25ms (next.js: 10ms, proxy.ts: 3ms, application-code: 12ms)
 GET /api/demo/runs/prj_09047604e591d969/reports 200 in 15ms (next.js: 5ms, proxy.ts: 3ms, application-code: 7ms)
 GET /api/demo/runs/prj_09047604e591d969/reports 200 in 36ms (next.js: 16ms, proxy.ts: 3ms, application-code: 16ms)
 GET /api/demo/runs/prj_09047604e591d969/reports 200 in 37ms (next.js: 20ms, proxy.ts: 3ms, application-code: 14ms)
 GET /api/demo/runs/prj_09047604e591d969/reports 200 in 18ms (next.js: 4ms, proxy.ts: 3ms, application-code: 11ms)
 GET /api/demo/runs/prj_09047604e591d969/runpod-status 200 in 21ms (next.js: 7ms, proxy.ts: 3ms, application-code: 11ms)
 GET /api/demo/runs/prj_09047604e591d969/reports 200 in 25ms (next.js: 13ms, proxy.ts: 3ms, application-code: 9ms)
 GET /api/demo/runs/prj_09047604e591d969/reports 200 in 23ms (next.js: 4ms, proxy.ts: 8ms, application-code: 10ms)
 GET /api/demo/runs/prj_09047604e591d969/reports 200 in 27ms (next.js: 14ms, proxy.ts: 4ms, application-code: 10ms)
 GET /api/demo/runs/prj_09047604e591d969/reports 200 in 18ms (next.js: 4ms, proxy.ts: 4ms, application-code: 9ms)
 GET /api/demo/runs/prj_09047604e591d969/reports 200 in 24ms (next.js: 6ms, proxy.ts: 7ms, application-code: 11ms)
 GET /api/demo/runs/prj_09047604e591d969/runpod-status 200 in 25ms (next.js: 10ms, proxy.ts: 3ms, application-code: 12ms)
 GET /api/demo/runs/prj_09047604e591d969/runpod-status 200 in 33ms (next.js: 13ms, proxy.ts: 4ms, application-code: 16ms)
 GET /api/demo/runs/prj_09047604e591d969/reports 200 in 28ms (next.js: 12ms, proxy.ts: 4ms, application-code: 11ms)
 GET /api/demo/runs/prj_09047604e591d969/runpod-status 200 in 33ms (next.js: 16ms, proxy.ts: 5ms, application-code: 12ms)
 GET /api/demo/runs/prj_09047604e591d969/reports 200 in 17ms (next.js: 3ms, proxy.ts: 3ms, application-code: 11ms)
 GET /api/demo/runs/prj_09047604e591d969/reports 200 in 32ms (next.js: 19ms, proxy.ts: 4ms, application-code: 10ms)
 GET /api/demo/runs/prj_09047604e591d969/reports 200 in 39ms (next.js: 8ms, proxy.ts: 21ms, application-code: 10ms)
 GET /api/demo/runs/prj_09047604e591d969/reports 200 in 22ms (next.js: 11ms, proxy.ts: 4ms, application-code: 7ms)
 GET /api/demo/runs/prj_09047604e591d969/runpod-status 200 in 25ms (next.js: 12ms, proxy.ts: 4ms, application-code: 9ms)
 GET /api/demo/runs/prj_09047604e591d969/reports 200 in 27ms (next.js: 11ms, proxy.ts: 3ms, application-code: 13ms)
 GET /api/demo/runs/prj_09047604e591d969/reports 200 in 16ms (next.js: 3ms, proxy.ts: 5ms, application-code: 7ms)
 GET /api/demo/runs/prj_09047604e591d969/reports 200 in 22ms (next.js: 11ms, proxy.ts: 2ms, application-code: 9ms)
 GET /api/demo/runs/prj_09047604e591d969/reports 200 in 29ms (next.js: 8ms, proxy.ts: 12ms, application-code: 9ms)
 GET /api/demo/runs/prj_09047604e591d969/reports 200 in 16ms (next.js: 8ms, proxy.ts: 2ms, application-code: 7ms)
 GET /api/demo/runs/prj_09047604e591d969/runpod-status 200 in 30ms (next.js: 14ms, proxy.ts: 3ms, application-code: 14ms)
 GET /api/demo/runs/prj_09047604e591d969/reports 200 in 33ms (next.js: 17ms, proxy.ts: 4ms, application-code: 12ms)
 GET /api/demo/runs/prj_09047604e591d969/runpod-status 200 in 35ms (next.js: 16ms, proxy.ts: 3ms, application-code: 16ms)
 GET /api/demo/runs/prj_09047604e591d969/reports 200 in 16ms (next.js: 4ms, proxy.ts: 3ms, application-code: 10ms)
 GET /api/demo/runs/prj_09047604e591d969/reports 200 in 23ms (next.js: 10ms, proxy.ts: 3ms, application-code: 11ms)
 GET /api/demo/runs/prj_09047604e591d969/reports 200 in 14ms (next.js: 4ms, proxy.ts: 2ms, application-code: 8ms)
 GET /api/demo/runs/prj_09047604e591d969/reports 200 in 17ms (next.js: 5ms, proxy.ts: 2ms, application-code: 9ms)
 GET /api/demo/runs/prj_09047604e591d969/runpod-status 200 in 28ms (next.js: 13ms, proxy.ts: 3ms, application-code: 13ms)
 GET /api/demo/runs/prj_09047604e591d969/reports 200 in 23ms (next.js: 10ms, proxy.ts: 3ms, application-code: 10ms)
 GET /api/demo/runs/prj_09047604e591d969/reports 200 in 21ms (next.js: 9ms, proxy.ts: 3ms, application-code: 10ms)
 GET /api/demo/runs/prj_09047604e591d969/reports 200 in 18ms (next.js: 9ms, proxy.ts: 4ms, application-code: 6ms)
 GET /api/demo/runs/prj_09047604e591d969/reports 200 in 26ms (next.js: 11ms, proxy.ts: 2ms, application-code: 13ms)
 GET /api/demo/runs/prj_09047604e591d969/reports 200 in 29ms (next.js: 3ms, proxy.ts: 12ms, application-code: 14ms)
 GET /api/demo/runs/prj_09047604e591d969/reports 200 in 22ms (next.js: 9ms, proxy.ts: 2ms, application-code: 10ms)
 GET /api/demo/runs/prj_09047604e591d969/runpod-status 200 in 23ms (next.js: 9ms, proxy.ts: 2ms, application-code: 12ms)
 GET /api/demo/runs/prj_09047604e591d969/runpod-status 200 in 29ms (next.js: 14ms, proxy.ts: 3ms, application-code: 12ms)
 GET /api/demo/runs/prj_09047604e591d969/reports 200 in 21ms (next.js: 9ms, proxy.ts: 2ms, application-code: 10ms)
 GET /api/demo/runs/prj_09047604e591d969/reports 200 in 19ms (next.js: 3ms, proxy.ts: 3ms, application-code: 13ms)
 GET /api/demo/runs/prj_09047604e591d969/reports 200 in 32ms (next.js: 19ms, proxy.ts: 3ms, application-code: 10ms)
 GET /api/demo/runs/prj_09047604e591d969/reports 200 in 20ms (next.js: 8ms, proxy.ts: 3ms, application-code: 9ms)
 GET /api/demo/runs/prj_09047604e591d969/reports 200 in 21ms (next.js: 9ms, proxy.ts: 1692µs, application-code: 10ms)
 GET /api/demo/runs/prj_09047604e591d969/runpod-status 200 in 28ms (next.js: 12ms, proxy.ts: 4ms, application-code: 12ms)
 GET /api/demo/runs/prj_09047604e591d969/reports 200 in 25ms (next.js: 11ms, proxy.ts: 3ms, application-code: 11ms)
 GET /api/demo/runs/prj_09047604e591d969/reports 200 in 16ms (next.js: 4ms, proxy.ts: 3ms, application-code: 10ms)
 GET /api/demo/runs/prj_09047604e591d969/reports 200 in 24ms (next.js: 10ms, proxy.ts: 3ms, application-code: 11ms)
 GET /api/demo/runs/prj_09047604e591d969/reports 200 in 23ms (next.js: 8ms, proxy.ts: 4ms, application-code: 11ms)
 GET /api/demo/runs/prj_09047604e591d969/reports 200 in 22ms (next.js: 9ms, proxy.ts: 2ms, application-code: 10ms)
 GET /api/demo/runs/prj_09047604e591d969/runpod-status 200 in 22ms (next.js: 8ms, proxy.ts: 1952µs, application-code: 12ms)
 GET /api/demo/runs/prj_09047604e591d969/runpod-status 200 in 34ms (next.js: 13ms, proxy.ts: 4ms, application-code: 16ms)
 GET /api/demo/runs/prj_09047604e591d969/reports 200 in 20ms (next.js: 11ms, proxy.ts: 3ms, application-code: 7ms)
 GET /api/demo/runs/prj_09047604e591d969/reports 200 in 17ms (next.js: 5ms, proxy.ts: 4ms, application-code: 9ms)
 GET /api/demo/runs/prj_09047604e591d969/reports 200 in 44ms (next.js: 24ms, proxy.ts: 4ms, application-code: 16ms)
 GET /api/demo/runs/prj_09047604e591d969/reports 200 in 46ms (next.js: 25ms, proxy.ts: 5ms, application-code: 16ms)
 GET /api/demo/runs/prj_09047604e591d969/reports 200 in 25ms (next.js: 11ms, proxy.ts: 4ms, application-code: 10ms)
 GET /api/demo/runs/prj_09047604e591d969/runpod-status 200 in 25ms (next.js: 9ms, proxy.ts: 2ms, application-code: 14ms)
 GET /api/demo/runs/prj_09047604e591d969/reports 200 in 17ms (next.js: 7ms, proxy.ts: 1975µs, application-code: 8ms)
 GET /api/demo/runs/prj_09047604e591d969/reports 200 in 20ms (next.js: 9ms, proxy.ts: 2ms, application-code: 9ms)
 GET /api/demo/runs/prj_09047604e591d969/reports 200 in 22ms (next.js: 9ms, proxy.ts: 5ms, application-code: 8ms)
 GET /api/demo/runs/prj_09047604e591d969/reports 200 in 20ms (next.js: 10ms, proxy.ts: 1976µs, application-code: 8ms)
 GET /api/demo/runs/prj_09047604e591d969/runpod-status 200 in 26ms (next.js: 10ms, proxy.ts: 2ms, application-code: 13ms)
 GET /api/demo/runs/prj_09047604e591d969/reports 200 in 25ms (next.js: 9ms, proxy.ts: 2ms, application-code: 13ms)
 GET /api/demo/runs/prj_09047604e591d969/runpod-status 200 in 23ms (next.js: 9ms, proxy.ts: 4ms, application-code: 10ms)
 GET /api/demo/runs/prj_09047604e591d969/reports 200 in 16ms (next.js: 7ms, proxy.ts: 4ms, application-code: 5ms)
 GET /api/demo/runs/prj_09047604e591d969/reports 200 in 20ms (next.js: 8ms, proxy.ts: 3ms, application-code: 10ms)
 GET /api/demo/runs/prj_09047604e591d969/reports 200 in 21ms (next.js: 8ms, proxy.ts: 3ms, application-code: 9ms)
 GET /api/demo/runs/prj_09047604e591d969/reports 200 in 21ms (next.js: 7ms, proxy.ts: 5ms, application-code: 10ms)
 GET /api/demo/runs/prj_09047604e591d969/runpod-status 200 in 19ms (next.js: 6ms, proxy.ts: 1792µs, application-code: 11ms)
 GET /api/demo/runs/prj_09047604e591d969/reports 200 in 21ms (next.js: 9ms, proxy.ts: 2ms, application-code: 10ms)
 GET /api/demo/runs/prj_09047604e591d969/reports 200 in 14ms (next.js: 3ms, proxy.ts: 1940µs, application-code: 9ms)
 GET /api/demo/runs/prj_09047604e591d969/reports 200 in 28ms (next.js: 12ms, proxy.ts: 2ms, application-code: 14ms)
 GET /api/demo/runs/prj_09047604e591d969/reports 200 in 32ms (next.js: 23ms, proxy.ts: 3ms, application-code: 6ms)
 GET /api/demo/runs/prj_09047604e591d969/reports 200 in 23ms (next.js: 10ms, proxy.ts: 2ms, application-code: 10ms)
 GET /api/demo/runs/prj_09047604e591d969/runpod-status 200 in 21ms (next.js: 9ms, proxy.ts: 2ms, application-code: 10ms)
 GET /api/demo/runs/prj_09047604e591d969/runpod-status 200 in 36ms (next.js: 16ms, proxy.ts: 6ms, application-code: 13ms)
 GET /api/demo/runs/prj_09047604e591d969/reports 200 in 21ms (next.js: 10ms, proxy.ts: 1915µs, application-code: 9ms)
 GET /api/demo/runs/prj_09047604e591d969/reports 200 in 22ms (next.js: 8ms, proxy.ts: 2ms, application-code: 11ms)
 GET /api/demo/runs/prj_09047604e591d969/reports 200 in 22ms (next.js: 9ms, proxy.ts: 4ms, application-code: 9ms)
 GET /api/demo/runs/prj_09047604e591d969/reports 200 in 19ms (next.js: 7ms, proxy.ts: 3ms, application-code: 9ms)
 GET /api/demo/runs/prj_09047604e591d969/runpod-status 200 in 25ms (next.js: 8ms, proxy.ts: 3ms, application-code: 14ms)
 GET /api/demo/runs/prj_09047604e591d969/reports 200 in 18ms (next.js: 7ms, proxy.ts: 2ms, application-code: 9ms)
 GET /api/demo/runs/prj_09047604e591d969/reports 200 in 11ms (next.js: 2ms, proxy.ts: 1892µs, application-code: 7ms)
 GET /api/demo/runs/prj_09047604e591d969/reports 200 in 27ms (next.js: 13ms, proxy.ts: 3ms, application-code: 11ms)
 GET /api/demo/runs/prj_09047604e591d969/reports 200 in 32ms (next.js: 17ms, proxy.ts: 3ms, application-code: 11ms)
 GET /api/demo/runs/prj_09047604e591d969/reports 200 in 19ms (next.js: 9ms, proxy.ts: 1967µs, application-code: 9ms)
 GET /api/demo/runs/prj_09047604e591d969/runpod-status 200 in 25ms (next.js: 12ms, proxy.ts: 2ms, application-code: 10ms)
 GET /api/demo/runs/prj_09047604e591d969/runpod-status 200 in 25ms (next.js: 10ms, proxy.ts: 3ms, application-code: 12ms)
 GET /api/demo/runs/prj_09047604e591d969/runpod-status 200 in 38ms (next.js: 15ms, proxy.ts: 5ms, application-code: 18ms)
 GET /api/demo/runs/prj_09047604e591d969/reports 200 in 22ms (next.js: 9ms, proxy.ts: 3ms, application-code: 11ms)
 GET /api/demo/runs/prj_09047604e591d969/reports 200 in 21ms (next.js: 9ms, proxy.ts: 1956µs, application-code: 10ms)
 GET /api/demo/runs/prj_09047604e591d969/reports 200 in 17ms (next.js: 5ms, proxy.ts: 3ms, application-code: 9ms)
 GET /api/demo/runs/prj_09047604e591d969/reports 200 in 14ms (next.js: 3ms, proxy.ts: 3ms, application-code: 8ms)
 GET /api/demo/runs/prj_09047604e591d969/runpod-status 200 in 20ms (next.js: 7ms, proxy.ts: 3ms, application-code: 9ms)
 GET /api/demo/runs/prj_09047604e591d969/reports 200 in 22ms (next.js: 10ms, proxy.ts: 3ms, application-code: 9ms)
 GET /api/demo/runs/prj_09047604e591d969/reports 200 in 13ms (next.js: 4ms, proxy.ts: 3ms, application-code: 7ms)
 GET /api/demo/runs/prj_09047604e591d969/reports 200 in 26ms (next.js: 12ms, proxy.ts: 4ms, application-code: 10ms)
 GET /api/demo/runs/prj_09047604e591d969/reports 200 in 31ms (next.js: 15ms, proxy.ts: 4ms, application-code: 12ms)
 GET /api/demo/runs/prj_09047604e591d969/runpod-status 200 in 22ms (next.js: 9ms, proxy.ts: 3ms, application-code: 10ms)
 GET /api/demo/runs/prj_09047604e591d969/reports 200 in 25ms (next.js: 11ms, proxy.ts: 3ms, application-code: 12ms)
 GET /api/demo/runs/prj_09047604e591d969/runpod-status 200 in 35ms (next.js: 17ms, proxy.ts: 4ms, application-code: 15ms)
 GET /api/demo/runs/prj_09047604e591d969/reports 200 in 25ms (next.js: 9ms, proxy.ts: 2ms, application-code: 14ms)
 GET /api/demo/runs/prj_09047604e591d969/reports 200 in 30ms (next.js: 10ms, proxy.ts: 3ms, application-code: 16ms)
 GET /api/demo/runs/prj_09047604e591d969/reports 200 in 17ms (next.js: 4ms, proxy.ts: 3ms, application-code: 10ms)
 GET /api/demo/runs/prj_09047604e591d969/runpod-status 200 in 21ms (next.js: 8ms, proxy.ts: 3ms, application-code: 10ms)
 GET /api/demo/runs/prj_09047604e591d969/reports 200 in 14ms (next.js: 7ms, proxy.ts: 1962µs, application-code: 5ms)
 GET /api/demo/runs/prj_09047604e591d969/reports 200 in 19ms (next.js: 8ms, proxy.ts: 3ms, application-code: 8ms)
 GET /api/demo/runs/prj_09047604e591d969/reports 200 in 11ms (next.js: 2ms, proxy.ts: 2ms, application-code: 7ms)
 GET /api/demo/runs/prj_09047604e591d969/reports 200 in 21ms (next.js: 8ms, proxy.ts: 4ms, application-code: 9ms)
 GET /api/demo/runs/prj_09047604e591d969/reports 200 in 14ms (next.js: 3ms, proxy.ts: 5ms, application-code: 6ms)
 GET /api/demo/runs/prj_09047604e591d969/reports 200 in 13ms (next.js: 3ms, proxy.ts: 3ms, application-code: 7ms)
 GET /api/demo/runs/prj_09047604e591d969/runpod-status 200 in 20ms (next.js: 10ms, proxy.ts: 3ms, application-code: 8ms)
 GET /api/demo/runs/prj_09047604e591d969/reports 200 in 21ms (next.js: 9ms, proxy.ts: 2ms, application-code: 10ms)
 GET /api/demo/runs/prj_09047604e591d969/runpod-status 200 in 39ms (next.js: 15ms, proxy.ts: 4ms, application-code: 20ms)
 GET /api/demo/runs/prj_09047604e591d969/reports 200 in 17ms (next.js: 5ms, proxy.ts: 2ms, application-code: 10ms)
 GET /api/demo/runs/prj_09047604e591d969/reports 200 in 18ms (next.js: 7ms, proxy.ts: 1809µs, application-code: 9ms)
 GET /api/demo/runs/prj_09047604e591d969/reports 200 in 15ms (next.js: 3ms, proxy.ts: 2ms, application-code: 9ms)
 GET /api/demo/runs/prj_09047604e591d969/reports 200 in 11ms (next.js: 3ms, proxy.ts: 2ms, application-code: 6ms)
 GET /api/demo/runs/prj_09047604e591d969/runpod-status 200 in 17ms (next.js: 7ms, proxy.ts: 1920µs, application-code: 9ms)
 GET /api/demo/runs/prj_09047604e591d969/reports 200 in 17ms (next.js: 7ms, proxy.ts: 4ms, application-code: 6ms)
 GET /api/demo/runs/prj_09047604e591d969/reports 200 in 22ms (next.js: 9ms, proxy.ts: 2ms, application-code: 11ms)
 GET /api/demo/runs/prj_09047604e591d969/reports 200 in 22ms (next.js: 9ms, proxy.ts: 3ms, application-code: 10ms)
 GET /api/demo/runs/prj_09047604e591d969/reports 200 in 27ms (next.js: 9ms, proxy.ts: 4ms, application-code: 15ms)
 GET /api/demo/runs/prj_09047604e591d969/reports 200 in 15ms (next.js: 3ms, proxy.ts: 4ms, application-code: 8ms)
 GET /api/demo/runs/prj_09047604e591d969/runpod-status 200 in 23ms (next.js: 8ms, proxy.ts: 2ms, application-code: 12ms)
 GET /api/demo/runs/prj_09047604e591d969/reports 200 in 21ms (next.js: 9ms, proxy.ts: 3ms, application-code: 9ms)
 GET /api/demo/runs/prj_09047604e591d969/runpod-status 200 in 21ms (next.js: 8ms, proxy.ts: 2ms, application-code: 10ms)
 GET /api/demo/runs/prj_09047604e591d969/reports 200 in 22ms (next.js: 9ms, proxy.ts: 1862µs, application-code: 12ms)
 GET /api/demo/runs/prj_09047604e591d969/reports 200 in 12ms (next.js: 3ms, proxy.ts: 3ms, application-code: 5ms)
 GET /api/demo/runs/prj_09047604e591d969/reports 200 in 20ms (next.js: 9ms, proxy.ts: 3ms, application-code: 8ms)
 GET /api/demo/runs/prj_09047604e591d969/reports 200 in 24ms (next.js: 6ms, proxy.ts: 11ms, application-code: 7ms)
 GET /api/demo/runs/prj_09047604e591d969/reports 200 in 25ms (next.js: 12ms, proxy.ts: 3ms, application-code: 9ms)
 GET /api/demo/runs/prj_09047604e591d969/runpod-status 200 in 22ms (next.js: 10ms, proxy.ts: 3ms, application-code: 10ms)
 GET /api/demo/runs/prj_09047604e591d969/reports 200 in 21ms (next.js: 9ms, proxy.ts: 2ms, application-code: 10ms)
 GET /api/demo/runs/prj_09047604e591d969/reports 200 in 15ms (next.js: 3ms, proxy.ts: 1940µs, application-code: 9ms)
 GET /api/demo/runs/prj_09047604e591d969/reports 200 in 23ms (next.js: 10ms, proxy.ts: 3ms, application-code: 9ms)
 GET /api/demo/runs/prj_09047604e591d969/reports 200 in 25ms (next.js: 14ms, proxy.ts: 2ms, application-code: 9ms)
 GET /api/demo/runs/prj_09047604e591d969/reports 200 in 23ms (next.js: 13ms, proxy.ts: 2ms, application-code: 8ms)
 GET /api/demo/runs/prj_09047604e591d969/runpod-status 200 in 27ms (next.js: 12ms, proxy.ts: 2ms, application-code: 13ms)
 GET /api/demo/runs/prj_09047604e591d969/runpod-status 200 in 21ms (next.js: 9ms, proxy.ts: 4ms, application-code: 8ms)
 GET /api/demo/runs/prj_09047604e591d969/reports 200 in 28ms (next.js: 9ms, proxy.ts: 3ms, application-code: 17ms)
 GET /api/demo/runs/prj_09047604e591d969/reports 200 in 15ms (next.js: 5ms, proxy.ts: 3ms, application-code: 7ms)
 GET /api/demo/runs/prj_09047604e591d969/reports 200 in 29ms (next.js: 15ms, proxy.ts: 3ms, application-code: 11ms)
 GET /api/demo/runs/prj_09047604e591d969/reports 200 in 36ms (next.js: 18ms, proxy.ts: 3ms, application-code: 15ms)
 GET /api/demo/runs/prj_09047604e591d969/reports 200 in 17ms (next.js: 4ms, proxy.ts: 3ms, application-code: 10ms)
 GET /api/demo/runs/prj_09047604e591d969/runpod-status 200 in 18ms (next.js: 7ms, proxy.ts: 3ms, application-code: 9ms)
 GET /api/demo/runs/prj_09047604e591d969/reports 200 in 15ms (next.js: 7ms, proxy.ts: 3ms, application-code: 6ms)
 GET /api/demo/runs/prj_09047604e591d969/reports 200 in 14ms (next.js: 4ms, proxy.ts: 3ms, application-code: 7ms)
 GET /api/demo/runs/prj_09047604e591d969/reports 200 in 21ms (next.js: 8ms, proxy.ts: 2ms, application-code: 11ms)
 GET /api/demo/runs/prj_09047604e591d969/reports 200 in 22ms (next.js: 5ms, proxy.ts: 7ms, application-code: 9ms)
 GET /api/demo/runs/prj_09047604e591d969/reports 200 in 23ms (next.js: 8ms, proxy.ts: 3ms, application-code: 11ms)
 GET /api/demo/runs/prj_09047604e591d969/reports 200 in 25ms (next.js: 11ms, proxy.ts: 3ms, application-code: 11ms)
 GET /api/demo/runs/prj_09047604e591d969/runpod-status 200 in 23ms (next.js: 7ms, proxy.ts: 1793µs, application-code: 15ms)
 GET /api/demo/runs/prj_09047604e591d969/runpod-status 200 in 23ms (next.js: 9ms, proxy.ts: 3ms, application-code: 11ms)
 GET /api/demo/runs/prj_09047604e591d969/reports 200 in 17ms (next.js: 8ms, proxy.ts: 3ms, application-code: 6ms)
 GET /api/demo/runs/prj_09047604e591d969/reports 200 in 26ms (next.js: 11ms, proxy.ts: 2ms, application-code: 13ms)
 GET /api/demo/runs/prj_09047604e591d969/reports 200 in 15ms (next.js: 5ms, proxy.ts: 3ms, application-code: 8ms)
 GET /api/demo/runs/prj_09047604e591d969/reports 200 in 24ms (next.js: 14ms, proxy.ts: 3ms, application-code: 8ms)
 GET /api/demo/runs/prj_09047604e591d969/reports 200 in 26ms (next.js: 17ms, proxy.ts: 2ms, application-code: 7ms)
 GET /api/demo/runs/prj_09047604e591d969/reports 200 in 30ms (next.js: 19ms, proxy.ts: 5ms, application-code: 6ms)
 GET /api/demo/runs/prj_09047604e591d969/reports 200 in 31ms (next.js: 21ms, proxy.ts: 4ms, application-code: 6ms)
 GET /api/demo/runs/prj_09047604e591d969/reports 200 in 23ms (next.js: 12ms, proxy.ts: 4ms, application-code: 7ms)
 GET /api/demo/runs/prj_09047604e591d969/reports 200 in 28ms (next.js: 15ms, proxy.ts: 4ms, application-code: 9ms)
 GET /api/demo/runs/prj_09047604e591d969/reports 200 in 37ms (next.js: 19ms, proxy.ts: 4ms, application-code: 14ms)
 GET /api/demo/runs/prj_09047604e591d969/runpod-status 200 in 37ms (next.js: 17ms, proxy.ts: 11ms, application-code: 9ms)
 GET /api/demo/runs/prj_09047604e591d969/reports 200 in 22ms (next.js: 11ms, proxy.ts: 5ms, application-code: 7ms)
 GET /api/demo/runs/prj_09047604e591d969/reports 200 in 25ms (next.js: 14ms, proxy.ts: 4ms, application-code: 8ms)
 GET /api/demo/runs/prj_09047604e591d969/reports 200 in 27ms (next.js: 18ms, proxy.ts: 3ms, application-code: 6ms)
 GET /api/demo/runs/prj_09047604e591d969/reports 200 in 15ms (next.js: 7ms, proxy.ts: 1839µs, application-code: 7ms)
 GET /api/demo/runs/prj_09047604e591d969/reports 200 in 26ms (next.js: 9ms, proxy.ts: 4ms, application-code: 12ms)
 GET /api/demo/runs/prj_09047604e591d969/reports 200 in 27ms (next.js: 13ms, proxy.ts: 4ms, application-code: 11ms)
 GET /api/demo/runs/prj_09047604e591d969/reports 200 in 33ms (next.js: 15ms, proxy.ts: 4ms, application-code: 14ms)
 GET /api/demo/runs/prj_09047604e591d969/reports 200 in 14ms (next.js: 5ms, proxy.ts: 3ms, application-code: 7ms)
 GET /api/demo/runs/prj_09047604e591d969/reports 200 in 16ms (next.js: 7ms, proxy.ts: 3ms, application-code: 7ms)
 GET /api/demo/runs/prj_09047604e591d969/runpod-status 200 in 16ms (next.js: 7ms, proxy.ts: 1822µs, application-code: 8ms)
 GET /api/demo/runs/prj_09047604e591d969/reports 200 in 16ms (next.js: 7ms, proxy.ts: 1941µs, application-code: 7ms)
 GET /api/demo/runs/prj_09047604e591d969/runpod-status 200 in 21ms (next.js: 9ms, proxy.ts: 3ms, application-code: 9ms)
 GET /api/demo/runs/prj_09047604e591d969/runpod-status 200 in 27ms (next.js: 11ms, proxy.ts: 3ms, application-code: 14ms)
 GET /api/demo/runs/prj_09047604e591d969/reports 200 in 17ms (next.js: 7ms, proxy.ts: 1896µs, application-code: 8ms)
 GET /api/demo/runs/prj_09047604e591d969/reports 200 in 17ms (next.js: 7ms, proxy.ts: 2ms, application-code: 8ms)
 GET /api/demo/runs/prj_09047604e591d969/reports 200 in 19ms (next.js: 9ms, proxy.ts: 3ms, application-code: 7ms)
 GET /api/demo/runs/prj_09047604e591d969/reports 200 in 23ms (next.js: 11ms, proxy.ts: 2ms, application-code: 9ms)
 GET /api/demo/runs/prj_09047604e591d969/runpod-status 200 in 40ms (next.js: 22ms, proxy.ts: 9ms, application-code: 9ms)
 GET /api/demo/runs/prj_09047604e591d969/reports 200 in 118ms (next.js: 104ms, proxy.ts: 2ms, application-code: 12ms)
 GET /api/demo/runs/prj_09047604e591d969/reports 200 in 19ms (next.js: 8ms, proxy.ts: 3ms, application-code: 8ms)
 GET /api/demo/runs/prj_09047604e591d969/reports 200 in 32ms (next.js: 22ms, proxy.ts: 3ms, application-code: 7ms)
 GET /api/demo/runs/prj_09047604e591d969/reports 200 in 12ms (next.js: 3ms, proxy.ts: 1967µs, application-code: 6ms)
 GET /api/demo/runs/prj_09047604e591d969/reports 200 in 11ms (next.js: 4ms, proxy.ts: 2ms, application-code: 5ms)
 GET /api/demo/runs/prj_09047604e591d969/runpod-status 200 in 77ms (next.js: 27ms, proxy.ts: 3ms, application-code: 48ms)
 GET /api/demo/runs/prj_09047604e591d969/runpod-status 200 in 14ms (next.js: 3ms, proxy.ts: 2ms, application-code: 9ms)
 GET /api/demo/runs/prj_09047604e591d969/reports 200 in 34ms (next.js: 3ms, proxy.ts: 25ms, application-code: 6ms)
 GET /api/demo/runs/prj_09047604e591d969/reports 200 in 10ms (next.js: 2ms, proxy.ts: 1750µs, application-code: 6ms)
 GET /api/demo/runs/prj_09047604e591d969/reports 200 in 25ms (next.js: 13ms, proxy.ts: 3ms, application-code: 9ms)
 GET /api/demo/runs/prj_09047604e591d969/reports 200 in 21ms (next.js: 7ms, proxy.ts: 3ms, application-code: 11ms)
 GET /api/demo/runs/prj_09047604e591d969/reports 200 in 18ms (next.js: 8ms, proxy.ts: 3ms, application-code: 8ms)
 GET /api/demo/runs/prj_09047604e591d969/runpod-status 200 in 21ms (next.js: 9ms, proxy.ts: 2ms, application-code: 10ms)
 GET /api/demo/runs/prj_09047604e591d969/reports 200 in 18ms (next.js: 8ms, proxy.ts: 2ms, application-code: 8ms)
 GET /api/demo/runs/prj_09047604e591d969/reports 200 in 17ms (next.js: 7ms, proxy.ts: 2ms, application-code: 8ms)
 GET /api/demo/runs/prj_09047604e591d969/reports 200 in 22ms (next.js: 12ms, proxy.ts: 2ms, application-code: 8ms)
 GET /api/demo/runs/prj_09047604e591d969/reports 200 in 25ms (next.js: 13ms, proxy.ts: 2ms, application-code: 9ms)
 GET /api/demo/runs/prj_09047604e591d969/runpod-status 200 in 19ms (next.js: 7ms, proxy.ts: 2ms, application-code: 10ms)
 GET /api/demo/runs/prj_09047604e591d969/reports 200 in 17ms (next.js: 8ms, proxy.ts: 1909µs, application-code: 7ms)
 GET /api/demo/runs/prj_09047604e591d969/runpod-status 200 in 23ms (next.js: 8ms, proxy.ts: 3ms, application-code: 11ms)
 GET /api/demo/runs/prj_09047604e591d969/reports 200 in 19ms (next.js: 10ms, proxy.ts: 2ms, application-code: 7ms)
 GET /api/demo/runs/prj_09047604e591d969/reports 200 in 23ms (next.js: 9ms, proxy.ts: 3ms, application-code: 10ms)
 GET /api/demo/runs/prj_09047604e591d969/reports 200 in 29ms (next.js: 12ms, proxy.ts: 3ms, application-code: 14ms)
 GET /api/demo/runs/prj_09047604e591d969/reports 200 in 30ms (next.js: 15ms, proxy.ts: 3ms, application-code: 13ms)
 GET /api/demo/runs/prj_09047604e591d969/runpod-status 200 in 23ms (next.js: 11ms, proxy.ts: 3ms, application-code: 9ms)
 GET /api/demo/runs/prj_09047604e591d969/reports 200 in 15ms (next.js: 7ms, proxy.ts: 1939µs, application-code: 6ms)
 GET /api/demo/runs/prj_09047604e591d969/reports 200 in 11ms (next.js: 3ms, proxy.ts: 1986µs, application-code: 6ms)
 GET /api/demo/runs/prj_09047604e591d969/reports 200 in 17ms (next.js: 8ms, proxy.ts: 2ms, application-code: 7ms)
 GET /api/demo/runs/prj_09047604e591d969/reports 200 in 11ms (next.js: 4ms, proxy.ts: 1825µs, application-code: 5ms)
 GET /api/demo/runs/prj_09047604e591d969/runpod-status 200 in 19ms (next.js: 7ms, proxy.ts: 2ms, application-code: 10ms)
 GET /api/demo/runs/prj_09047604e591d969/reports 200 in 19ms (next.js: 9ms, proxy.ts: 1792µs, application-code: 8ms)
 GET /api/demo/runs/prj_09047604e591d969/runpod-status 200 in 20ms (next.js: 8ms, proxy.ts: 3ms, application-code: 10ms)
 GET /api/demo/runs/prj_09047604e591d969/reports 200 in 21ms (next.js: 11ms, proxy.ts: 3ms, application-code: 7ms)
 GET /api/demo/runs/prj_09047604e591d969/reports 200 in 19ms (next.js: 9ms, proxy.ts: 2ms, application-code: 8ms)
 GET /api/demo/runs/prj_09047604e591d969/reports 200 in 12ms (next.js: 2ms, proxy.ts: 2ms, application-code: 7ms)
 GET /api/demo/runs/prj_09047604e591d969/reports 200 in 11ms (next.js: 2ms, proxy.ts: 2ms, application-code: 7ms)
 GET /api/demo/runs/prj_09047604e591d969/runpod-status 200 in 23ms (next.js: 8ms, proxy.ts: 2ms, application-code: 12ms)
 GET /api/demo/runs/prj_09047604e591d969/reports 200 in 16ms (next.js: 7ms, proxy.ts: 2ms, application-code: 7ms)
 GET /api/demo/runs/prj_09047604e591d969/reports 200 in 11ms (next.js: 3ms, proxy.ts: 2ms, application-code: 6ms)
 GET /api/demo/runs/prj_09047604e591d969/reports 200 in 19ms (next.js: 9ms, proxy.ts: 2ms, application-code: 8ms)
 GET /api/demo/runs/prj_09047604e591d969/reports 200 in 23ms (next.js: 12ms, proxy.ts: 2ms, application-code: 9ms)
 GET /api/demo/runs/prj_09047604e591d969/runpod-status 200 in 19ms (next.js: 7ms, proxy.ts: 2ms, application-code: 9ms)
 GET /api/demo/runs/prj_09047604e591d969/reports 200 in 17ms (next.js: 9ms, proxy.ts: 1734µs, application-code: 6ms)
 GET /api/demo/runs/prj_09047604e591d969/runpod-status 200 in 26ms (next.js: 12ms, proxy.ts: 4ms, application-code: 10ms)
 GET /api/demo/runs/prj_09047604e591d969/reports 200 in 21ms (next.js: 9ms, proxy.ts: 3ms, application-code: 9ms)
 GET /api/demo/runs/prj_09047604e591d969/reports 200 in 18ms (next.js: 7ms, proxy.ts: 2ms, application-code: 10ms)
 GET /api/demo/runs/prj_09047604e591d969/reports 200 in 24ms (next.js: 6ms, proxy.ts: 3ms, application-code: 15ms)
 GET /api/demo/runs/prj_09047604e591d969/reports 200 in 29ms (next.js: 9ms, proxy.ts: 3ms, application-code: 17ms)
 GET /api/demo/runs/prj_09047604e591d969/runpod-status 200 in 17ms (next.js: 7ms, proxy.ts: 1956µs, application-code: 8ms)
 GET /api/demo/runs/prj_09047604e591d969/reports 200 in 18ms (next.js: 7ms, proxy.ts: 1998µs, application-code: 9ms)
 GET /api/demo/runs/prj_09047604e591d969/reports 200 in 14ms (next.js: 3ms, proxy.ts: 2ms, application-code: 8ms)
 GET /api/demo/runs/prj_09047604e591d969/reports 200 in 32ms (next.js: 17ms, proxy.ts: 5ms, application-code: 10ms)
 GET /api/demo/runs/prj_09047604e591d969/reports 200 in 21ms (next.js: 8ms, proxy.ts: 3ms, application-code: 10ms)
 GET /api/demo/runs/prj_09047604e591d969/runpod-status 200 in 26ms (next.js: 11ms, proxy.ts: 2ms, application-code: 12ms)
 GET /api/demo/runs/prj_09047604e591d969/reports 200 in 23ms (next.js: 9ms, proxy.ts: 2ms, application-code: 12ms)
 GET /api/demo/runs/prj_09047604e591d969/runpod-status 200 in 27ms (next.js: 11ms, proxy.ts: 2ms, application-code: 14ms)
 GET /api/demo/runs/prj_09047604e591d969/reports 200 in 23ms (next.js: 8ms, proxy.ts: 5ms, application-code: 10ms)
 GET /api/demo/runs/prj_09047604e591d969/reports 200 in 20ms (next.js: 8ms, proxy.ts: 3ms, application-code: 9ms)
 GET /api/demo/runs/prj_09047604e591d969/reports 200 in 26ms (next.js: 11ms, proxy.ts: 2ms, application-code: 13ms)
 GET /api/demo/runs/prj_09047604e591d969/reports 200 in 20ms (next.js: 9ms, proxy.ts: 3ms, application-code: 9ms)
 GET /api/demo/runs/prj_09047604e591d969/runpod-status 200 in 24ms (next.js: 9ms, proxy.ts: 2ms, application-code: 12ms)
 GET /api/demo/runs/prj_09047604e591d969/reports 200 in 21ms (next.js: 9ms, proxy.ts: 2ms, application-code: 10ms)
 GET /api/demo/runs/prj_09047604e591d969/reports 200 in 16ms (next.js: 7ms, proxy.ts: 2ms, application-code: 7ms)
 GET /api/demo/runs/prj_09047604e591d969/reports 200 in 20ms (next.js: 10ms, proxy.ts: 3ms, application-code: 7ms)
 GET /api/demo/runs/prj_09047604e591d969/reports 200 in 11ms (next.js: 4ms, proxy.ts: 1970µs, application-code: 5ms)
 GET /api/demo/runs/prj_09047604e591d969/runpod-status 200 in 23ms (next.js: 8ms, proxy.ts: 2ms, application-code: 12ms)
 GET /api/demo/runs/prj_09047604e591d969/runpod-status 200 in 28ms (next.js: 11ms, proxy.ts: 4ms, application-code: 12ms)
 GET /api/demo/runs/prj_09047604e591d969/runpod-status 200 in 26ms (next.js: 9ms, proxy.ts: 2ms, application-code: 15ms)
 GET /api/demo/runs/prj_09047604e591d969/reports 200 in 15ms (next.js: 7ms, proxy.ts: 2ms, application-code: 6ms)
 GET /api/demo/runs/prj_09047604e591d969/reports 200 in 16ms (next.js: 4ms, proxy.ts: 3ms, application-code: 9ms)
 GET /api/demo/runs/prj_09047604e591d969/reports 200 in 26ms (next.js: 12ms, proxy.ts: 2ms, application-code: 12ms)
 GET /api/demo/runs/prj_09047604e591d969/reports 200 in 20ms (next.js: 4ms, proxy.ts: 9ms, application-code: 8ms)
 GET /api/demo/runs/prj_09047604e591d969/runpod-status 200 in 29ms (next.js: 12ms, proxy.ts: 3ms, application-code: 14ms)
 GET /api/demo/runs/prj_09047604e591d969/reports 200 in 25ms (next.js: 11ms, proxy.ts: 4ms, application-code: 10ms)
 GET /api/demo/runs/prj_09047604e591d969/reports 200 in 24ms (next.js: 11ms, proxy.ts: 2ms, application-code: 11ms)
 GET /api/demo/runs/prj_09047604e591d969/reports 200 in 27ms (next.js: 13ms, proxy.ts: 5ms, application-code: 10ms)
 GET /api/demo/runs/prj_09047604e591d969/reports 200 in 21ms (next.js: 7ms, proxy.ts: 3ms, application-code: 12ms)
 GET /api/demo/runs/prj_09047604e591d969/runpod-status 200 in 33ms (next.js: 13ms, proxy.ts: 3ms, application-code: 17ms)
 GET /api/demo/runs/prj_09047604e591d969/reports 200 in 25ms (next.js: 11ms, proxy.ts: 4ms, application-code: 10ms)
 GET /api/demo/runs/prj_09047604e591d969/runpod-status 200 in 30ms (next.js: 11ms, proxy.ts: 3ms, application-code: 16ms)
 GET /api/demo/runs/prj_09047604e591d969/reports 200 in 21ms (next.js: 8ms, proxy.ts: 4ms, application-code: 9ms)
 GET /api/demo/runs/prj_09047604e591d969/reports 200 in 23ms (next.js: 8ms, proxy.ts: 2ms, application-code: 13ms)
 GET /api/demo/runs/prj_09047604e591d969/reports 200 in 15ms (next.js: 3ms, proxy.ts: 2ms, application-code: 9ms)
 GET /api/demo/runs/prj_09047604e591d969/reports 200 in 16ms (next.js: 6ms, proxy.ts: 3ms, application-code: 7ms)
 GET /api/demo/runs/prj_09047604e591d969/runpod-status 200 in 20ms (next.js: 8ms, proxy.ts: 2ms, application-code: 10ms)
 GET /api/demo/runs/prj_09047604e591d969/reports 200 in 21ms (next.js: 10ms, proxy.ts: 2ms, application-code: 9ms)
 GET /api/demo/runs/prj_09047604e591d969/reports 200 in 23ms (next.js: 11ms, proxy.ts: 3ms, application-code: 9ms)
 GET /api/demo/runs/prj_09047604e591d969/reports 200 in 26ms (next.js: 10ms, proxy.ts: 5ms, application-code: 11ms)
 GET /api/demo/runs/prj_09047604e591d969/reports 200 in 31ms (next.js: 7ms, proxy.ts: 14ms, application-code: 10ms)
 GET /api/demo/runs/prj_09047604e591d969/runpod-status 200 in 22ms (next.js: 7ms, proxy.ts: 1765µs, application-code: 13ms)
 GET /api/demo/runs/prj_09047604e591d969/runpod-status 200 in 26ms (next.js: 9ms, proxy.ts: 1920µs, application-code: 15ms)
 GET /api/demo/runs/prj_09047604e591d969/reports 200 in 27ms (next.js: 9ms, proxy.ts: 3ms, application-code: 15ms)
 GET /api/demo/runs/prj_09047604e591d969/reports 200 in 13ms (next.js: 4ms, proxy.ts: 4ms, application-code: 6ms)
 GET /api/demo/runs/prj_09047604e591d969/reports 200 in 21ms (next.js: 9ms, proxy.ts: 3ms, application-code: 9ms)
 GET /api/demo/runs/prj_09047604e591d969/reports 200 in 15ms (next.js: 5ms, proxy.ts: 2ms, application-code: 8ms)
 GET /api/demo/runs/prj_09047604e591d969/runpod-status 200 in 26ms (next.js: 11ms, proxy.ts: 3ms, application-code: 12ms)
 GET /api/demo/runs/prj_09047604e591d969/reports 200 in 18ms (next.js: 7ms, proxy.ts: 2ms, application-code: 9ms)
 GET /api/demo/runs/prj_09047604e591d969/reports 200 in 26ms (next.js: 9ms, proxy.ts: 3ms, application-code: 13ms)
 GET /api/demo/runs/prj_09047604e591d969/reports 200 in 24ms (next.js: 10ms, proxy.ts: 5ms, application-code: 9ms)
 GET /api/demo/runs/prj_09047604e591d969/reports 200 in 18ms (next.js: 6ms, proxy.ts: 2ms, application-code: 10ms)
 GET /api/demo/runs/prj_09047604e591d969/runpod-status 200 in 21ms (next.js: 8ms, proxy.ts: 3ms, application-code: 10ms)
 GET /api/demo/runs/prj_09047604e591d969/reports 200 in 24ms (next.js: 11ms, proxy.ts: 3ms, application-code: 10ms)
 GET /api/demo/runs/prj_09047604e591d969/runpod-status 200 in 25ms (next.js: 7ms, proxy.ts: 1932µs, application-code: 16ms)
 GET /api/demo/runs/prj_09047604e591d969/reports 200 in 20ms (next.js: 10ms, proxy.ts: 2ms, application-code: 8ms)
 GET /api/demo/runs/prj_09047604e591d969/reports 200 in 24ms (next.js: 10ms, proxy.ts: 2ms, application-code: 12ms)
 GET /api/demo/runs/prj_09047604e591d969/reports 200 in 18ms (next.js: 6ms, proxy.ts: 4ms, application-code: 9ms)
 GET /api/demo/runs/prj_09047604e591d969/reports 200 in 18ms (next.js: 4ms, proxy.ts: 3ms, application-code: 11ms)
 GET /api/demo/runs/prj_09047604e591d969/runpod-status 200 in 25ms (next.js: 10ms, proxy.ts: 3ms, application-code: 12ms)
 GET /api/demo/runs/prj_09047604e591d969/reports 200 in 23ms (next.js: 8ms, proxy.ts: 5ms, application-code: 10ms)
 GET /api/demo/runs/prj_09047604e591d969/reports 200 in 24ms (next.js: 11ms, proxy.ts: 3ms, application-code: 10ms)
 GET /api/demo/runs/prj_09047604e591d969/reports 200 in 18ms (next.js: 3ms, proxy.ts: 5ms, application-code: 9ms)
 GET /api/demo/runs/prj_09047604e591d969/reports 200 in 26ms (next.js: 9ms, proxy.ts: 6ms, application-code: 12ms)
 GET /api/demo/runs/prj_09047604e591d969/runpod-status 200 in 26ms (next.js: 10ms, proxy.ts: 3ms, application-code: 13ms)
 GET /api/demo/runs/prj_09047604e591d969/runpod-status 200 in 96ms (next.js: 14ms, proxy.ts: 4ms, application-code: 78ms)
 GET /api/demo/runs/prj_09047604e591d969/reports 200 in 21ms (next.js: 9ms, proxy.ts: 3ms, application-code: 9ms)
 GET /api/demo/runs/prj_09047604e591d969/reports 200 in 22ms (next.js: 9ms, proxy.ts: 2ms, application-code: 11ms)
 GET /api/demo/runs/prj_09047604e591d969/reports 200 in 24ms (next.js: 9ms, proxy.ts: 4ms, application-code: 11ms)
 GET /api/demo/runs/prj_09047604e591d969/reports 200 in 34ms (next.js: 13ms, proxy.ts: 3ms, application-code: 17ms)
 GET /api/demo/runs/prj_09047604e591d969/runpod-status 200 in 20ms (next.js: 7ms, proxy.ts: 1688µs, application-code: 11ms)
 GET /api/demo/runs/prj_09047604e591d969/reports 200 in 21ms (next.js: 9ms, proxy.ts: 3ms, application-code: 9ms)
 GET /api/demo/runs/prj_09047604e591d969/reports 200 in 24ms (next.js: 9ms, proxy.ts: 3ms, application-code: 12ms)
 GET /api/demo/runs/prj_09047604e591d969/reports 200 in 30ms (next.js: 10ms, proxy.ts: 4ms, application-code: 16ms)
 GET /api/demo/runs/prj_09047604e591d969/reports 200 in 20ms (next.js: 4ms, proxy.ts: 2ms, application-code: 14ms)
 GET /api/demo/runs/prj_09047604e591d969/runpod-status 200 in 25ms (next.js: 9ms, proxy.ts: 3ms, application-code: 13ms)
 GET /api/demo/runs/prj_09047604e591d969/runpod-status 200 in 18ms (next.js: 7ms, proxy.ts: 1644µs, application-code: 9ms)
 GET /api/demo/runs/prj_09047604e591d969/reports 200 in 22ms (next.js: 8ms, proxy.ts: 2ms, application-code: 11ms)
 GET /api/demo/runs/prj_09047604e591d969/reports 200 in 17ms (next.js: 4ms, proxy.ts: 3ms, application-code: 11ms)
 GET /api/demo/runs/prj_09047604e591d969/reports 200 in 15ms (next.js: 7ms, proxy.ts: 1778µs, application-code: 7ms)
 GET /api/demo/runs/prj_09047604e591d969/reports 200 in 14ms (next.js: 4ms, proxy.ts: 1688µs, application-code: 8ms)
 GET /api/demo/runs/prj_09047604e591d969/runpod-status 200 in 18ms (next.js: 7ms, proxy.ts: 1927µs, application-code: 10ms)
 GET /api/demo/runs/prj_09047604e591d969/reports 200 in 23ms (next.js: 10ms, proxy.ts: 1942µs, application-code: 11ms)
 GET /api/demo/runs/prj_09047604e591d969/reports 200 in 18ms (next.js: 6ms, proxy.ts: 4ms, application-code: 8ms)
 GET /api/demo/runs/prj_09047604e591d969/reports 200 in 27ms (next.js: 12ms, proxy.ts: 4ms, application-code: 11ms)
 GET /api/demo/runs/prj_09047604e591d969/reports 200 in 33ms (next.js: 16ms, proxy.ts: 4ms, application-code: 13ms)
 GET /api/demo/runs/prj_09047604e591d969/runpod-status 200 in 24ms (next.js: 9ms, proxy.ts: 3ms, application-code: 13ms)
 GET /api/demo/runs/prj_09047604e591d969/runpod-status 200 in 32ms (next.js: 12ms, proxy.ts: 3ms, application-code: 17ms)
 GET /api/demo/runs/prj_09047604e591d969/runpod-status 200 in 25ms (next.js: 9ms, proxy.ts: 3ms, application-code: 13ms)
 GET /api/demo/runs/prj_09047604e591d969/reports 200 in 25ms (next.js: 9ms, proxy.ts: 2ms, application-code: 14ms)
 GET /api/demo/runs/prj_09047604e591d969/reports 200 in 21ms (next.js: 6ms, proxy.ts: 3ms, application-code: 12ms)
 GET /api/demo/runs/prj_09047604e591d969/reports 200 in 26ms (next.js: 12ms, proxy.ts: 3ms, application-code: 11ms)
 GET /api/demo/runs/prj_09047604e591d969/reports 200 in 28ms (next.js: 13ms, proxy.ts: 3ms, application-code: 13ms)
 GET /api/demo/runs/prj_09047604e591d969/runpod-status 200 in 21ms (next.js: 10ms, proxy.ts: 3ms, application-code: 9ms)
 GET /api/demo/runs/prj_09047604e591d969/reports 200 in 21ms (next.js: 10ms, proxy.ts: 4ms, application-code: 7ms)
 GET /api/demo/runs/prj_09047604e591d969/reports 200 in 19ms (next.js: 5ms, proxy.ts: 4ms, application-code: 10ms)
 GET /api/demo/runs/prj_09047604e591d969/reports 200 in 31ms (next.js: 15ms, proxy.ts: 4ms, application-code: 12ms)
 GET /api/demo/runs/prj_09047604e591d969/reports 200 in 58ms (next.js: 7ms, proxy.ts: 4ms, application-code: 47ms)
 GET /api/demo/runs/prj_09047604e591d969/runpod-status 200 in 28ms (next.js: 13ms, proxy.ts: 3ms, application-code: 12ms)
 GET /api/demo/runs/prj_09047604e591d969/runpod-status 200 in 29ms (next.js: 10ms, proxy.ts: 3ms, application-code: 16ms)
 GET /api/demo/runs/prj_09047604e591d969/reports 200 in 25ms (next.js: 11ms, proxy.ts: 3ms, application-code: 12ms)
 GET /api/demo/runs/prj_09047604e591d969/reports 200 in 19ms (next.js: 8ms, proxy.ts: 2ms, application-code: 9ms)
 GET /api/demo/runs/prj_09047604e591d969/reports 200 in 20ms (next.js: 9ms, proxy.ts: 1681µs, application-code: 9ms)
 GET /api/demo/runs/prj_09047604e591d969/reports 200 in 14ms (next.js: 5ms, proxy.ts: 2ms, application-code: 7ms)
 GET /api/demo/runs/prj_09047604e591d969/runpod-status 200 in 25ms (next.js: 9ms, proxy.ts: 3ms, application-code: 13ms)
 GET /api/demo/runs/prj_09047604e591d969/reports 200 in 23ms (next.js: 9ms, proxy.ts: 2ms, application-code: 12ms)
 GET /api/demo/runs/prj_09047604e591d969/reports 200 in 21ms (next.js: 8ms, proxy.ts: 3ms, application-code: 10ms)
 GET /api/demo/runs/prj_09047604e591d969/reports 200 in 16ms (next.js: 7ms, proxy.ts: 2ms, application-code: 6ms)
 GET /api/demo/runs/prj_09047604e591d969/reports 200 in 12ms (next.js: 4ms, proxy.ts: 1757µs, application-code: 6ms)
 GET /api/demo/runs/prj_09047604e591d969/runpod-status 200 in 19ms (next.js: 7ms, proxy.ts: 2ms, application-code: 10ms)
 GET /api/demo/runs/prj_09047604e591d969/runpod-status 200 in 17ms (next.js: 6ms, proxy.ts: 1869µs, application-code: 9ms)
 GET /api/demo/runs/prj_09047604e591d969/reports 200 in 15ms (next.js: 7ms, proxy.ts: 1819µs, application-code: 7ms)
 GET /api/demo/runs/prj_09047604e591d969/reports 200 in 16ms (next.js: 6ms, proxy.ts: 1740µs, application-code: 8ms)
 GET /api/demo/runs/prj_09047604e591d969/reports 200 in 15ms (next.js: 6ms, proxy.ts: 1869µs, application-code: 6ms)
 GET /api/demo/runs/prj_09047604e591d969/reports 200 in 11ms (next.js: 4ms, proxy.ts: 1975µs, application-code: 5ms)
 GET /api/demo/runs/prj_09047604e591d969/runpod-status 200 in 17ms (next.js: 7ms, proxy.ts: 2ms, application-code: 8ms)
 GET /api/demo/runs/prj_09047604e591d969/reports 200 in 16ms (next.js: 7ms, proxy.ts: 1613µs, application-code: 7ms)
 GET /api/demo/runs/prj_09047604e591d969/reports 200 in 16ms (next.js: 7ms, proxy.ts: 1838µs, application-code: 8ms)
 GET /api/demo/runs/prj_09047604e591d969/reports 200 in 18ms (next.js: 8ms, proxy.ts: 2ms, application-code: 8ms)
 GET /api/demo/runs/prj_09047604e591d969/reports 200 in 20ms (next.js: 10ms, proxy.ts: 1667µs, application-code: 8ms)
 GET /api/demo/runs/prj_09047604e591d969/runpod-status 200 in 19ms (next.js: 7ms, proxy.ts: 1960µs, application-code: 9ms)
 GET /api/demo/runs/prj_09047604e591d969/runpod-status 200 in 17ms (next.js: 7ms, proxy.ts: 1803µs, application-code: 8ms)
 GET /api/demo/runs/prj_09047604e591d969/reports 200 in 15ms (next.js: 7ms, proxy.ts: 1944µs, application-code: 6ms)
 GET /api/demo/runs/prj_09047604e591d969/reports 200 in 17ms (next.js: 7ms, proxy.ts: 2ms, application-code: 7ms)
 GET /api/demo/runs/prj_09047604e591d969/reports 200 in 19ms (next.js: 9ms, proxy.ts: 3ms, application-code: 7ms)
 GET /api/demo/runs/prj_09047604e591d969/reports 200 in 20ms (next.js: 11ms, proxy.ts: 3ms, application-code: 6ms)
 GET /api/demo/runs/prj_09047604e591d969/runpod-status 200 in 17ms (next.js: 7ms, proxy.ts: 1746µs, application-code: 9ms)
 GET /api/demo/runs/prj_09047604e591d969/reports 200 in 16ms (next.js: 7ms, proxy.ts: 1982µs, application-code: 7ms)
 GET /api/demo/runs/prj_09047604e591d969/reports 200 in 16ms (next.js: 7ms, proxy.ts: 1662µs, application-code: 6ms)
 GET /api/demo/runs/prj_09047604e591d969/reports 200 in 18ms (next.js: 7ms, proxy.ts: 2ms, application-code: 8ms)
 GET /api/demo/runs/prj_09047604e591d969/reports 200 in 20ms (next.js: 9ms, proxy.ts: 2ms, application-code: 8ms)
 GET /api/demo/runs/prj_09047604e591d969/runpod-status 200 in 17ms (next.js: 7ms, proxy.ts: 1810µs, application-code: 8ms)
 GET /api/demo/runs/prj_09047604e591d969/runpod-status 200 in 19ms (next.js: 9ms, proxy.ts: 2ms, application-code: 8ms)
 GET /api/demo/runs/prj_09047604e591d969/reports 200 in 15ms (next.js: 7ms, proxy.ts: 2ms, application-code: 6ms)
 GET /api/demo/runs/prj_09047604e591d969/reports 200 in 15ms (next.js: 7ms, proxy.ts: 2ms, application-code: 6ms)
 GET /api/demo/runs/prj_09047604e591d969/reports 200 in 15ms (next.js: 6ms, proxy.ts: 1658µs, application-code: 7ms)
 GET /api/demo/runs/prj_09047604e591d969/reports 200 in 11ms (next.js: 4ms, proxy.ts: 1774µs, application-code: 5ms)
 GET /api/demo/runs/prj_09047604e591d969/runpod-status 200 in 17ms (next.js: 6ms, proxy.ts: 1817µs, application-code: 9ms)
 GET /api/demo/runs/prj_09047604e591d969/reports 200 in 15ms (next.js: 6ms, proxy.ts: 2ms, application-code: 7ms)
 GET /api/demo/runs/prj_09047604e591d969/reports 200 in 15ms (next.js: 7ms, proxy.ts: 1783µs, application-code: 7ms)
 GET /api/demo/runs/prj_09047604e591d969/reports 200 in 18ms (next.js: 8ms, proxy.ts: 1742µs, application-code: 8ms)
 GET /api/demo/runs/prj_09047604e591d969/reports 200 in 20ms (next.js: 10ms, proxy.ts: 1726µs, application-code: 8ms)
 GET /api/demo/runs/prj_09047604e591d969/runpod-status 200 in 17ms (next.js: 6ms, proxy.ts: 2ms, application-code: 8ms)
 GET /api/demo/runs/prj_09047604e591d969/runpod-status 200 in 20ms (next.js: 7ms, proxy.ts: 2ms, application-code: 11ms)
 GET /api/demo/runs/prj_09047604e591d969/reports 200 in 15ms (next.js: 7ms, proxy.ts: 1794µs, application-code: 6ms)
 GET /api/demo/runs/prj_09047604e591d969/reports 200 in 15ms (next.js: 7ms, proxy.ts: 1717µs, application-code: 6ms)
 GET /api/demo/runs/prj_09047604e591d969/reports 200 in 19ms (next.js: 8ms, proxy.ts: 3ms, application-code: 8ms)
 GET /api/demo/runs/prj_09047604e591d969/reports 200 in 24ms (next.js: 11ms, proxy.ts: 2ms, application-code: 11ms)
 GET /api/demo/runs/prj_09047604e591d969/runpod-status 200 in 18ms (next.js: 7ms, proxy.ts: 1887µs, application-code: 9ms)
 GET /api/demo/runs/prj_09047604e591d969/reports 200 in 15ms (next.js: 7ms, proxy.ts: 1960µs, application-code: 6ms)
 GET /api/demo/runs/prj_09047604e591d969/reports 200 in 17ms (next.js: 7ms, proxy.ts: 1692µs, application-code: 8ms)
 GET /api/demo/runs/prj_09047604e591d969/reports 200 in 15ms (next.js: 6ms, proxy.ts: 2ms, application-code: 7ms)
 GET /api/demo/runs/prj_09047604e591d969/reports 200 in 11ms (next.js: 4ms, proxy.ts: 1881µs, application-code: 5ms)
 GET /api/demo/runs/prj_09047604e591d969/runpod-status 200 in 17ms (next.js: 7ms, proxy.ts: 1993µs, application-code: 9ms)
 GET /api/demo/runs/prj_09047604e591d969/runpod-status 200 in 18ms (next.js: 8ms, proxy.ts: 2ms, application-code: 8ms)
 GET /api/demo/runs/prj_09047604e591d969/runpod-status 200 in 17ms (next.js: 6ms, proxy.ts: 1931µs, application-code: 8ms)
 GET /api/demo/runs/prj_09047604e591d969/reports 200 in 15ms (next.js: 7ms, proxy.ts: 1716µs, application-code: 7ms)
 GET /api/demo/runs/prj_09047604e591d969/reports 200 in 16ms (next.js: 7ms, proxy.ts: 2ms, application-code: 7ms)
 GET /api/demo/runs/prj_09047604e591d969/reports 200 in 18ms (next.js: 7ms, proxy.ts: 1952µs, application-code: 9ms)
 GET /api/demo/runs/prj_09047604e591d969/reports 200 in 12ms (next.js: 2ms, proxy.ts: 4ms, application-code: 6ms)
 GET /api/demo/runs/prj_09047604e591d969/runpod-status 200 in 18ms (next.js: 7ms, proxy.ts: 1875µs, application-code: 10ms)
 GET /api/demo/runs/prj_09047604e591d969/reports 200 in 15ms (next.js: 7ms, proxy.ts: 1694µs, application-code: 6ms)
 GET /api/demo/runs/prj_09047604e591d969/reports 200 in 14ms (next.js: 6ms, proxy.ts: 2ms, application-code: 6ms)
 GET /api/demo/runs/prj_09047604e591d969/reports 200 in 17ms (next.js: 8ms, proxy.ts: 2ms, application-code: 7ms)
 GET /api/demo/runs/prj_09047604e591d969/reports 200 in 18ms (next.js: 3ms, proxy.ts: 4ms, application-code: 11ms)
 GET /api/demo/runs/prj_09047604e591d969/runpod-status 200 in 25ms (next.js: 9ms, proxy.ts: 4ms, application-code: 11ms)
 GET /api/demo/runs/prj_09047604e591d969/runpod-status 200 in 18ms (next.js: 6ms, proxy.ts: 2ms, application-code: 9ms)
 GET /api/demo/runs/prj_09047604e591d969/reports 200 in 15ms (next.js: 7ms, proxy.ts: 1853µs, application-code: 6ms)
 GET /api/demo/runs/prj_09047604e591d969/reports 200 in 16ms (next.js: 7ms, proxy.ts: 1598µs, application-code: 7ms)
 GET /api/demo/runs/prj_09047604e591d969/reports 200 in 16ms (next.js: 8ms, proxy.ts: 2ms, application-code: 7ms)
 GET /api/demo/runs/prj_09047604e591d969/reports 200 in 21ms (next.js: 10ms, proxy.ts: 2ms, application-code: 8ms)
 GET /api/demo/runs/prj_09047604e591d969/runpod-status 200 in 18ms (next.js: 8ms, proxy.ts: 1996µs, application-code: 9ms)
 GET /api/demo/runs/prj_09047604e591d969/reports 200 in 15ms (next.js: 6ms, proxy.ts: 1993µs, application-code: 6ms)
 GET /api/demo/runs/prj_09047604e591d969/reports 200 in 17ms (next.js: 6ms, proxy.ts: 4ms, application-code: 7ms)
 GET /api/demo/runs/prj_09047604e591d969/runpod-status 200 in 20ms (next.js: 6ms, proxy.ts: 1943µs, application-code: 12ms)
 GET /api/demo/runs/prj_09047604e591d969/reports 200 in 14ms (next.js: 6ms, proxy.ts: 2ms, application-code: 6ms)
 GET /api/demo/runs/prj_09047604e591d969/reports 200 in 12ms (next.js: 4ms, proxy.ts: 1710µs, application-code: 6ms)
 GET /api/demo/runs/prj_09047604e591d969/runpod-status 200 in 57ms (next.js: 6ms, proxy.ts: 2ms, application-code: 49ms)
 GET /api/demo/runs/prj_09047604e591d969/reports 200 in 16ms (next.js: 7ms, proxy.ts: 1990µs, application-code: 8ms)
 GET /api/demo/runs/prj_09047604e591d969/reports 200 in 15ms (next.js: 7ms, proxy.ts: 2ms, application-code: 6ms)
 GET /api/demo/runs/prj_09047604e591d969/reports 200 in 18ms (next.js: 8ms, proxy.ts: 1773µs, application-code: 9ms)
 GET /api/demo/runs/prj_09047604e591d969/reports 200 in 20ms (next.js: 2ms, proxy.ts: 10ms, application-code: 8ms)
 GET /api/demo/runs/prj_09047604e591d969/runpod-status 200 in 18ms (next.js: 7ms, proxy.ts: 2ms, application-code: 9ms)
 GET /api/demo/runs/prj_09047604e591d969/reports 200 in 15ms (next.js: 7ms, proxy.ts: 2ms, application-code: 6ms)
 GET /api/demo/runs/prj_09047604e591d969/reports 200 in 16ms (next.js: 7ms, proxy.ts: 1968µs, application-code: 7ms)
 GET /api/demo/runs/prj_09047604e591d969/runpod-status 200 in 25ms (next.js: 6ms, proxy.ts: 2ms, application-code: 17ms)
 GET /api/demo/runs/prj_09047604e591d969/reports 200 in 15ms (next.js: 7ms, proxy.ts: 1957µs, application-code: 6ms)
 GET /api/demo/runs/prj_09047604e591d969/reports 200 in 13ms (next.js: 4ms, proxy.ts: 1805µs, application-code: 7ms)
 GET /api/demo/runs/prj_09047604e591d969/runpod-status 200 in 19ms (next.js: 6ms, proxy.ts: 1781µs, application-code: 11ms)
 GET /api/demo/runs/prj_09047604e591d969/reports 200 in 17ms (next.js: 7ms, proxy.ts: 1711µs, application-code: 8ms)
 GET /api/demo/runs/prj_09047604e591d969/reports 200 in 18ms (next.js: 7ms, proxy.ts: 1807µs, application-code: 9ms)
 GET /api/demo/runs/prj_09047604e591d969/reports 200 in 18ms (next.js: 8ms, proxy.ts: 2ms, application-code: 7ms)
 GET /api/demo/runs/prj_09047604e591d969/reports 200 in 20ms (next.js: 10ms, proxy.ts: 2ms, application-code: 7ms)
 GET /api/demo/runs/prj_09047604e591d969/runpod-status 200 in 17ms (next.js: 7ms, proxy.ts: 2ms, application-code: 8ms)
 GET /api/demo/runs/prj_09047604e591d969/reports 200 in 17ms (next.js: 7ms, proxy.ts: 1990µs, application-code: 8ms)
 GET /api/demo/runs/prj_09047604e591d969/reports 200 in 13ms (next.js: 3ms, proxy.ts: 2ms, application-code: 9ms)
 GET /api/demo/runs/prj_09047604e591d969/runpod-status 200 in 31ms (next.js: 7ms, proxy.ts: 2ms, application-code: 22ms)
 GET /api/demo/runs/prj_09047604e591d969/reports 200 in 21ms (next.js: 10ms, proxy.ts: 1914µs, application-code: 9ms)
 GET /api/demo/runs/prj_09047604e591d969/reports 200 in 49ms (next.js: 11ms, proxy.ts: 2ms, application-code: 35ms)
 GET /api/demo/runs/prj_09047604e591d969/runpod-status 200 in 19ms (next.js: 6ms, proxy.ts: 1974µs, application-code: 10ms)
 GET /api/demo/runs/prj_09047604e591d969/reports 200 in 17ms (next.js: 7ms, proxy.ts: 2ms, application-code: 8ms)
 GET /api/demo/runs/prj_09047604e591d969/reports 200 in 13ms (next.js: 3ms, proxy.ts: 1865µs, application-code: 9ms)
 GET /api/demo/runs/prj_09047604e591d969/reports 200 in 17ms (next.js: 8ms, proxy.ts: 1590µs, application-code: 8ms)
 GET /api/demo/runs/prj_09047604e591d969/reports 200 in 18ms (next.js: 10ms, proxy.ts: 1805µs, application-code: 7ms)
 GET /api/demo/runs/prj_09047604e591d969/runpod-status 200 in 17ms (next.js: 7ms, proxy.ts: 2ms, application-code: 8ms)
 GET /api/demo/runs/prj_09047604e591d969/reports 200 in 15ms (next.js: 7ms, proxy.ts: 2ms, application-code: 7ms)
 GET /api/demo/runs/prj_09047604e591d969/reports 200 in 10ms (next.js: 3ms, proxy.ts: 1781µs, application-code: 6ms)
 GET /api/demo/runs/prj_09047604e591d969/runpod-status 200 in 21ms (next.js: 8ms, proxy.ts: 1822µs, application-code: 10ms)
 GET /api/demo/runs/prj_09047604e591d969/reports 200 in 17ms (next.js: 7ms, proxy.ts: 3ms, application-code: 7ms)
 GET /api/demo/runs/prj_09047604e591d969/reports 200 in 21ms (next.js: 10ms, proxy.ts: 2ms, application-code: 8ms)
 GET /api/demo/runs/prj_09047604e591d969/runpod-status 200 in 24ms (next.js: 7ms, proxy.ts: 6ms, application-code: 11ms)
 GET /api/demo/runs/prj_09047604e591d969/reports 200 in 17ms (next.js: 7ms, proxy.ts: 1761µs, application-code: 8ms)
 GET /api/demo/runs/prj_09047604e591d969/reports 200 in 14ms (next.js: 3ms, proxy.ts: 2ms, application-code: 9ms)
 GET /api/demo/runs/prj_09047604e591d969/reports 200 in 18ms (next.js: 7ms, proxy.ts: 2ms, application-code: 8ms)
 GET /api/demo/runs/prj_09047604e591d969/reports 200 in 19ms (next.js: 10ms, proxy.ts: 2ms, application-code: 7ms)
 GET /api/demo/runs/prj_09047604e591d969/runpod-status 200 in 17ms (next.js: 7ms, proxy.ts: 1995µs, application-code: 8ms)
 GET /api/demo/runs/prj_09047604e591d969/reports 200 in 16ms (next.js: 6ms, proxy.ts: 1587µs, application-code: 8ms)
 GET /api/demo/runs/prj_09047604e591d969/reports 200 in 16ms (next.js: 7ms, proxy.ts: 2ms, application-code: 7ms)
 GET /api/demo/runs/prj_09047604e591d969/runpod-status 200 in 18ms (next.js: 7ms, proxy.ts: 1775µs, application-code: 9ms)
 GET /api/demo/runs/prj_09047604e591d969/reports 200 in 17ms (next.js: 8ms, proxy.ts: 2ms, application-code: 6ms)
 GET /api/demo/runs/prj_09047604e591d969/reports 200 in 19ms (next.js: 11ms, proxy.ts: 2ms, application-code: 6ms)
 GET /api/demo/runs/prj_09047604e591d969/runpod-status 200 in 19ms (next.js: 7ms, proxy.ts: 2ms, application-code: 9ms)
 GET /api/demo/runs/prj_09047604e591d969/runpod-status 200 in 17ms (next.js: 6ms, proxy.ts: 2ms, application-code: 9ms)
 GET /api/demo/runs/prj_09047604e591d969/reports 200 in 17ms (next.js: 7ms, proxy.ts: 1889µs, application-code: 8ms)
 GET /api/demo/runs/prj_09047604e591d969/reports 200 in 11ms (next.js: 3ms, proxy.ts: 2ms, application-code: 6ms)
 GET /api/demo/runs/prj_09047604e591d969/reports 200 in 18ms (next.js: 7ms, proxy.ts: 3ms, application-code: 8ms)
 GET /api/demo/runs/prj_09047604e591d969/reports 200 in 21ms (next.js: 10ms, proxy.ts: 2ms, application-code: 8ms)
 GET /api/demo/runs/prj_09047604e591d969/runpod-status 200 in 18ms (next.js: 9ms, proxy.ts: 1843µs, application-code: 8ms)
 GET /api/demo/runs/prj_09047604e591d969/reports 200 in 16ms (next.js: 7ms, proxy.ts: 2ms, application-code: 7ms)
 GET /api/demo/runs/prj_09047604e591d969/reports 200 in 11ms (next.js: 3ms, proxy.ts: 1912µs, application-code: 7ms)
 GET /api/demo/runs/prj_09047604e591d969/runpod-status 200 in 16ms (next.js: 6ms, proxy.ts: 1948µs, application-code: 8ms)
 GET /api/demo/runs/prj_09047604e591d969/reports 200 in 16ms (next.js: 7ms, proxy.ts: 2ms, application-code: 7ms)
 GET /api/demo/runs/prj_09047604e591d969/reports 200 in 12ms (next.js: 4ms, proxy.ts: 1950µs, application-code: 6ms)
 GET /api/demo/runs/prj_09047604e591d969/runpod-status 200 in 21ms (next.js: 7ms, proxy.ts: 1827µs, application-code: 12ms)
 GET /api/demo/runs/prj_09047604e591d969/reports 200 in 17ms (next.js: 7ms, proxy.ts: 1843µs, application-code: 9ms)
 GET /api/demo/runs/prj_09047604e591d969/reports 200 in 11ms (next.js: 2ms, proxy.ts: 1965µs, application-code: 6ms)
 GET /api/demo/runs/prj_09047604e591d969/runpod-status 200 in 27ms (next.js: 8ms, proxy.ts: 1937µs, application-code: 17ms)
 GET /api/demo/runs/prj_09047604e591d969/reports 200 in 28ms (next.js: 9ms, proxy.ts: 10ms, application-code: 10ms)
 GET /api/demo/runs/prj_09047604e591d969/reports 200 in 21ms (next.js: 12ms, proxy.ts: 2ms, application-code: 6ms)
 GET /api/demo/runs/prj_09047604e591d969/reports 200 in 15ms (next.js: 7ms, proxy.ts: 1808µs, application-code: 6ms)
 GET /api/demo/runs/prj_09047604e591d969/reports 200 in 11ms (next.js: 3ms, proxy.ts: 2ms, application-code: 6ms)
 GET /api/demo/runs/prj_09047604e591d969/runpod-status 200 in 18ms (next.js: 6ms, proxy.ts: 1758µs, application-code: 9ms)
 GET /api/demo/runs/prj_09047604e591d969/reports 200 in 18ms (next.js: 8ms, proxy.ts: 3ms, application-code: 7ms)
 GET /api/demo/runs/prj_09047604e591d969/reports 200 in 22ms (next.js: 11ms, proxy.ts: 3ms, application-code: 8ms)
 GET /api/demo/runs/prj_09047604e591d969/runpod-status 200 in 17ms (next.js: 7ms, proxy.ts: 1742µs, application-code: 9ms)
 GET /api/demo/runs/prj_09047604e591d969/reports 200 in 17ms (next.js: 7ms, proxy.ts: 1891µs, application-code: 8ms)
 GET /api/demo/runs/prj_09047604e591d969/reports 200 in 12ms (next.js: 3ms, proxy.ts: 2ms, application-code: 7ms)
 GET /api/demo/runs/prj_09047604e591d969/runpod-status 200 in 28ms (next.js: 7ms, proxy.ts: 1857µs, application-code: 19ms)
 GET /api/demo/runs/prj_09047604e591d969/reports 200 in 18ms (next.js: 7ms, proxy.ts: 3ms, application-code: 8ms)
 GET /api/demo/runs/prj_09047604e591d969/reports 200 in 21ms (next.js: 11ms, proxy.ts: 2ms, application-code: 8ms)
 GET /api/demo/runs/prj_09047604e591d969/reports 200 in 16ms (next.js: 7ms, proxy.ts: 1966µs, application-code: 8ms)
 GET /api/demo/runs/prj_09047604e591d969/reports 200 in 12ms (next.js: 2ms, proxy.ts: 1590µs, application-code: 8ms)
 GET /api/demo/runs/prj_09047604e591d969/runpod-status 200 in 19ms (next.js: 6ms, proxy.ts: 1905µs, application-code: 11ms)
 GET /api/demo/runs/prj_09047604e591d969/reports 200 in 19ms (next.js: 8ms, proxy.ts: 3ms, application-code: 8ms)
 GET /api/demo/runs/prj_09047604e591d969/reports 200 in 20ms (next.js: 10ms, proxy.ts: 3ms, application-code: 7ms)
 GET /api/demo/runs/prj_09047604e591d969/runpod-status 200 in 20ms (next.js: 8ms, proxy.ts: 1814µs, application-code: 10ms)
 GET /api/demo/runs/prj_09047604e591d969/reports 200 in 17ms (next.js: 6ms, proxy.ts: 2ms, application-code: 8ms)
 GET /api/demo/runs/prj_09047604e591d969/reports 200 in 11ms (next.js: 2ms, proxy.ts: 1840µs, application-code: 7ms)
 GET /api/demo/runs/prj_09047604e591d969/runpod-status 200 in 21ms (next.js: 10ms, proxy.ts: 2ms, application-code: 9ms)
 GET /api/demo/runs/prj_09047604e591d969/reports 200 in 17ms (next.js: 8ms, proxy.ts: 2ms, application-code: 7ms)
 GET /api/demo/runs/prj_09047604e591d969/reports 200 in 13ms (next.js: 2ms, proxy.ts: 5ms, application-code: 6ms)
 GET /api/demo/runs/prj_09047604e591d969/reports 200 in 16ms (next.js: 6ms, proxy.ts: 1785µs, application-code: 8ms)
 GET /api/demo/runs/prj_09047604e591d969/reports 200 in 11ms (next.js: 3ms, proxy.ts: 2ms, application-code: 6ms)
 GET /api/demo/runs/prj_09047604e591d969/runpod-status 200 in 18ms (next.js: 6ms, proxy.ts: 1864µs, application-code: 10ms)
 GET /api/demo/runs/prj_09047604e591d969/reports 200 in 16ms (next.js: 7ms, proxy.ts: 2ms, application-code: 7ms)
 GET /api/demo/runs/prj_09047604e591d969/reports 200 in 13ms (next.js: 4ms, proxy.ts: 3ms, application-code: 5ms)
 GET /api/demo/runs/prj_09047604e591d969/runpod-status 200 in 17ms (next.js: 7ms, proxy.ts: 1742µs, application-code: 9ms)
 GET /api/demo/runs/prj_09047604e591d969/reports 200 in 14ms (next.js: 6ms, proxy.ts: 1820µs, application-code: 6ms)
 GET /api/demo/runs/prj_09047604e591d969/reports 200 in 11ms (next.js: 3ms, proxy.ts: 2ms, application-code: 6ms)
 GET /api/demo/runs/prj_09047604e591d969/runpod-status 200 in 16ms (next.js: 6ms, proxy.ts: 1817µs, application-code: 8ms)
 GET /api/demo/runs/prj_09047604e591d969/reports 200 in 19ms (next.js: 10ms, proxy.ts: 3ms, application-code: 6ms)
 GET /api/demo/runs/prj_09047604e591d969/reports 200 in 22ms (next.js: 11ms, proxy.ts: 4ms, application-code: 8ms)
 GET /api/demo/runs/prj_09047604e591d969/reports 200 in 15ms (next.js: 7ms, proxy.ts: 1899µs, application-code: 6ms)
 GET /api/demo/runs/prj_09047604e591d969/reports 200 in 11ms (next.js: 2ms, proxy.ts: 1867µs, application-code: 7ms)
 GET /api/demo/runs/prj_09047604e591d969/runpod-status 200 in 17ms (next.js: 7ms, proxy.ts: 1992µs, application-code: 8ms)
 GET /api/demo/runs/prj_09047604e591d969/reports 200 in 15ms (next.js: 7ms, proxy.ts: 1846µs, application-code: 6ms)
 GET /api/demo/runs/prj_09047604e591d969/reports 200 in 11ms (next.js: 4ms, proxy.ts: 1806µs, application-code: 6ms)
 GET /api/demo/runs/prj_09047604e591d969/runpod-status 200 in 18ms (next.js: 7ms, proxy.ts: 2ms, application-code: 9ms)
 GET /api/demo/runs/prj_09047604e591d969/reports 200 in 17ms (next.js: 6ms, proxy.ts: 3ms, application-code: 7ms)
 GET /api/demo/runs/prj_09047604e591d969/reports 200 in 10ms (next.js: 3ms, proxy.ts: 1927µs, application-code: 6ms)
 GET /api/demo/runs/prj_09047604e591d969/runpod-status 200 in 52ms (next.js: 7ms, proxy.ts: 1898µs, application-code: 43ms)
 GET /api/demo/runs/prj_09047604e591d969/reports 200 in 16ms (next.js: 7ms, proxy.ts: 2ms, application-code: 7ms)
 GET /api/demo/runs/prj_09047604e591d969/reports 200 in 12ms (next.js: 4ms, proxy.ts: 2ms, application-code: 5ms)
 GET /api/demo/runs/prj_09047604e591d969/reports 200 in 16ms (next.js: 6ms, proxy.ts: 1754µs, application-code: 8ms)
 GET /api/demo/runs/prj_09047604e591d969/reports 200 in 11ms (next.js: 3ms, proxy.ts: 2ms, application-code: 6ms)
 GET /api/demo/runs/prj_09047604e591d969/runpod-status 200 in 20ms (next.js: 7ms, proxy.ts: 4ms, application-code: 10ms)
 GET /api/demo/runs/prj_09047604e591d969/reports 200 in 20ms (next.js: 7ms, proxy.ts: 1881µs, application-code: 11ms)
 GET /api/demo/runs/prj_09047604e591d969/reports 200 in 13ms (next.js: 2ms, proxy.ts: 1965µs, application-code: 9ms)
 GET /api/demo/runs/prj_09047604e591d969/runpod-status 200 in 19ms (next.js: 8ms, proxy.ts: 2ms, application-code: 9ms)
 GET /api/demo/runs/prj_09047604e591d969/runpod-status 200 in 17ms (next.js: 6ms, proxy.ts: 1960µs, application-code: 9ms)
 GET /api/demo/runs/prj_09047604e591d969/reports 200 in 15ms (next.js: 7ms, proxy.ts: 2ms, application-code: 6ms)
 GET /api/demo/runs/prj_09047604e591d969/reports 200 in 10ms (next.js: 2ms, proxy.ts: 1991µs, application-code: 6ms)
 GET /api/demo/runs/prj_09047604e591d969/runpod-status 200 in 17ms (next.js: 6ms, proxy.ts: 1917µs, application-code: 9ms)
 GET /api/demo/runs/prj_09047604e591d969/reports 200 in 23ms (next.js: 11ms, proxy.ts: 1734µs, application-code: 10ms)
 GET /api/demo/runs/prj_09047604e591d969/reports 200 in 12ms (next.js: 3ms, proxy.ts: 2ms, application-code: 8ms)
 GET /api/demo/runs/prj_09047604e591d969/reports 200 in 18ms (next.js: 7ms, proxy.ts: 2ms, application-code: 9ms)
 GET /api/demo/runs/prj_09047604e591d969/reports 200 in 10ms (next.js: 2ms, proxy.ts: 2ms, application-code: 6ms)
 GET /api/demo/runs/prj_09047604e591d969/runpod-status 200 in 19ms (next.js: 8ms, proxy.ts: 2ms, application-code: 9ms)
 GET /api/demo/runs/prj_09047604e591d969/reports 200 in 20ms (next.js: 9ms, proxy.ts: 4ms, application-code: 7ms)
 GET /api/demo/runs/prj_09047604e591d969/reports 200 in 22ms (next.js: 11ms, proxy.ts: 2ms, application-code: 8ms)
 GET /api/demo/runs/prj_09047604e591d969/runpod-status 200 in 18ms (next.js: 6ms, proxy.ts: 1863µs, application-code: 10ms)
 GET /api/demo/runs/prj_09047604e591d969/reports 200 in 17ms (next.js: 7ms, proxy.ts: 1967µs, application-code: 8ms)
 GET /api/demo/runs/prj_09047604e591d969/reports 200 in 12ms (next.js: 3ms, proxy.ts: 2ms, application-code: 7ms)
 GET /api/demo/runs/prj_09047604e591d969/runpod-status 200 in 17ms (next.js: 6ms, proxy.ts: 1749µs, application-code: 9ms)
 GET /api/demo/runs/prj_09047604e591d969/reports 200 in 18ms (next.js: 8ms, proxy.ts: 3ms, application-code: 7ms)
 GET /api/demo/runs/prj_09047604e591d969/reports 200 in 20ms (next.js: 10ms, proxy.ts: 3ms, application-code: 7ms)
 GET /api/demo/runs/prj_09047604e591d969/reports 200 in 16ms (next.js: 6ms, proxy.ts: 1913µs, application-code: 8ms)
 GET /api/demo/runs/prj_09047604e591d969/reports 200 in 13ms (next.js: 2ms, proxy.ts: 2ms, application-code: 8ms)
 GET /api/demo/runs/prj_09047604e591d969/runpod-status 200 in 17ms (next.js: 7ms, proxy.ts: 2ms, application-code: 8ms)
 GET /api/demo/runs/prj_09047604e591d969/reports 200 in 15ms (next.js: 7ms, proxy.ts: 1853µs, application-code: 6ms)
 GET /api/demo/runs/prj_09047604e591d969/reports 200 in 11ms (next.js: 3ms, proxy.ts: 1899µs, application-code: 6ms)
 GET /api/demo/runs/prj_09047604e591d969/runpod-status 200 in 17ms (next.js: 6ms, proxy.ts: 1887µs, application-code: 9ms)
 GET /api/demo/runs/prj_09047604e591d969/reports 200 in 17ms (next.js: 7ms, proxy.ts: 1986µs, application-code: 8ms)
 GET /api/demo/runs/prj_09047604e591d969/reports 200 in 10ms (next.js: 2ms, proxy.ts: 1991µs, application-code: 6ms)
 GET /api/demo/runs/prj_09047604e591d969/runpod-status 200 in 17ms (next.js: 7ms, proxy.ts: 1929µs, application-code: 8ms)
 GET /api/demo/runs/prj_09047604e591d969/reports 200 in 17ms (next.js: 8ms, proxy.ts: 2ms, application-code: 7ms)
 GET /api/demo/runs/prj_09047604e591d969/reports 200 in 31ms (next.js: 22ms, proxy.ts: 1926µs, application-code: 7ms)
 GET /api/demo/runs/prj_09047604e591d969/reports 200 in 18ms (next.js: 7ms, proxy.ts: 1933µs, application-code: 9ms)
 GET /api/demo/runs/prj_09047604e591d969/reports 200 in 12ms (next.js: 3ms, proxy.ts: 1883µs, application-code: 7ms)
 GET /api/demo/runs/prj_09047604e591d969/runpod-status 200 in 20ms (next.js: 7ms, proxy.ts: 2ms, application-code: 12ms)
 GET /api/demo/runs/prj_09047604e591d969/reports 200 in 20ms (next.js: 8ms, proxy.ts: 3ms, application-code: 9ms)
 GET /api/demo/runs/prj_09047604e591d969/reports 200 in 22ms (next.js: 10ms, proxy.ts: 3ms, application-code: 9ms)
 GET /api/demo/runs/prj_09047604e591d969/runpod-status 200 in 20ms (next.js: 7ms, proxy.ts: 5ms, application-code: 9ms)
 GET /api/demo/runs/prj_09047604e591d969/reports 200 in 16ms (next.js: 6ms, proxy.ts: 1727µs, application-code: 7ms)
 GET /api/demo/runs/prj_09047604e591d969/reports 200 in 11ms (next.js: 3ms, proxy.ts: 2ms, application-code: 6ms)
 GET /api/demo/runs/prj_09047604e591d969/runpod-status 200 in 17ms (next.js: 6ms, proxy.ts: 2ms, application-code: 9ms)
 GET /api/demo/runs/prj_09047604e591d969/reports 200 in 18ms (next.js: 7ms, proxy.ts: 3ms, application-code: 8ms)
 GET /api/demo/runs/prj_09047604e591d969/reports 200 in 20ms (next.js: 10ms, proxy.ts: 3ms, application-code: 8ms)
 GET /api/demo/runs/prj_09047604e591d969/reports 200 in 16ms (next.js: 6ms, proxy.ts: 2ms, application-code: 8ms)
 GET /api/demo/runs/prj_09047604e591d969/reports 200 in 12ms (next.js: 3ms, proxy.ts: 2ms, application-code: 7ms)
 GET /api/demo/runs/prj_09047604e591d969/runpod-status 200 in 17ms (next.js: 7ms, proxy.ts: 1843µs, application-code: 8ms)
 GET /api/demo/runs/prj_09047604e591d969/reports 200 in 22ms (next.js: 8ms, proxy.ts: 1878µs, application-code: 12ms)
 GET /api/demo/runs/prj_09047604e591d969/reports 200 in 25ms (next.js: 3ms, proxy.ts: 1857µs, application-code: 20ms)
 GET /api/demo/runs/prj_09047604e591d969/runpod-status 200 in 21ms (next.js: 7ms, proxy.ts: 5ms, application-code: 9ms)
 GET /api/demo/runs/prj_09047604e591d969/reports 200 in 19ms (next.js: 7ms, proxy.ts: 5ms, application-code: 7ms)
 GET /api/demo/runs/prj_09047604e591d969/reports 200 in 11ms (next.js: 2ms, proxy.ts: 2ms, application-code: 7ms)
 GET /api/demo/runs/prj_09047604e591d969/runpod-status 200 in 19ms (next.js: 6ms, proxy.ts: 5ms, application-code: 8ms)
 GET /api/demo/runs/prj_09047604e591d969/reports 200 in 19ms (next.js: 8ms, proxy.ts: 3ms, application-code: 9ms)
 GET /api/demo/runs/prj_09047604e591d969/reports 200 in 21ms (next.js: 10ms, proxy.ts: 2ms, application-code: 9ms)
 GET /api/demo/runs/prj_09047604e591d969/reports 200 in 17ms (next.js: 7ms, proxy.ts: 1965µs, application-code: 8ms)
 GET /api/demo/runs/prj_09047604e591d969/reports 200 in 11ms (next.js: 3ms, proxy.ts: 2ms, application-code: 6ms)
 GET /api/demo/runs/prj_09047604e591d969/runpod-status 200 in 18ms (next.js: 6ms, proxy.ts: 1883µs, application-code: 9ms)
 GET /api/demo/runs/prj_09047604e591d969/reports 200 in 21ms (next.js: 9ms, proxy.ts: 3ms, application-code: 9ms)
 GET /api/demo/runs/prj_09047604e591d969/reports 200 in 21ms (next.js: 11ms, proxy.ts: 3ms, application-code: 8ms)
 GET /api/demo/runs/prj_09047604e591d969/runpod-status 200 in 18ms (next.js: 6ms, proxy.ts: 3ms, application-code: 8ms)
 GET /api/demo/runs/prj_09047604e591d969/reports 200 in 17ms (next.js: 7ms, proxy.ts: 2ms, application-code: 8ms)
 GET /api/demo/runs/prj_09047604e591d969/reports 200 in 11ms (next.js: 3ms, proxy.ts: 1826µs, application-code: 7ms)
 GET /api/demo/runs/prj_09047604e591d969/runpod-status 200 in 19ms (next.js: 6ms, proxy.ts: 2ms, application-code: 11ms)
 GET /api/demo/runs/prj_09047604e591d969/reports 200 in 17ms (next.js: 8ms, proxy.ts: 3ms, application-code: 7ms)
 GET /api/demo/runs/prj_09047604e591d969/reports 200 in 21ms (next.js: 10ms, proxy.ts: 2ms, application-code: 8ms)
 GET /api/demo/runs/prj_09047604e591d969/reports 200 in 14ms (next.js: 6ms, proxy.ts: 1786µs, application-code: 7ms)
 GET /api/demo/runs/prj_09047604e591d969/reports 200 in 13ms (next.js: 3ms, proxy.ts: 2ms, application-code: 8ms)
 GET /api/demo/runs/prj_09047604e591d969/runpod-status 200 in 17ms (next.js: 6ms, proxy.ts: 1978µs, application-code: 9ms)
 GET /api/demo/runs/prj_09047604e591d969/reports 200 in 19ms (next.js: 9ms, proxy.ts: 2ms, application-code: 8ms)
 GET /api/demo/runs/prj_09047604e591d969/reports 200 in 20ms (next.js: 10ms, proxy.ts: 2ms, application-code: 8ms)
 GET /api/demo/runs/prj_09047604e591d969/runpod-status 200 in 19ms (next.js: 8ms, proxy.ts: 2ms, application-code: 9ms)
 GET /api/demo/runs/prj_09047604e591d969/runpod-status 200 in 17ms (next.js: 6ms, proxy.ts: 2ms, application-code: 9ms)
 GET /api/demo/runs/prj_09047604e591d969/reports 200 in 18ms (next.js: 7ms, proxy.ts: 1821µs, application-code: 9ms)
 GET /api/demo/runs/prj_09047604e591d969/reports 200 in 13ms (next.js: 2ms, proxy.ts: 1935µs, application-code: 8ms)
 GET /api/demo/runs/prj_09047604e591d969/runpod-status 200 in 18ms (next.js: 7ms, proxy.ts: 1820µs, application-code: 10ms)
 GET /api/demo/runs/prj_09047604e591d969/reports 200 in 18ms (next.js: 9ms, proxy.ts: 3ms, application-code: 7ms)
 GET /api/demo/runs/prj_09047604e591d969/reports 200 in 22ms (next.js: 11ms, proxy.ts: 3ms, application-code: 8ms)
 GET /api/demo/runs/prj_09047604e591d969/reports 200 in 15ms (next.js: 7ms, proxy.ts: 1825µs, application-code: 7ms)
 GET /api/demo/runs/prj_09047604e591d969/reports 200 in 17ms (next.js: 7ms, proxy.ts: 2ms, application-code: 8ms)
 GET /api/demo/runs/prj_09047604e591d969/runpod-status 200 in 17ms (next.js: 7ms, proxy.ts: 1870µs, application-code: 8ms)
 GET /api/demo/runs/prj_09047604e591d969/reports 200 in 19ms (next.js: 8ms, proxy.ts: 3ms, application-code: 8ms)
 GET /api/demo/runs/prj_09047604e591d969/reports 200 in 21ms (next.js: 10ms, proxy.ts: 2ms, application-code: 9ms)
 GET /api/demo/runs/prj_09047604e591d969/runpod-status 200 in 19ms (next.js: 7ms, proxy.ts: 1764µs, application-code: 11ms)
 GET /api/demo/runs/prj_09047604e591d969/reports 200 in 16ms (next.js: 7ms, proxy.ts: 1852µs, application-code: 8ms)
 GET /api/demo/runs/prj_09047604e591d969/reports 200 in 15ms (next.js: 7ms, proxy.ts: 2ms, application-code: 6ms)
 GET /api/demo/runs/prj_09047604e591d969/runpod-status 200 in 17ms (next.js: 7ms, proxy.ts: 2ms, application-code: 8ms)
 GET /api/demo/runs/prj_09047604e591d969/reports 200 in 18ms (next.js: 9ms, proxy.ts: 2ms, application-code: 7ms)
 GET /api/demo/runs/prj_09047604e591d969/reports 200 in 21ms (next.js: 11ms, proxy.ts: 2ms, application-code: 8ms)
 GET /api/demo/runs/prj_09047604e591d969/reports 200 in 19ms (next.js: 9ms, proxy.ts: 3ms, application-code: 8ms)
 GET /api/demo/runs/prj_09047604e591d969/reports 200 in 15ms (next.js: 7ms, proxy.ts: 2ms, application-code: 6ms)
 GET /api/demo/runs/prj_09047604e591d969/runpod-status 200 in 19ms (next.js: 6ms, proxy.ts: 2ms, application-code: 11ms)
 GET /api/demo/runs/prj_09047604e591d969/reports 200 in 18ms (next.js: 9ms, proxy.ts: 1874µs, application-code: 8ms)
 GET /api/demo/runs/prj_09047604e591d969/reports 200 in 18ms (next.js: 10ms, proxy.ts: 2ms, application-code: 6ms)
 GET /api/demo/runs/prj_09047604e591d969/runpod-status 200 in 17ms (next.js: 7ms, proxy.ts: 2ms, application-code: 8ms)
 GET /api/demo/runs/prj_09047604e591d969/reports 200 in 17ms (next.js: 7ms, proxy.ts: 1855µs, application-code: 8ms)
 GET /api/demo/runs/prj_09047604e591d969/reports 200 in 16ms (next.js: 6ms, proxy.ts: 2ms, application-code: 8ms)
 GET /api/demo/runs/prj_09047604e591d969/runpod-status 200 in 17ms (next.js: 6ms, proxy.ts: 1980µs, application-code: 9ms)
 GET /api/demo/runs/prj_09047604e591d969/reports 200 in 18ms (next.js: 8ms, proxy.ts: 3ms, application-code: 7ms)
 GET /api/demo/runs/prj_09047604e591d969/reports 200 in 22ms (next.js: 11ms, proxy.ts: 2ms, application-code: 8ms)
 GET /api/demo/runs/prj_09047604e591d969/reports 200 in 17ms (next.js: 7ms, proxy.ts: 2ms, application-code: 8ms)
 GET /api/demo/runs/prj_09047604e591d969/reports 200 in 15ms (next.js: 7ms, proxy.ts: 1892µs, application-code: 6ms)
 GET /api/demo/runs/prj_09047604e591d969/runpod-status 200 in 17ms (next.js: 7ms, proxy.ts: 1812µs, application-code: 9ms)
 GET /api/demo/runs/prj_09047604e591d969/reports 200 in 15ms (next.js: 6ms, proxy.ts: 1863µs, application-code: 7ms)
 GET /api/demo/runs/prj_09047604e591d969/reports 200 in 13ms (next.js: 3ms, proxy.ts: 4ms, application-code: 5ms)
 GET /api/demo/runs/prj_09047604e591d969/runpod-status 200 in 18ms (next.js: 7ms, proxy.ts: 2ms, application-code: 9ms)
 GET /api/demo/runs/prj_09047604e591d969/reports 200 in 15ms (next.js: 6ms, proxy.ts: 3ms, application-code: 6ms)
 GET /api/demo/runs/prj_09047604e591d969/reports 200 in 15ms (next.js: 7ms, proxy.ts: 1755µs, application-code: 7ms)
 GET /api/demo/runs/prj_09047604e591d969/runpod-status 200 in 17ms (next.js: 7ms, proxy.ts: 2ms, application-code: 9ms)
 GET /api/demo/runs/prj_09047604e591d969/reports 200 in 15ms (next.js: 6ms, proxy.ts: 1679µs, application-code: 7ms)
 GET /api/demo/runs/prj_09047604e591d969/reports 200 in 11ms (next.js: 4ms, proxy.ts: 1930µs, application-code: 6ms)
 GET /api/demo/runs/prj_09047604e591d969/reports 200 in 17ms (next.js: 7ms, proxy.ts: 1961µs, application-code: 8ms)
 GET /api/demo/runs/prj_09047604e591d969/reports 200 in 13ms (next.js: 3ms, proxy.ts: 1713µs, application-code: 8ms)
 GET /api/demo/runs/prj_09047604e591d969/runpod-status 200 in 17ms (next.js: 7ms, proxy.ts: 1993µs, application-code: 9ms)
 GET /api/demo/runs/prj_09047604e591d969/reports 200 in 15ms (next.js: 6ms, proxy.ts: 1847µs, application-code: 7ms)
 GET /api/demo/runs/prj_09047604e591d969/reports 200 in 12ms (next.js: 4ms, proxy.ts: 1898µs, application-code: 5ms)
 GET /api/demo/runs/prj_09047604e591d969/runpod-status 200 in 18ms (next.js: 6ms, proxy.ts: 1884µs, application-code: 10ms)
 GET /api/demo/runs/prj_09047604e591d969/reports 200 in 17ms (next.js: 7ms, proxy.ts: 1775µs, application-code: 9ms)
 GET /api/demo/runs/prj_09047604e591d969/reports 200 in 11ms (next.js: 3ms, proxy.ts: 2ms, application-code: 6ms)
 GET /api/demo/runs/prj_09047604e591d969/runpod-status 200 in 18ms (next.js: 6ms, proxy.ts: 1947µs, application-code: 9ms)
 GET /api/demo/runs/prj_09047604e591d969/reports 200 in 17ms (next.js: 8ms, proxy.ts: 2ms, application-code: 8ms)
 GET /api/demo/runs/prj_09047604e591d969/reports 200 in 21ms (next.js: 10ms, proxy.ts: 2ms, application-code: 9ms)
 GET /api/demo/runs/prj_09047604e591d969/reports 200 in 15ms (next.js: 7ms, proxy.ts: 1946µs, application-code: 6ms)
 GET /api/demo/runs/prj_09047604e591d969/reports 200 in 10ms (next.js: 2ms, proxy.ts: 1882µs, application-code: 6ms)
 GET /api/demo/runs/prj_09047604e591d969/runpod-status 200 in 16ms (next.js: 6ms, proxy.ts: 1838µs, application-code: 8ms)
 GET /api/demo/runs/prj_09047604e591d969/reports 200 in 16ms (next.js: 7ms, proxy.ts: 2ms, application-code: 7ms)
 GET /api/demo/runs/prj_09047604e591d969/reports 200 in 12ms (next.js: 4ms, proxy.ts: 2ms, application-code: 6ms)
 GET /api/demo/runs/prj_09047604e591d969/runpod-status 200 in 18ms (next.js: 6ms, proxy.ts: 1816µs, application-code: 9ms)
 GET /api/demo/runs/prj_09047604e591d969/reports 200 in 15ms (next.js: 7ms, proxy.ts: 1962µs, application-code: 6ms)
 GET /api/demo/runs/prj_09047604e591d969/reports 200 in 12ms (next.js: 2ms, proxy.ts: 1807µs, application-code: 8ms)
 GET /api/demo/runs/prj_09047604e591d969/runpod-status 200 in 17ms (next.js: 7ms, proxy.ts: 1942µs, application-code: 8ms)
 GET /api/demo/runs/prj_09047604e591d969/reports 200 in 16ms (next.js: 7ms, proxy.ts: 3ms, application-code: 6ms)
 GET /api/demo/runs/prj_09047604e591d969/reports 200 in 19ms (next.js: 10ms, proxy.ts: 3ms, application-code: 7ms)
 GET /api/demo/runs/prj_09047604e591d969/reports 200 in 16ms (next.js: 7ms, proxy.ts: 1767µs, application-code: 7ms)
 GET /api/demo/runs/prj_09047604e591d969/reports 200 in 12ms (next.js: 2ms, proxy.ts: 1826µs, application-code: 8ms)
 GET /api/demo/runs/prj_09047604e591d969/runpod-status 200 in 19ms (next.js: 6ms, proxy.ts: 1888µs, application-code: 11ms)
 GET /api/demo/runs/prj_09047604e591d969/reports 200 in 19ms (next.js: 7ms, proxy.ts: 1904µs, application-code: 11ms)
 GET /api/demo/runs/prj_09047604e591d969/reports 200 in 12ms (next.js: 2ms, proxy.ts: 1891µs, application-code: 8ms)
 GET /api/demo/runs/prj_09047604e591d969/runpod-status 200 in 19ms (next.js: 7ms, proxy.ts: 3ms, application-code: 9ms)
 GET /api/demo/runs/prj_09047604e591d969/runpod-status 200 in 17ms (next.js: 7ms, proxy.ts: 1855µs, application-code: 8ms)
 GET /api/demo/runs/prj_09047604e591d969/reports 200 in 17ms (next.js: 7ms, proxy.ts: 1906µs, application-code: 8ms)
 GET /api/demo/runs/prj_09047604e591d969/reports 200 in 10ms (next.js: 2ms, proxy.ts: 2ms, application-code: 5ms)
 GET /api/demo/runs/prj_09047604e591d969/runpod-status 200 in 19ms (next.js: 6ms, proxy.ts: 2ms, application-code: 11ms)
 GET /api/demo/runs/prj_09047604e591d969/reports 200 in 19ms (next.js: 9ms, proxy.ts: 2ms, application-code: 8ms)
 GET /api/demo/runs/prj_09047604e591d969/reports 200 in 19ms (next.js: 10ms, proxy.ts: 1735µs, application-code: 7ms)
 GET /api/demo/runs/prj_09047604e591d969/reports 200 in 15ms (next.js: 7ms, proxy.ts: 1790µs, application-code: 7ms)
 GET /api/demo/runs/prj_09047604e591d969/reports 200 in 12ms (next.js: 3ms, proxy.ts: 1983µs, application-code: 7ms)
 GET /api/demo/runs/prj_09047604e591d969/runpod-status 200 in 20ms (next.js: 8ms, proxy.ts: 2ms, application-code: 10ms)
 GET /api/demo/runs/prj_09047604e591d969/reports 200 in 21ms (next.js: 9ms, proxy.ts: 2ms, application-code: 10ms)
 GET /api/demo/runs/prj_09047604e591d969/reports 200 in 23ms (next.js: 10ms, proxy.ts: 2ms, application-code: 11ms)
 GET /api/demo/runs/prj_09047604e591d969/runpod-status 200 in 19ms (next.js: 7ms, proxy.ts: 3ms, application-code: 10ms)
 GET /api/demo/runs/prj_09047604e591d969/reports 200 in 15ms (next.js: 6ms, proxy.ts: 2ms, application-code: 7ms)
 GET /api/demo/runs/prj_09047604e591d969/reports 200 in 10ms (next.js: 2ms, proxy.ts: 1895µs, application-code: 6ms)
 GET /api/demo/runs/prj_09047604e591d969/runpod-status 200 in 19ms (next.js: 7ms, proxy.ts: 1691µs, application-code: 10ms)
 GET /api/demo/runs/prj_09047604e591d969/reports 200 in 19ms (next.js: 8ms, proxy.ts: 2ms, application-code: 9ms)
 GET /api/demo/runs/prj_09047604e591d969/reports 200 in 21ms (next.js: 11ms, proxy.ts: 1913µs, application-code: 9ms)
 GET /api/demo/runs/prj_09047604e591d969/reports 200 in 16ms (next.js: 7ms, proxy.ts: 1668µs, application-code: 8ms)
 GET /api/demo/runs/prj_09047604e591d969/reports 200 in 11ms (next.js: 2ms, proxy.ts: 1918µs, application-code: 7ms)
 GET /api/demo/runs/prj_09047604e591d969/runpod-status 200 in 27ms (next.js: 7ms, proxy.ts: 1990µs, application-code: 19ms)
 GET /api/demo/runs/prj_09047604e591d969/reports 200 in 19ms (next.js: 6ms, proxy.ts: 1885µs, application-code: 11ms)
 GET /api/demo/runs/prj_09047604e591d969/reports 200 in 12ms (next.js: 2ms, proxy.ts: 2ms, application-code: 8ms)
 GET /api/demo/runs/prj_09047604e591d969/runpod-status 200 in 21ms (next.js: 11ms, proxy.ts: 2ms, application-code: 8ms)
 GET /api/demo/runs/prj_09047604e591d969/reports 200 in 15ms (next.js: 7ms, proxy.ts: 1820µs, application-code: 6ms)
 GET /api/demo/runs/prj_09047604e591d969/reports 200 in 12ms (next.js: 3ms, proxy.ts: 1884µs, application-code: 7ms)
 GET /api/demo/runs/prj_09047604e591d969/runpod-status 200 in 17ms (next.js: 6ms, proxy.ts: 1955µs, application-code: 8ms)
 GET /api/demo/runs/prj_09047604e591d969/reports 200 in 16ms (next.js: 7ms, proxy.ts: 2ms, application-code: 6ms)
 GET /api/demo/runs/prj_09047604e591d969/reports 200 in 17ms (next.js: 9ms, proxy.ts: 2ms, application-code: 6ms)
 GET /api/demo/runs/prj_09047604e591d969/reports 200 in 14ms (next.js: 6ms, proxy.ts: 1788µs, application-code: 7ms)
 GET /api/demo/runs/prj_09047604e591d969/reports 200 in 11ms (next.js: 2ms, proxy.ts: 1899µs, application-code: 6ms)
 GET /api/demo/runs/prj_09047604e591d969/runpod-status 200 in 19ms (next.js: 7ms, proxy.ts: 1735µs, application-code: 10ms)
 GET /api/demo/runs/prj_09047604e591d969/reports 200 in 15ms (next.js: 7ms, proxy.ts: 2ms, application-code: 7ms)
 GET /api/demo/runs/prj_09047604e591d969/reports 200 in 12ms (next.js: 4ms, proxy.ts: 3ms, application-code: 6ms)
 GET /api/demo/runs/prj_09047604e591d969/runpod-status 200 in 17ms (next.js: 6ms, proxy.ts: 1802µs, application-code: 9ms)
 GET /api/demo/runs/prj_09047604e591d969/reports 200 in 16ms (next.js: 7ms, proxy.ts: 2ms, application-code: 7ms)
 GET /api/demo/runs/prj_09047604e591d969/reports 200 in 10ms (next.js: 3ms, proxy.ts: 1889µs, application-code: 6ms)
 GET /api/demo/runs/prj_09047604e591d969/runpod-status 200 in 17ms (next.js: 7ms, proxy.ts: 1751µs, application-code: 8ms)
 GET /api/demo/runs/prj_09047604e591d969/reports 200 in 15ms (next.js: 7ms, proxy.ts: 1756µs, application-code: 7ms)
 GET /api/demo/runs/prj_09047604e591d969/reports 200 in 11ms (next.js: 4ms, proxy.ts: 1790µs, application-code: 6ms)
 GET /api/demo/runs/prj_09047604e591d969/reports 200 in 15ms (next.js: 6ms, proxy.ts: 1916µs, application-code: 7ms)
 GET /api/demo/runs/prj_09047604e591d969/reports 200 in 10ms (next.js: 2ms, proxy.ts: 1776µs, application-code: 6ms)
 GET /api/demo/runs/prj_09047604e591d969/runpod-status 200 in 17ms (next.js: 7ms, proxy.ts: 1619µs, application-code: 8ms)
 GET /api/demo/runs/prj_09047604e591d969/reports 200 in 15ms (next.js: 6ms, proxy.ts: 1852µs, application-code: 7ms)
 GET /api/demo/runs/prj_09047604e591d969/reports 200 in 11ms (next.js: 4ms, proxy.ts: 1772µs, application-code: 5ms)
 GET /api/demo/runs/prj_09047604e591d969/runpod-status 200 in 18ms (next.js: 7ms, proxy.ts: 3ms, application-code: 8ms)
 GET /api/demo/runs/prj_09047604e591d969/reports 200 in 18ms (next.js: 7ms, proxy.ts: 2ms, application-code: 9ms)
 GET /api/demo/runs/prj_09047604e591d969/reports 200 in 11ms (next.js: 2ms, proxy.ts: 1747µs, application-code: 7ms)
 GET /api/demo/runs/prj_09047604e591d969/runpod-status 200 in 19ms (next.js: 7ms, proxy.ts: 1923µs, application-code: 11ms)
 GET /api/demo/runs/prj_09047604e591d969/reports 200 in 17ms (next.js: 8ms, proxy.ts: 3ms, application-code: 7ms)
 GET /api/demo/runs/prj_09047604e591d969/reports 200 in 20ms (next.js: 10ms, proxy.ts: 2ms, application-code: 8ms)
 GET /api/demo/runs/prj_09047604e591d969/reports 200 in 14ms (next.js: 6ms, proxy.ts: 2ms, application-code: 6ms)
 GET /api/demo/runs/prj_09047604e591d969/reports 200 in 10ms (next.js: 2ms, proxy.ts: 1806µs, application-code: 6ms)
 GET /api/demo/runs/prj_09047604e591d969/runpod-status 200 in 20ms (next.js: 6ms, proxy.ts: 2ms, application-code: 11ms)
 GET /api/demo/runs/prj_09047604e591d969/reports 200 in 18ms (next.js: 7ms, proxy.ts: 1833µs, application-code: 9ms)
 GET /api/demo/runs/prj_09047604e591d969/reports 200 in 18ms (next.js: 2ms, proxy.ts: 9ms, application-code: 7ms)
 GET /api/demo/runs/prj_09047604e591d969/runpod-status 200 in 17ms (next.js: 7ms, proxy.ts: 1813µs, application-code: 8ms)
 GET /api/demo/runs/prj_09047604e591d969/reports 200 in 15ms (next.js: 6ms, proxy.ts: 1869µs, application-code: 7ms)
 GET /api/demo/runs/prj_09047604e591d969/reports 200 in 12ms (next.js: 2ms, proxy.ts: 1743µs, application-code: 8ms)
 GET /api/demo/runs/prj_09047604e591d969/runpod-status 200 in 20ms (next.js: 7ms, proxy.ts: 2ms, application-code: 11ms)
 GET /api/demo/runs/prj_09047604e591d969/reports 200 in 16ms (next.js: 8ms, proxy.ts: 1920µs, application-code: 6ms)
 GET /api/demo/runs/prj_09047604e591d969/reports 200 in 19ms (next.js: 4ms, proxy.ts: 9ms, application-code: 6ms)
 GET /api/demo/runs/prj_09047604e591d969/reports 200 in 18ms (next.js: 7ms, proxy.ts: 1920µs, application-code: 9ms)
 GET /api/demo/runs/prj_09047604e591d969/reports 200 in 11ms (next.js: 2ms, proxy.ts: 1891µs, application-code: 7ms)
 GET /api/demo/runs/prj_09047604e591d969/runpod-status 200 in 17ms (next.js: 6ms, proxy.ts: 1743µs, application-code: 9ms)
 GET /api/demo/runs/prj_09047604e591d969/runpod-status 200 in 17ms (next.js: 7ms, proxy.ts: 2ms, application-code: 8ms)
 GET /api/demo/runs/prj_09047604e591d969/reports 200 in 16ms (next.js: 7ms, proxy.ts: 2ms, application-code: 6ms)
 GET /api/demo/runs/prj_09047604e591d969/reports 200 in 20ms (next.js: 10ms, proxy.ts: 2ms, application-code: 8ms)
 GET /api/demo/runs/prj_09047604e591d969/runpod-status 200 in 58ms (next.js: 6ms, proxy.ts: 1835µs, application-code: 50ms)
 GET /api/demo/runs/prj_09047604e591d969/reports 200 in 17ms (next.js: 7ms, proxy.ts: 2ms, application-code: 8ms)
 GET /api/demo/runs/prj_09047604e591d969/reports 200 in 10ms (next.js: 2ms, proxy.ts: 2ms, application-code: 5ms)
 GET /api/demo/runs/prj_09047604e591d969/runpod-status 200 in 17ms (next.js: 6ms, proxy.ts: 1956µs, application-code: 9ms)
 GET /api/demo/runs/prj_09047604e591d969/reports 200 in 20ms (next.js: 7ms, proxy.ts: 2ms, application-code: 11ms)
 GET /api/demo/runs/prj_09047604e591d969/reports 200 in 16ms (next.js: 9ms, proxy.ts: 1874µs, application-code: 6ms)
 GET /api/demo/runs/prj_09047604e591d969/reports 200 in 14ms (next.js: 7ms, proxy.ts: 1924µs, application-code: 6ms)
 GET /api/demo/runs/prj_09047604e591d969/reports 200 in 11ms (next.js: 2ms, proxy.ts: 1748µs, application-code: 7ms)
 GET /api/demo/runs/prj_09047604e591d969/runpod-status 200 in 18ms (next.js: 7ms, proxy.ts: 2ms, application-code: 9ms)
 GET /api/demo/runs/prj_09047604e591d969/reports 200 in 18ms (next.js: 8ms, proxy.ts: 3ms, application-code: 7ms)
 GET /api/demo/runs/prj_09047604e591d969/reports 200 in 20ms (next.js: 9ms, proxy.ts: 3ms, application-code: 8ms)
 GET /api/demo/runs/prj_09047604e591d969/runpod-status 200 in 17ms (next.js: 6ms, proxy.ts: 1972µs, application-code: 9ms)
 GET /api/demo/runs/prj_09047604e591d969/reports 200 in 16ms (next.js: 7ms, proxy.ts: 2ms, application-code: 7ms)
 GET /api/demo/runs/prj_09047604e591d969/reports 200 in 10ms (next.js: 3ms, proxy.ts: 1789µs, application-code: 6ms)
 GET /api/demo/runs/prj_09047604e591d969/runpod-status 200 in 17ms (next.js: 7ms, proxy.ts: 2ms, application-code: 8ms)
 GET /api/demo/runs/prj_09047604e591d969/reports 200 in 19ms (next.js: 7ms, proxy.ts: 1763µs, application-code: 10ms)
 GET /api/demo/runs/prj_09047604e591d969/reports 200 in 12ms (next.js: 2ms, proxy.ts: 1904µs, application-code: 8ms)
 GET /api/demo/runs/prj_09047604e591d969/reports 200 in 16ms (next.js: 8ms, proxy.ts: 1918µs, application-code: 6ms)
 GET /api/demo/runs/prj_09047604e591d969/reports 200 in 10ms (next.js: 2ms, proxy.ts: 2ms, application-code: 5ms)
 GET /api/demo/runs/prj_09047604e591d969/runpod-status 200 in 19ms (next.js: 6ms, proxy.ts: 2ms, application-code: 10ms)
 GET /api/demo/runs/prj_09047604e591d969/reports 200 in 20ms (next.js: 7ms, proxy.ts: 1909µs, application-code: 11ms)
 GET /api/demo/runs/prj_09047604e591d969/reports 200 in 13ms (next.js: 3ms, proxy.ts: 1740µs, application-code: 9ms)
 GET /api/demo/runs/prj_09047604e591d969/runpod-status 200 in 17ms (next.js: 6ms, proxy.ts: 1904µs, application-code: 8ms)
 GET /api/demo/runs/prj_09047604e591d969/reports 200 in 17ms (next.js: 7ms, proxy.ts: 2ms, application-code: 8ms)
 GET /api/demo/runs/prj_09047604e591d969/reports 200 in 11ms (next.js: 2ms, proxy.ts: 1893µs, application-code: 7ms)
 GET /api/demo/runs/prj_09047604e591d969/runpod-status 200 in 19ms (next.js: 6ms, proxy.ts: 1783µs, application-code: 10ms)
 GET /api/demo/runs/prj_09047604e591d969/reports 200 in 18ms (next.js: 7ms, proxy.ts: 2ms, application-code: 9ms)
 GET /api/demo/runs/prj_09047604e591d969/reports 200 in 20ms (next.js: 9ms, proxy.ts: 2ms, application-code: 8ms)
 GET /api/demo/runs/prj_09047604e591d969/reports 200 in 15ms (next.js: 6ms, proxy.ts: 1911µs, application-code: 7ms)
 GET /api/demo/runs/prj_09047604e591d969/reports 200 in 13ms (next.js: 2ms, proxy.ts: 1936µs, application-code: 9ms)
 GET /api/demo/runs/prj_09047604e591d969/runpod-status 200 in 18ms (next.js: 6ms, proxy.ts: 1871µs, application-code: 10ms)
 GET /api/demo/runs/prj_09047604e591d969/reports 200 in 20ms (next.js: 7ms, proxy.ts: 1684µs, application-code: 11ms)
 GET /api/demo/runs/prj_09047604e591d969/reports 200 in 12ms (next.js: 2ms, proxy.ts: 1698µs, application-code: 8ms)
 GET /api/demo/runs/prj_09047604e591d969/runpod-status 200 in 19ms (next.js: 7ms, proxy.ts: 3ms, application-code: 10ms)
 GET /api/demo/runs/prj_09047604e591d969/reports 200 in 17ms (next.js: 7ms, proxy.ts: 1956µs, application-code: 8ms)
 GET /api/demo/runs/prj_09047604e591d969/reports 200 in 12ms (next.js: 2ms, proxy.ts: 2ms, application-code: 7ms)
 GET /api/demo/runs/prj_09047604e591d969/runpod-status 200 in 18ms (next.js: 7ms, proxy.ts: 2ms, application-code: 9ms)
 GET /api/demo/runs/prj_09047604e591d969/reports 200 in 18ms (next.js: 8ms, proxy.ts: 1982µs, application-code: 8ms)
 GET /api/demo/runs/prj_09047604e591d969/reports 200 in 18ms (next.js: 10ms, proxy.ts: 1870µs, application-code: 6ms)
 GET /api/demo/runs/prj_09047604e591d969/reports 200 in 18ms (next.js: 7ms, proxy.ts: 1955µs, application-code: 9ms)
 GET /api/demo/runs/prj_09047604e591d969/reports 200 in 13ms (next.js: 3ms, proxy.ts: 1717µs, application-code: 8ms)
 GET /api/demo/runs/prj_09047604e591d969/runpod-status 200 in 19ms (next.js: 9ms, proxy.ts: 2ms, application-code: 9ms)
 GET /api/demo/runs/prj_09047604e591d969/reports 200 in 18ms (next.js: 7ms, proxy.ts: 3ms, application-code: 8ms)
 GET /api/demo/runs/prj_09047604e591d969/reports 200 in 22ms (next.js: 9ms, proxy.ts: 3ms, application-code: 10ms)
 GET /api/demo/runs/prj_09047604e591d969/runpod-status 200 in 18ms (next.js: 7ms, proxy.ts: 2ms, application-code: 9ms)
 GET /api/demo/runs/prj_09047604e591d969/reports 200 in 15ms (next.js: 7ms, proxy.ts: 1857µs, application-code: 6ms)
 GET /api/demo/runs/prj_09047604e591d969/reports 200 in 11ms (next.js: 2ms, proxy.ts: 1958µs, application-code: 7ms)
 GET /api/demo/runs/prj_09047604e591d969/runpod-status 200 in 17ms (next.js: 6ms, proxy.ts: 1830µs, application-code: 8ms)
 GET /api/demo/runs/prj_09047604e591d969/reports 200 in 18ms (next.js: 8ms, proxy.ts: 3ms, application-code: 7ms)
 GET /api/demo/runs/prj_09047604e591d969/reports 200 in 19ms (next.js: 10ms, proxy.ts: 2ms, application-code: 7ms)
 GET /api/demo/runs/prj_09047604e591d969/reports 200 in 15ms (next.js: 7ms, proxy.ts: 2ms, application-code: 6ms)
 GET /api/demo/runs/prj_09047604e591d969/reports 200 in 11ms (next.js: 2ms, proxy.ts: 1889µs, application-code: 6ms)
 GET /api/demo/runs/prj_09047604e591d969/runpod-status 200 in 20ms (next.js: 7ms, proxy.ts: 2ms, application-code: 10ms)
 GET /api/demo/runs/prj_09047604e591d969/reports 200 in 15ms (next.js: 7ms, proxy.ts: 1948µs, application-code: 6ms)
 GET /api/demo/runs/prj_09047604e591d969/reports 200 in 12ms (next.js: 5ms, proxy.ts: 2ms, application-code: 6ms)
 GET /api/demo/runs/prj_09047604e591d969/runpod-status 200 in 16ms (next.js: 6ms, proxy.ts: 1910µs, application-code: 8ms)
 GET /api/demo/runs/prj_09047604e591d969/reports 200 in 15ms (next.js: 7ms, proxy.ts: 1777µs, application-code: 6ms)
 GET /api/demo/runs/prj_09047604e591d969/reports 200 in 12ms (next.js: 3ms, proxy.ts: 1998µs, application-code: 8ms)
 GET /api/demo/runs/prj_09047604e591d969/runpod-status 200 in 19ms (next.js: 7ms, proxy.ts: 2ms, application-code: 10ms)
 GET /api/demo/runs/prj_09047604e591d969/reports 200 in 19ms (next.js: 9ms, proxy.ts: 2ms, application-code: 8ms)
 GET /api/demo/runs/prj_09047604e591d969/reports 200 in 22ms (next.js: 11ms, proxy.ts: 2ms, application-code: 8ms)
 GET /api/demo/runs/prj_09047604e591d969/reports 200 in 14ms (next.js: 6ms, proxy.ts: 1987µs, application-code: 6ms)
 GET /api/demo/runs/prj_09047604e591d969/reports 200 in 13ms (next.js: 2ms, proxy.ts: 1900µs, application-code: 9ms)
 GET /api/demo/runs/prj_09047604e591d969/runpod-status 200 in 17ms (next.js: 7ms, proxy.ts: 1876µs, application-code: 9ms)
 GET /api/demo/runs/prj_09047604e591d969/runpod-status 200 in 18ms (next.js: 7ms, proxy.ts: 2ms, application-code: 8ms)
 GET /api/demo/runs/prj_09047604e591d969/reports 200 in 18ms (next.js: 8ms, proxy.ts: 3ms, application-code: 7ms)
 GET /api/demo/runs/prj_09047604e591d969/reports 200 in 20ms (next.js: 10ms, proxy.ts: 3ms, application-code: 7ms)
 GET /api/demo/runs/prj_09047604e591d969/runpod-status 200 in 23ms (next.js: 8ms, proxy.ts: 3ms, application-code: 11ms)
 GET /api/demo/runs/prj_09047604e591d969/reports 200 in 17ms (next.js: 7ms, proxy.ts: 1955µs, application-code: 8ms)
 GET /api/demo/runs/prj_09047604e591d969/reports 200 in 13ms (next.js: 4ms, proxy.ts: 1985µs, application-code: 7ms)
 GET /api/demo/runs/prj_09047604e591d969/runpod-status 200 in 16ms (next.js: 7ms, proxy.ts: 1903µs, application-code: 8ms)
 GET /api/demo/runs/prj_09047604e591d969/reports 200 in 21ms (next.js: 9ms, proxy.ts: 1840µs, application-code: 10ms)
 GET /api/demo/runs/prj_09047604e591d969/reports 200 in 22ms (next.js: 3ms, proxy.ts: 9ms, application-code: 9ms)
 GET /api/demo/runs/prj_09047604e591d969/reports 200 in 17ms (next.js: 7ms, proxy.ts: 1969µs, application-code: 8ms)
 GET /api/demo/runs/prj_09047604e591d969/reports 200 in 14ms (next.js: 2ms, proxy.ts: 2ms, application-code: 10ms)
 GET /api/demo/runs/prj_09047604e591d969/runpod-status 200 in 21ms (next.js: 8ms, proxy.ts: 2ms, application-code: 10ms)
 GET /api/demo/runs/prj_09047604e591d969/reports 200 in 15ms (next.js: 7ms, proxy.ts: 2ms, application-code: 6ms)
 GET /api/demo/runs/prj_09047604e591d969/reports 200 in 13ms (next.js: 4ms, proxy.ts: 1946µs, application-code: 6ms)
 GET /api/demo/runs/prj_09047604e591d969/runpod-status 200 in 17ms (next.js: 7ms, proxy.ts: 2ms, application-code: 9ms)
 GET /api/demo/runs/prj_09047604e591d969/reports 200 in 15ms (next.js: 6ms, proxy.ts: 3ms, application-code: 6ms)
 GET /api/demo/runs/prj_09047604e591d969/reports 200 in 13ms (next.js: 2ms, proxy.ts: 1996µs, application-code: 9ms)
 GET /api/demo/runs/prj_09047604e591d969/runpod-status 200 in 17ms (next.js: 7ms, proxy.ts: 1869µs, application-code: 8ms)
 GET /api/demo/runs/prj_09047604e591d969/reports 200 in 15ms (next.js: 7ms, proxy.ts: 1801µs, application-code: 7ms)
 GET /api/demo/runs/prj_09047604e591d969/reports 200 in 12ms (next.js: 4ms, proxy.ts: 2ms, application-code: 5ms)
 GET /api/demo/runs/prj_09047604e591d969/reports 200 in 15ms (next.js: 6ms, proxy.ts: 1653µs, application-code: 7ms)
 GET /api/demo/runs/prj_09047604e591d969/reports 200 in 13ms (next.js: 3ms, proxy.ts: 1809µs, application-code: 9ms)
 GET /api/demo/runs/prj_09047604e591d969/runpod-status 200 in 19ms (next.js: 7ms, proxy.ts: 1777µs, application-code: 10ms)
 GET /api/demo/runs/prj_09047604e591d969/reports 200 in 19ms (next.js: 7ms, proxy.ts: 1867µs, application-code: 10ms)
 GET /api/demo/runs/prj_09047604e591d969/reports 200 in 12ms (next.js: 1997µs, proxy.ts: 1753µs, application-code: 8ms)
 GET /api/demo/runs/prj_09047604e591d969/runpod-status 200 in 18ms (next.js: 7ms, proxy.ts: 1849µs, application-code: 10ms)
 GET /api/demo/runs/prj_09047604e591d969/reports 200 in 16ms (next.js: 7ms, proxy.ts: 2ms, application-code: 8ms)
 GET /api/demo/runs/prj_09047604e591d969/reports 200 in 10ms (next.js: 2ms, proxy.ts: 2ms, application-code: 6ms)
 GET /api/demo/runs/prj_09047604e591d969/runpod-status 200 in 19ms (next.js: 6ms, proxy.ts: 2ms, application-code: 11ms)
 GET /api/demo/runs/prj_09047604e591d969/reports 200 in 17ms (next.js: 7ms, proxy.ts: 3ms, application-code: 7ms)
 GET /api/demo/runs/prj_09047604e591d969/reports 200 in 19ms (next.js: 10ms, proxy.ts: 2ms, application-code: 7ms)
 GET /api/demo/runs/prj_09047604e591d969/reports 200 in 16ms (next.js: 7ms, proxy.ts: 1998µs, application-code: 8ms)
 GET /api/demo/runs/prj_09047604e591d969/reports 200 in 10ms (next.js: 2ms, proxy.ts: 2ms, application-code: 6ms)
 GET /api/demo/runs/prj_09047604e591d969/runpod-status 200 in 19ms (next.js: 6ms, proxy.ts: 1949µs, application-code: 11ms)
 GET /api/demo/runs/prj_09047604e591d969/reports 200 in 16ms (next.js: 7ms, proxy.ts: 3ms, application-code: 7ms)
 GET /api/demo/runs/prj_09047604e591d969/reports 200 in 17ms (next.js: 10ms, proxy.ts: 2ms, application-code: 6ms)
 GET /api/demo/runs/prj_09047604e591d969/runpod-status 200 in 21ms (next.js: 8ms, proxy.ts: 2ms, application-code: 11ms)
 GET /api/demo/runs/prj_09047604e591d969/reports 200 in 14ms (next.js: 7ms, proxy.ts: 1810µs, application-code: 6ms)
 GET /api/demo/runs/prj_09047604e591d969/reports 200 in 10ms (next.js: 3ms, proxy.ts: 2ms, application-code: 6ms)
 GET /api/demo/runs/prj_09047604e591d969/runpod-status 200 in 19ms (next.js: 7ms, proxy.ts: 2ms, application-code: 10ms)
 GET /api/demo/runs/prj_09047604e591d969/reports 200 in 17ms (next.js: 7ms, proxy.ts: 3ms, application-code: 7ms)
 GET /api/demo/runs/prj_09047604e591d969/reports 200 in 20ms (next.js: 10ms, proxy.ts: 3ms, application-code: 8ms)
 GET /api/demo/runs/prj_09047604e591d969/reports 200 in 15ms (next.js: 7ms, proxy.ts: 2ms, application-code: 6ms)
 GET /api/demo/runs/prj_09047604e591d969/reports 200 in 13ms (next.js: 4ms, proxy.ts: 1881µs, application-code: 8ms)
 GET /api/demo/runs/prj_09047604e591d969/runpod-status 200 in 51ms (next.js: 6ms, proxy.ts: 1875µs, application-code: 43ms)
 GET /api/demo/runs/prj_09047604e591d969/reports 200 in 16ms (next.js: 7ms, proxy.ts: 1735µs, application-code: 7ms)
 GET /api/demo/runs/prj_09047604e591d969/reports 200 in 12ms (next.js: 4ms, proxy.ts: 1583µs, application-code: 6ms)
 GET /api/demo/runs/prj_09047604e591d969/runpod-status 200 in 17ms (next.js: 7ms, proxy.ts: 2ms, application-code: 8ms)
 GET /api/demo/runs/prj_09047604e591d969/reports 200 in 15ms (next.js: 6ms, proxy.ts: 1985µs, application-code: 7ms)
 GET /api/demo/runs/prj_09047604e591d969/reports 200 in 14ms (next.js: 6ms, proxy.ts: 1822µs, application-code: 6ms)
 GET /api/demo/runs/prj_09047604e591d969/runpod-status 200 in 17ms (next.js: 7ms, proxy.ts: 1778µs, application-code: 8ms)
 GET /api/demo/runs/prj_09047604e591d969/reports 200 in 15ms (next.js: 7ms, proxy.ts: 1859µs, application-code: 7ms)
 GET /api/demo/runs/prj_09047604e591d969/reports 200 in 12ms (next.js: 4ms, proxy.ts: 1953µs, application-code: 6ms)
 GET /api/demo/runs/prj_09047604e591d969/reports 200 in 15ms (next.js: 7ms, proxy.ts: 2ms, application-code: 6ms)
 GET /api/demo/runs/prj_09047604e591d969/reports 200 in 11ms (next.js: 2ms, proxy.ts: 2ms, application-code: 6ms)
 GET /api/demo/runs/prj_09047604e591d969/runpod-status 200 in 21ms (next.js: 9ms, proxy.ts: 1955µs, application-code: 10ms)
 GET /api/demo/runs/prj_09047604e591d969/reports 200 in 18ms (next.js: 7ms, proxy.ts: 3ms, application-code: 8ms)
 GET /api/demo/runs/prj_09047604e591d969/reports 200 in 20ms (next.js: 10ms, proxy.ts: 3ms, application-code: 8ms)
 GET /api/demo/runs/prj_09047604e591d969/runpod-status 200 in 18ms (next.js: 7ms, proxy.ts: 2ms, application-code: 8ms)
 GET /api/demo/runs/prj_09047604e591d969/reports 200 in 17ms (next.js: 6ms, proxy.ts: 2ms, application-code: 8ms)
 GET /api/demo/runs/prj_09047604e591d969/reports 200 in 13ms (next.js: 2ms, proxy.ts: 3ms, application-code: 8ms)
 GET /api/demo/runs/prj_09047604e591d969/runpod-status 200 in 19ms (next.js: 7ms, proxy.ts: 1883µs, application-code: 10ms)
 GET /api/demo/runs/prj_09047604e591d969/reports 200 in 20ms (next.js: 7ms, proxy.ts: 3ms, application-code: 10ms)
 GET /api/demo/runs/prj_09047604e591d969/reports 200 in 13ms (next.js: 2ms, proxy.ts: 1781µs, application-code: 9ms)
 GET /api/demo/runs/prj_09047604e591d969/reports 200 in 16ms (next.js: 8ms, proxy.ts: 2ms, application-code: 6ms)
 GET /api/demo/runs/prj_09047604e591d969/reports 200 in 15ms (next.js: 2ms, proxy.ts: 2ms, application-code: 10ms)
 GET /api/demo/runs/prj_09047604e591d969/runpod-status 200 in 23ms (next.js: 7ms, proxy.ts: 5ms, application-code: 10ms)
 GET /api/demo/runs/prj_09047604e591d969/runpod-status 200 in 19ms (next.js: 8ms, proxy.ts: 2ms, application-code: 9ms)
 GET /api/demo/runs/prj_09047604e591d969/reports 200 in 18ms (next.js: 7ms, proxy.ts: 2ms, application-code: 8ms)
 GET /api/demo/runs/prj_09047604e591d969/reports 200 in 12ms (next.js: 4ms, proxy.ts: 3ms, application-code: 5ms)
 GET /api/demo/runs/prj_09047604e591d969/runpod-status 200 in 20ms (next.js: 8ms, proxy.ts: 3ms, application-code: 9ms)
 GET /api/demo/runs/prj_09047604e591d969/reports 200 in 19ms (next.js: 7ms, proxy.ts: 2ms, application-code: 9ms)
 GET /api/demo/runs/prj_09047604e591d969/reports 200 in 12ms (next.js: 2ms, proxy.ts: 2ms, application-code: 7ms)
 GET /api/demo/runs/prj_09047604e591d969/runpod-status 200 in 17ms (next.js: 7ms, proxy.ts: 1771µs, application-code: 9ms)
 GET /api/demo/runs/prj_09047604e591d969/reports 200 in 19ms (next.js: 8ms, proxy.ts: 3ms, application-code: 8ms)
 GET /api/demo/runs/prj_09047604e591d969/reports 200 in 21ms (next.js: 10ms, proxy.ts: 1809µs, application-code: 9ms)
 GET /api/demo/runs/prj_09047604e591d969/reports 200 in 17ms (next.js: 7ms, proxy.ts: 1713µs, application-code: 8ms)
 GET /api/demo/runs/prj_09047604e591d969/reports 200 in 12ms (next.js: 3ms, proxy.ts: 3ms, application-code: 7ms)
 GET /api/demo/runs/prj_09047604e591d969/runpod-status 200 in 23ms (next.js: 7ms, proxy.ts: 2ms, application-code: 14ms)
 GET /api/demo/runs/prj_09047604e591d969/reports 200 in 17ms (next.js: 8ms, proxy.ts: 2ms, application-code: 7ms)
 GET /api/demo/runs/prj_09047604e591d969/reports 200 in 19ms (next.js: 11ms, proxy.ts: 2ms, application-code: 6ms)
 GET /api/demo/runs/prj_09047604e591d969/runpod-status 200 in 18ms (next.js: 7ms, proxy.ts: 2ms, application-code: 9ms)
 GET /api/demo/runs/prj_09047604e591d969/reports 200 in 17ms (next.js: 7ms, proxy.ts: 2ms, application-code: 8ms)
 GET /api/demo/runs/prj_09047604e591d969/reports 200 in 12ms (next.js: 2ms, proxy.ts: 3ms, application-code: 7ms)
 GET /api/demo/runs/prj_09047604e591d969/runpod-status 200 in 18ms (next.js: 6ms, proxy.ts: 1881µs, application-code: 9ms)
 GET /api/demo/runs/prj_09047604e591d969/reports 200 in 17ms (next.js: 7ms, proxy.ts: 2ms, application-code: 7ms)
 GET /api/demo/runs/prj_09047604e591d969/reports 200 in 13ms (next.js: 4ms, proxy.ts: 2ms, application-code: 6ms)
 GET /api/demo/runs/prj_09047604e591d969/reports 200 in 18ms (next.js: 7ms, proxy.ts: 2ms, application-code: 9ms)
 GET /api/demo/runs/prj_09047604e591d969/reports 200 in 11ms (next.js: 2ms, proxy.ts: 2ms, application-code: 6ms)
 GET /api/demo/runs/prj_09047604e591d969/runpod-status 200 in 20ms (next.js: 7ms, proxy.ts: 1908µs, application-code: 11ms)
 GET /api/demo/runs/prj_09047604e591d969/reports 200 in 17ms (next.js: 7ms, proxy.ts: 2ms, application-code: 7ms)
 GET /api/demo/runs/prj_09047604e591d969/reports 200 in 20ms (next.js: 9ms, proxy.ts: 2ms, application-code: 9ms)
 GET /api/demo/runs/prj_09047604e591d969/runpod-status 200 in 18ms (next.js: 7ms, proxy.ts: 1668µs, application-code: 10ms)
 GET /api/demo/runs/prj_09047604e591d969/reports 200 in 16ms (next.js: 7ms, proxy.ts: 1979µs, application-code: 8ms)
 GET /api/demo/runs/prj_09047604e591d969/reports 200 in 10ms (next.js: 2ms, proxy.ts: 1803µs, application-code: 6ms)
 GET /api/demo/runs/prj_09047604e591d969/runpod-status 200 in 20ms (next.js: 7ms, proxy.ts: 1954µs, application-code: 11ms)
 GET /api/demo/runs/prj_09047604e591d969/reports 200 in 18ms (next.js: 8ms, proxy.ts: 3ms, application-code: 7ms)
 GET /api/demo/runs/prj_09047604e591d969/reports 200 in 20ms (next.js: 11ms, proxy.ts: 2ms, application-code: 7ms)
 GET /api/demo/runs/prj_09047604e591d969/reports 200 in 17ms (next.js: 6ms, proxy.ts: 2ms, application-code: 8ms)
 GET /api/demo/runs/prj_09047604e591d969/reports 200 in 14ms (next.js: 3ms, proxy.ts: 2ms, application-code: 9ms)
 GET /api/demo/runs/prj_09047604e591d969/runpod-status 200 in 20ms (next.js: 7ms, proxy.ts: 2ms, application-code: 11ms)
 GET /api/demo/runs/prj_09047604e591d969/reports 200 in 16ms (next.js: 7ms, proxy.ts: 2ms, application-code: 6ms)
 GET /api/demo/runs/prj_09047604e591d969/reports 200 in 14ms (next.js: 5ms, proxy.ts: 1954µs, application-code: 7ms)
 GET /api/demo/runs/prj_09047604e591d969/runpod-status 200 in 19ms (next.js: 7ms, proxy.ts: 3ms, application-code: 9ms)
 GET /api/demo/runs/prj_09047604e591d969/reports 200 in 17ms (next.js: 7ms, proxy.ts: 1977µs, application-code: 8ms)
 GET /api/demo/runs/prj_09047604e591d969/reports 200 in 16ms (next.js: 3ms, proxy.ts: 3ms, application-code: 10ms)
 GET /api/demo/runs/prj_09047604e591d969/runpod-status 200 in 18ms (next.js: 7ms, proxy.ts: 2ms, application-code: 9ms)
 GET /api/demo/runs/prj_09047604e591d969/reports 200 in 19ms (next.js: 8ms, proxy.ts: 3ms, application-code: 9ms)
 GET /api/demo/runs/prj_09047604e591d969/reports 200 in 22ms (next.js: 11ms, proxy.ts: 2ms, application-code: 9ms)
 GET /api/demo/runs/prj_09047604e591d969/reports 200 in 16ms (next.js: 7ms, proxy.ts: 2ms, application-code: 7ms)
 GET /api/demo/runs/prj_09047604e591d969/reports 200 in 13ms (next.js: 3ms, proxy.ts: 2ms, application-code: 8ms)
 GET /api/demo/runs/prj_09047604e591d969/runpod-status 200 in 20ms (next.js: 6ms, proxy.ts: 1684µs, application-code: 12ms)
 GET /api/demo/runs/prj_09047604e591d969/reports 200 in 19ms (next.js: 9ms, proxy.ts: 2ms, application-code: 8ms)
 GET /api/demo/runs/prj_09047604e591d969/reports 200 in 20ms (next.js: 11ms, proxy.ts: 1941µs, application-code: 7ms)
 GET /api/demo/runs/prj_09047604e591d969/runpod-status 200 in 20ms (next.js: 7ms, proxy.ts: 3ms, application-code: 10ms)
 GET /api/demo/runs/prj_09047604e591d969/reports 200 in 15ms (next.js: 7ms, proxy.ts: 1840µs, application-code: 7ms)
 GET /api/demo/runs/prj_09047604e591d969/reports 200 in 14ms (next.js: 3ms, proxy.ts: 3ms, application-code: 8ms)
 GET /api/demo/runs/prj_09047604e591d969/runpod-status 200 in 20ms (next.js: 7ms, proxy.ts: 2ms, application-code: 11ms)
 GET /api/demo/runs/prj_09047604e591d969/reports 200 in 18ms (next.js: 8ms, proxy.ts: 2ms, application-code: 8ms)
 GET /api/demo/runs/prj_09047604e591d969/reports 200 in 40ms (next.js: 5ms, proxy.ts: 1980µs, application-code: 33ms)
 GET /api/demo/runs/prj_09047604e591d969/reports 200 in 16ms (next.js: 7ms, proxy.ts: 3ms, application-code: 7ms)
 GET /api/demo/runs/prj_09047604e591d969/reports 200 in 12ms (next.js: 3ms, proxy.ts: 1732µs, application-code: 7ms)
 GET /api/demo/runs/prj_09047604e591d969/runpod-status 200 in 18ms (next.js: 6ms, proxy.ts: 2ms, application-code: 9ms)
 GET /api/demo/runs/prj_09047604e591d969/reports 200 in 19ms (next.js: 7ms, proxy.ts: 2ms, application-code: 10ms)
 GET /api/demo/runs/prj_09047604e591d969/reports 200 in 13ms (next.js: 2ms, proxy.ts: 1704µs, application-code: 9ms)
 GET /api/demo/runs/prj_09047604e591d969/runpod-status 200 in 20ms (next.js: 7ms, proxy.ts: 3ms, application-code: 10ms)
 GET /api/demo/runs/prj_09047604e591d969/reports 200 in 15ms (next.js: 7ms, proxy.ts: 1959µs, application-code: 6ms)
 GET /api/demo/runs/prj_09047604e591d969/reports 200 in 12ms (next.js: 3ms, proxy.ts: 2ms, application-code: 7ms)
 GET /api/demo/runs/prj_09047604e591d969/runpod-status 200 in 23ms (next.js: 10ms, proxy.ts: 1835µs, application-code: 11ms)
 GET /api/demo/runs/prj_09047604e591d969/reports 200 in 17ms (next.js: 7ms, proxy.ts: 3ms, application-code: 7ms)
 GET /api/demo/runs/prj_09047604e591d969/reports 200 in 21ms (next.js: 10ms, proxy.ts: 3ms, application-code: 9ms)
 GET /api/demo/runs/prj_09047604e591d969/reports 200 in 16ms (next.js: 6ms, proxy.ts: 1957µs, application-code: 8ms)
 GET /api/demo/runs/prj_09047604e591d969/reports 200 in 13ms (next.js: 3ms, proxy.ts: 2ms, application-code: 8ms)
 GET /api/demo/runs/prj_09047604e591d969/runpod-status 200 in 19ms (next.js: 6ms, proxy.ts: 2ms, application-code: 11ms)
 GET /api/demo/runs/prj_09047604e591d969/runpod-status 200 in 19ms (next.js: 7ms, proxy.ts: 3ms, application-code: 9ms)
 GET /api/demo/runs/prj_09047604e591d969/reports 200 in 19ms (next.js: 6ms, proxy.ts: 1821µs, application-code: 10ms)
 GET /api/demo/runs/prj_09047604e591d969/reports 200 in 11ms (next.js: 2ms, proxy.ts: 2ms, application-code: 7ms)
 GET /api/demo/runs/prj_09047604e591d969/runpod-status 200 in 19ms (next.js: 8ms, proxy.ts: 2ms, application-code: 9ms)
 GET /api/demo/runs/prj_09047604e591d969/reports 200 in 21ms (next.js: 7ms, proxy.ts: 2ms, application-code: 12ms)
 GET /api/demo/runs/prj_09047604e591d969/reports 200 in 12ms (next.js: 3ms, proxy.ts: 2ms, application-code: 7ms)
 GET /api/demo/runs/prj_09047604e591d969/runpod-status 200 in 20ms (next.js: 9ms, proxy.ts: 2ms, application-code: 9ms)
 GET /api/demo/runs/prj_09047604e591d969/reports 200 in 23ms (next.js: 14ms, proxy.ts: 2ms, application-code: 7ms)
 GET /api/demo/runs/prj_09047604e591d969/reports 200 in 25ms (next.js: 16ms, proxy.ts: 2ms, application-code: 7ms)
 GET /api/demo/runs/prj_09047604e591d969/reports 200 in 16ms (next.js: 7ms, proxy.ts: 1888µs, application-code: 8ms)
 GET /api/demo/runs/prj_09047604e591d969/reports 200 in 12ms (next.js: 3ms, proxy.ts: 2ms, application-code: 7ms)
 GET /api/demo/runs/prj_09047604e591d969/runpod-status 200 in 21ms (next.js: 8ms, proxy.ts: 2ms, application-code: 10ms)
 GET /api/demo/runs/prj_09047604e591d969/reports 200 in 16ms (next.js: 7ms, proxy.ts: 2ms, application-code: 7ms)
 GET /api/demo/runs/prj_09047604e591d969/reports 200 in 11ms (next.js: 4ms, proxy.ts: 1943µs, application-code: 6ms)
 GET /api/demo/runs/prj_09047604e591d969/runpod-status 200 in 16ms (next.js: 6ms, proxy.ts: 1715µs, application-code: 8ms)
 GET /api/demo/runs/prj_09047604e591d969/reports 200 in 17ms (next.js: 6ms, proxy.ts: 1986µs, application-code: 9ms)
 GET /api/demo/runs/prj_09047604e591d969/reports 200 in 12ms (next.js: 3ms, proxy.ts: 3ms, application-code: 7ms)
 GET /api/demo/runs/prj_09047604e591d969/runpod-status 200 in 56ms (next.js: 6ms, proxy.ts: 2ms, application-code: 48ms)
 GET /api/demo/runs/prj_09047604e591d969/reports 200 in 18ms (next.js: 7ms, proxy.ts: 3ms, application-code: 9ms)
 GET /api/demo/runs/prj_09047604e591d969/reports 200 in 20ms (next.js: 9ms, proxy.ts: 2ms, application-code: 9ms)
 GET /api/demo/runs/prj_09047604e591d969/reports 200 in 17ms (next.js: 9ms, proxy.ts: 1693µs, application-code: 7ms)
 GET /api/demo/runs/prj_09047604e591d969/reports 200 in 13ms (next.js: 2ms, proxy.ts: 4ms, application-code: 7ms)
 GET /api/demo/runs/prj_09047604e591d969/runpod-status 200 in 21ms (next.js: 6ms, proxy.ts: 2ms, application-code: 13ms)
 GET /api/demo/runs/prj_09047604e591d969/reports 200 in 22ms (next.js: 11ms, proxy.ts: 2ms, application-code: 9ms)
 GET /api/demo/runs/prj_09047604e591d969/reports 200 in 31ms (next.js: 14ms, proxy.ts: 1876µs, application-code: 15ms)
 GET /api/demo/runs/prj_09047604e591d969/runpod-status 200 in 22ms (next.js: 11ms, proxy.ts: 2ms, application-code: 9ms)
 GET /api/demo/runs/prj_09047604e591d969/reports 200 in 16ms (next.js: 7ms, proxy.ts: 3ms, application-code: 7ms)
 GET /api/demo/runs/prj_09047604e591d969/reports 200 in 12ms (next.js: 3ms, proxy.ts: 1989µs, application-code: 7ms)
 GET /api/demo/runs/prj_09047604e591d969/runpod-status 200 in 18ms (next.js: 6ms, proxy.ts: 2ms, application-code: 10ms)
 GET /api/demo/runs/prj_09047604e591d969/reports 200 in 19ms (next.js: 7ms, proxy.ts: 3ms, application-code: 9ms)
 GET /api/demo/runs/prj_09047604e591d969/reports 200 in 21ms (next.js: 10ms, proxy.ts: 3ms, application-code: 8ms)
 GET /api/demo/runs/prj_09047604e591d969/reports 200 in 16ms (next.js: 7ms, proxy.ts: 2ms, application-code: 6ms)
 GET /api/demo/runs/prj_09047604e591d969/reports 200 in 13ms (next.js: 2ms, proxy.ts: 1841µs, application-code: 9ms)
 GET /api/demo/runs/prj_09047604e591d969/runpod-status 200 in 21ms (next.js: 6ms, proxy.ts: 4ms, application-code: 11ms)
 GET /api/demo/runs/prj_09047604e591d969/runpod-status 200 in 35ms (next.js: 8ms, proxy.ts: 3ms, application-code: 25ms)
 GET /api/demo/runs/prj_09047604e591d969/reports 200 in 21ms (next.js: 9ms, proxy.ts: 4ms, application-code: 8ms)
 GET /api/demo/runs/prj_09047604e591d969/reports 200 in 22ms (next.js: 12ms, proxy.ts: 3ms, application-code: 8ms)
 GET /api/demo/runs/prj_09047604e591d969/reports 200 in 16ms (next.js: 7ms, proxy.ts: 2ms, application-code: 7ms)
 GET /api/demo/runs/prj_09047604e591d969/reports 200 in 14ms (next.js: 3ms, proxy.ts: 3ms, application-code: 9ms)
 GET /api/demo/runs/prj_09047604e591d969/runpod-status 200 in 18ms (next.js: 6ms, proxy.ts: 1949µs, application-code: 9ms)
 GET /api/demo/runs/prj_09047604e591d969/reports 200 in 21ms (next.js: 11ms, proxy.ts: 2ms, application-code: 7ms)
 GET /api/demo/runs/prj_09047604e591d969/reports 200 in 22ms (next.js: 12ms, proxy.ts: 3ms, application-code: 7ms)
 GET /api/demo/runs/prj_09047604e591d969/reports 200 in 16ms (next.js: 7ms, proxy.ts: 2ms, application-code: 6ms)
 GET /api/demo/runs/prj_09047604e591d969/reports 200 in 13ms (next.js: 3ms, proxy.ts: 2ms, application-code: 7ms)
 GET /api/demo/runs/prj_09047604e591d969/runpod-status 200 in 18ms (next.js: 7ms, proxy.ts: 2ms, application-code: 9ms)
 GET /api/demo/runs/prj_09047604e591d969/runpod-status 200 in 19ms (next.js: 7ms, proxy.ts: 2ms, application-code: 10ms)
 GET /api/demo/runs/prj_09047604e591d969/reports 200 in 19ms (next.js: 9ms, proxy.ts: 1851µs, application-code: 8ms)
 GET /api/demo/runs/prj_09047604e591d969/reports 200 in 23ms (next.js: 11ms, proxy.ts: 1932µs, application-code: 10ms)
 GET /api/demo/runs/prj_09047604e591d969/reports 200 in 16ms (next.js: 7ms, proxy.ts: 2ms, application-code: 7ms)
 GET /api/demo/runs/prj_09047604e591d969/reports 200 in 12ms (next.js: 3ms, proxy.ts: 2ms, application-code: 7ms)
 GET /api/demo/runs/prj_09047604e591d969/runpod-status 200 in 20ms (next.js: 7ms, proxy.ts: 2ms, application-code: 11ms)
 GET /api/demo/runs/prj_09047604e591d969/reports 200 in 18ms (next.js: 7ms, proxy.ts: 2ms, application-code: 9ms)
 GET /api/demo/runs/prj_09047604e591d969/reports 200 in 20ms (next.js: 10ms, proxy.ts: 2ms, application-code: 8ms)
 GET /api/demo/runs/prj_09047604e591d969/reports 200 in 19ms (next.js: 7ms, proxy.ts: 3ms, application-code: 10ms)
 GET /api/demo/runs/prj_09047604e591d969/reports 200 in 13ms (next.js: 3ms, proxy.ts: 3ms, application-code: 8ms)
 GET /api/demo/runs/prj_09047604e591d969/runpod-status 200 in 18ms (next.js: 7ms, proxy.ts: 2ms, application-code: 8ms)
 GET /api/demo/runs/prj_09047604e591d969/runpod-status 200 in 21ms (next.js: 7ms, proxy.ts: 2ms, application-code: 11ms)
 GET /api/demo/runs/prj_09047604e591d969/reports 200 in 19ms (next.js: 8ms, proxy.ts: 3ms, application-code: 8ms)
 GET /api/demo/runs/prj_09047604e591d969/reports 200 in 22ms (next.js: 11ms, proxy.ts: 2ms, application-code: 9ms)
 GET /api/demo/runs/prj_09047604e591d969/reports 200 in 18ms (next.js: 7ms, proxy.ts: 1991µs, application-code: 9ms)
 GET /api/demo/runs/prj_09047604e591d969/reports 200 in 12ms (next.js: 3ms, proxy.ts: 2ms, application-code: 7ms)
 GET /api/demo/runs/prj_09047604e591d969/runpod-status 200 in 23ms (next.js: 9ms, proxy.ts: 1957µs, application-code: 12ms)
 GET /api/demo/runs/prj_09047604e591d969/reports 200 in 18ms (next.js: 8ms, proxy.ts: 2ms, application-code: 8ms)
 GET /api/demo/runs/prj_09047604e591d969/reports 200 in 21ms (next.js: 10ms, proxy.ts: 3ms, application-code: 8ms)
 GET /api/demo/runs/prj_09047604e591d969/reports 200 in 17ms (next.js: 7ms, proxy.ts: 2ms, application-code: 8ms)
 GET /api/demo/runs/prj_09047604e591d969/reports 200 in 13ms (next.js: 3ms, proxy.ts: 1933µs, application-code: 7ms)
 GET /api/demo/runs/prj_09047604e591d969/runpod-status 200 in 20ms (next.js: 6ms, proxy.ts: 2ms, application-code: 11ms)
 GET /api/demo/runs/prj_09047604e591d969/runpod-status 200 in 20ms (next.js: 8ms, proxy.ts: 3ms, application-code: 9ms)
 GET /api/demo/runs/prj_09047604e591d969/runpod-status 200 in 19ms (next.js: 7ms, proxy.ts: 3ms, application-code: 9ms)
 GET /api/demo/runs/prj_09047604e591d969/reports 200 in 19ms (next.js: 9ms, proxy.ts: 3ms, application-code: 7ms)
 GET /api/demo/runs/prj_09047604e591d969/reports 200 in 22ms (next.js: 10ms, proxy.ts: 2ms, application-code: 9ms)
 GET /api/demo/runs/prj_09047604e591d969/reports 200 in 16ms (next.js: 7ms, proxy.ts: 2ms, application-code: 7ms)
 GET /api/demo/runs/prj_09047604e591d969/reports 200 in 11ms (next.js: 3ms, proxy.ts: 1970µs, application-code: 6ms)
 GET /api/demo/runs/prj_09047604e591d969/runpod-status 200 in 16ms (next.js: 6ms, proxy.ts: 1800µs, application-code: 8ms)
 GET /api/demo/runs/prj_09047604e591d969/reports 200 in 25ms (next.js: 6ms, proxy.ts: 2ms, application-code: 16ms)
 GET /api/demo/runs/prj_09047604e591d969/reports 200 in 12ms (next.js: 3ms, proxy.ts: 2ms, application-code: 8ms)
 GET /api/demo/runs/prj_09047604e591d969/reports 200 in 18ms (next.js: 6ms, proxy.ts: 2ms, application-code: 10ms)
 GET /api/demo/runs/prj_09047604e591d969/reports 200 in 12ms (next.js: 3ms, proxy.ts: 4ms, application-code: 6ms)
 GET /api/demo/runs/prj_09047604e591d969/runpod-status 200 in 19ms (next.js: 6ms, proxy.ts: 2ms, application-code: 11ms)
 GET /api/demo/runs/prj_09047604e591d969/runpod-status 200 in 20ms (next.js: 8ms, proxy.ts: 3ms, application-code: 10ms)
 GET /api/demo/runs/prj_09047604e591d969/reports 200 in 23ms (next.js: 7ms, proxy.ts: 1903µs, application-code: 14ms)
 GET /api/demo/runs/prj_09047604e591d969/reports 200 in 11ms (next.js: 2ms, proxy.ts: 1875µs, application-code: 6ms)
 GET /api/demo/runs/prj_09047604e591d969/reports 200 in 17ms (next.js: 6ms, proxy.ts: 1924µs, application-code: 9ms)
 GET /api/demo/runs/prj_09047604e591d969/reports 200 in 13ms (next.js: 3ms, proxy.ts: 3ms, application-code: 6ms)
 GET /api/demo/runs/prj_09047604e591d969/runpod-status 200 in 21ms (next.js: 6ms, proxy.ts: 4ms, application-code: 11ms)
 GET /api/demo/runs/prj_09047604e591d969/reports 200 in 19ms (next.js: 7ms, proxy.ts: 1948µs, application-code: 11ms)
 GET /api/demo/runs/prj_09047604e591d969/reports 200 in 11ms (next.js: 3ms, proxy.ts: 2ms, application-code: 6ms)
 GET /api/demo/runs/prj_09047604e591d969/reports 200 in 16ms (next.js: 6ms, proxy.ts: 2ms, application-code: 8ms)
 GET /api/demo/runs/prj_09047604e591d969/reports 200 in 12ms (next.js: 2ms, proxy.ts: 2ms, application-code: 8ms)
 GET /api/demo/runs/prj_09047604e591d969/runpod-status 200 in 22ms (next.js: 8ms, proxy.ts: 5ms, application-code: 9ms)
 GET /api/demo/runs/prj_09047604e591d969/runpod-status 200 in 18ms (next.js: 6ms, proxy.ts: 1808µs, application-code: 10ms)
 GET /api/demo/runs/prj_09047604e591d969/reports 200 in 18ms (next.js: 6ms, proxy.ts: 1643µs, application-code: 10ms)
 GET /api/demo/runs/prj_09047604e591d969/reports 200 in 11ms (next.js: 2ms, proxy.ts: 1680µs, application-code: 7ms)
 GET /api/demo/runs/prj_09047604e591d969/reports 200 in 18ms (next.js: 6ms, proxy.ts: 1808µs, application-code: 9ms)
 GET /api/demo/runs/prj_09047604e591d969/reports 200 in 10ms (next.js: 2ms, proxy.ts: 1814µs, application-code: 6ms)
 GET /api/demo/runs/prj_09047604e591d969/runpod-status 200 in 21ms (next.js: 7ms, proxy.ts: 1857µs, application-code: 12ms)
 GET /api/demo/runs/prj_09047604e591d969/reports 200 in 18ms (next.js: 8ms, proxy.ts: 2ms, application-code: 8ms)
 GET /api/demo/runs/prj_09047604e591d969/reports 200 in 18ms (next.js: 10ms, proxy.ts: 2ms, application-code: 6ms)
 GET /api/demo/runs/prj_09047604e591d969/reports 200 in 22ms (next.js: 9ms, proxy.ts: 2ms, application-code: 11ms)
 GET /api/demo/runs/prj_09047604e591d969/reports 200 in 12ms (next.js: 3ms, proxy.ts: 1795µs, application-code: 7ms)
 GET /api/demo/runs/prj_09047604e591d969/runpod-status 200 in 19ms (next.js: 6ms, proxy.ts: 1882µs, application-code: 11ms)
 GET /api/demo/runs/prj_09047604e591d969/runpod-status 200 in 19ms (next.js: 6ms, proxy.ts: 1932µs, application-code: 11ms)
 GET /api/demo/runs/prj_09047604e591d969/reports 200 in 19ms (next.js: 8ms, proxy.ts: 3ms, application-code: 8ms)
 GET /api/demo/runs/prj_09047604e591d969/reports 200 in 23ms (next.js: 12ms, proxy.ts: 2ms, application-code: 9ms)
 GET /api/demo/runs/prj_09047604e591d969/reports 200 in 20ms (next.js: 8ms, proxy.ts: 1875µs, application-code: 10ms)
 GET /api/demo/runs/prj_09047604e591d969/reports 200 in 14ms (next.js: 4ms, proxy.ts: 3ms, application-code: 8ms)
 GET /api/demo/runs/prj_09047604e591d969/runpod-status 200 in 18ms (next.js: 7ms, proxy.ts: 2ms, application-code: 9ms)
 GET /api/demo/runs/prj_09047604e591d969/reports 200 in 16ms (next.js: 7ms, proxy.ts: 2ms, application-code: 7ms)
 GET /api/demo/runs/prj_09047604e591d969/reports 200 in 13ms (next.js: 4ms, proxy.ts: 2ms, application-code: 7ms)
 GET /api/demo/runs/prj_09047604e591d969/reports 200 in 19ms (next.js: 8ms, proxy.ts: 1940µs, application-code: 9ms)
 GET /api/demo/runs/prj_09047604e591d969/reports 200 in 12ms (next.js: 3ms, proxy.ts: 2ms, application-code: 7ms)
 GET /api/demo/runs/prj_09047604e591d969/runpod-status 200 in 19ms (next.js: 7ms, proxy.ts: 2ms, application-code: 10ms)
 GET /api/demo/runs/prj_09047604e591d969/runpod-status 200 in 18ms (next.js: 6ms, proxy.ts: 2ms, application-code: 10ms)
 GET /api/demo/runs/prj_09047604e591d969/reports 200 in 18ms (next.js: 9ms, proxy.ts: 1878µs, application-code: 8ms)
 GET /api/demo/runs/prj_09047604e591d969/reports 200 in 20ms (next.js: 10ms, proxy.ts: 1736µs, application-code: 9ms)
 GET /api/demo/runs/prj_09047604e591d969/reports 200 in 17ms (next.js: 8ms, proxy.ts: 2ms, application-code: 7ms)
 GET /api/demo/runs/prj_09047604e591d969/reports 200 in 14ms (next.js: 3ms, proxy.ts: 3ms, application-code: 7ms)
 GET /api/demo/runs/prj_09047604e591d969/runpod-status 200 in 18ms (next.js: 7ms, proxy.ts: 2ms, application-code: 9ms)
 GET /api/demo/runs/prj_09047604e591d969/reports 200 in 20ms (next.js: 7ms, proxy.ts: 2ms, application-code: 11ms)
 GET /api/demo/runs/prj_09047604e591d969/reports 200 in 13ms (next.js: 2ms, proxy.ts: 2ms, application-code: 9ms)
 GET /api/demo/runs/prj_09047604e591d969/reports 200 in 16ms (next.js: 7ms, proxy.ts: 3ms, application-code: 6ms)
 GET /api/demo/runs/prj_09047604e591d969/reports 200 in 13ms (next.js: 2ms, proxy.ts: 1890µs, application-code: 8ms)
 GET /api/demo/runs/prj_09047604e591d969/runpod-status 200 in 21ms (next.js: 10ms, proxy.ts: 2ms, application-code: 9ms)
 GET /api/demo/runs/prj_09047604e591d969/runpod-status 200 in 18ms (next.js: 6ms, proxy.ts: 2ms, application-code: 9ms)
 GET /api/demo/runs/prj_09047604e591d969/reports 200 in 18ms (next.js: 8ms, proxy.ts: 2ms, application-code: 8ms)
 GET /api/demo/runs/prj_09047604e591d969/reports 200 in 27ms (next.js: 5ms, proxy.ts: 2ms, application-code: 19ms)
 GET /api/demo/runs/prj_09047604e591d969/reports 200 in 19ms (next.js: 8ms, proxy.ts: 2ms, application-code: 10ms)
 GET /api/demo/runs/prj_09047604e591d969/reports 200 in 14ms (next.js: 3ms, proxy.ts: 2ms, application-code: 9ms)
 GET /api/demo/runs/prj_09047604e591d969/runpod-status 200 in 20ms (next.js: 7ms, proxy.ts: 2ms, application-code: 11ms)
 GET /api/demo/runs/prj_09047604e591d969/reports 200 in 23ms (next.js: 11ms, proxy.ts: 3ms, application-code: 9ms)
 GET /api/demo/runs/prj_09047604e591d969/reports 200 in 25ms (next.js: 11ms, proxy.ts: 3ms, application-code: 11ms)
 GET /api/demo/runs/prj_09047604e591d969/reports 200 in 20ms (next.js: 7ms, proxy.ts: 2ms, application-code: 11ms)
 GET /api/demo/runs/prj_09047604e591d969/reports 200 in 14ms (next.js: 3ms, proxy.ts: 2ms, application-code: 9ms)
 GET /api/demo/runs/prj_09047604e591d969/runpod-status 200 in 20ms (next.js: 7ms, proxy.ts: 2ms, application-code: 11ms)
 GET /api/demo/runs/prj_09047604e591d969/runpod-status 200 in 23ms (next.js: 8ms, proxy.ts: 2ms, application-code: 12ms)
 GET /api/demo/runs/prj_09047604e591d969/runpod-status 200 in 20ms (next.js: 7ms, proxy.ts: 2ms, application-code: 10ms)
 GET /api/demo/runs/prj_09047604e591d969/reports 200 in 20ms (next.js: 10ms, proxy.ts: 1861µs, application-code: 8ms)
 GET /api/demo/runs/prj_09047604e591d969/reports 200 in 20ms (next.js: 11ms, proxy.ts: 2ms, application-code: 7ms)
 GET /api/demo/runs/prj_09047604e591d969/reports 200 in 19ms (next.js: 8ms, proxy.ts: 2ms, application-code: 8ms)
 GET /api/demo/runs/prj_09047604e591d969/reports 200 in 13ms (next.js: 3ms, proxy.ts: 2ms, application-code: 7ms)
 GET /api/demo/runs/prj_09047604e591d969/runpod-status 200 in 17ms (next.js: 7ms, proxy.ts: 1969µs, application-code: 9ms)
 GET /api/demo/runs/prj_09047604e591d969/reports 200 in 19ms (next.js: 8ms, proxy.ts: 2ms, application-code: 9ms)
 GET /api/demo/runs/prj_09047604e591d969/reports 200 in 23ms (next.js: 5ms, proxy.ts: 13ms, application-code: 6ms)
 GET /api/demo/runs/prj_09047604e591d969/reports 200 in 16ms (next.js: 7ms, proxy.ts: 1944µs, application-code: 7ms)
 GET /api/demo/runs/prj_09047604e591d969/reports 200 in 13ms (next.js: 2ms, proxy.ts: 2ms, application-code: 8ms)
 GET /api/demo/runs/prj_09047604e591d969/runpod-status 200 in 19ms (next.js: 6ms, proxy.ts: 1773µs, application-code: 11ms)
 GET /api/demo/runs/prj_09047604e591d969/runpod-status 200 in 20ms (next.js: 8ms, proxy.ts: 3ms, application-code: 10ms)
 GET /api/demo/runs/prj_09047604e591d969/reports 200 in 15ms (next.js: 7ms, proxy.ts: 2ms, application-code: 6ms)
 GET /api/demo/runs/prj_09047604e591d969/reports 200 in 12ms (next.js: 4ms, proxy.ts: 2ms, application-code: 5ms)
 GET /api/demo/runs/prj_09047604e591d969/reports 200 in 19ms (next.js: 7ms, proxy.ts: 3ms, application-code: 9ms)
 GET /api/demo/runs/prj_09047604e591d969/reports 200 in 11ms (next.js: 3ms, proxy.ts: 2ms, application-code: 6ms)
 GET /api/demo/runs/prj_09047604e591d969/runpod-status 200 in 19ms (next.js: 8ms, proxy.ts: 2ms, application-code: 9ms)
 GET /api/demo/runs/prj_09047604e591d969/reports 200 in 19ms (next.js: 7ms, proxy.ts: 1808µs, application-code: 11ms)
 GET /api/demo/runs/prj_09047604e591d969/reports 200 in 13ms (next.js: 2ms, proxy.ts: 1998µs, application-code: 9ms)
 GET /api/demo/runs/prj_09047604e591d969/reports 200 in 18ms (next.js: 7ms, proxy.ts: 1885µs, application-code: 9ms)
 GET /api/demo/runs/prj_09047604e591d969/reports 200 in 15ms (next.js: 3ms, proxy.ts: 5ms, application-code: 7ms)
 GET /api/demo/runs/prj_09047604e591d969/runpod-status 200 in 18ms (next.js: 6ms, proxy.ts: 2ms, application-code: 10ms)
 GET /api/demo/runs/prj_09047604e591d969/runpod-status 200 in 19ms (next.js: 7ms, proxy.ts: 2ms, application-code: 10ms)
 GET /api/demo/runs/prj_09047604e591d969/reports 200 in 20ms (next.js: 7ms, proxy.ts: 2ms, application-code: 11ms)
 GET /api/demo/runs/prj_09047604e591d969/reports 200 in 13ms (next.js: 1946µs, proxy.ts: 1713µs, application-code: 10ms)
 GET /api/demo/runs/prj_09047604e591d969/reports 200 in 19ms (next.js: 7ms, proxy.ts: 3ms, application-code: 9ms)
 GET /api/demo/runs/prj_09047604e591d969/reports 200 in 13ms (next.js: 3ms, proxy.ts: 1686µs, application-code: 8ms)
 GET /api/demo/runs/prj_09047604e591d969/runpod-status 200 in 19ms (next.js: 6ms, proxy.ts: 1813µs, application-code: 11ms)
 GET /api/demo/runs/prj_09047604e591d969/reports 200 in 22ms (next.js: 10ms, proxy.ts: 2ms, application-code: 10ms)
 GET /api/demo/runs/prj_09047604e591d969/reports 200 in 24ms (next.js: 11ms, proxy.ts: 3ms, application-code: 11ms)
 GET /api/demo/runs/prj_09047604e591d969/reports 200 in 15ms (next.js: 6ms, proxy.ts: 1961µs, application-code: 7ms)
 GET /api/demo/runs/prj_09047604e591d969/reports 200 in 14ms (next.js: 3ms, proxy.ts: 3ms, application-code: 8ms)
 GET /api/demo/runs/prj_09047604e591d969/runpod-status 200 in 20ms (next.js: 6ms, proxy.ts: 1907µs, application-code: 12ms)
 GET /api/demo/runs/prj_09047604e591d969/runpod-status 200 in 20ms (next.js: 6ms, proxy.ts: 3ms, application-code: 11ms)
 GET /api/demo/runs/prj_09047604e591d969/reports 200 in 18ms (next.js: 8ms, proxy.ts: 3ms, application-code: 7ms)
 GET /api/demo/runs/prj_09047604e591d969/reports 200 in 21ms (next.js: 11ms, proxy.ts: 3ms, application-code: 7ms)
 GET /api/demo/runs/prj_09047604e591d969/reports 200 in 17ms (next.js: 6ms, proxy.ts: 2ms, application-code: 8ms)
 GET /api/demo/runs/prj_09047604e591d969/reports 200 in 13ms (next.js: 3ms, proxy.ts: 2ms, application-code: 8ms)
 GET /api/demo/runs/prj_09047604e591d969/runpod-status 200 in 18ms (next.js: 7ms, proxy.ts: 1876µs, application-code: 10ms)
 GET /api/demo/runs/prj_09047604e591d969/reports 200 in 21ms (next.js: 10ms, proxy.ts: 3ms, application-code: 9ms)
 GET /api/demo/runs/prj_09047604e591d969/reports 200 in 22ms (next.js: 12ms, proxy.ts: 2ms, application-code: 8ms)
 GET /api/demo/runs/prj_09047604e591d969/reports 200 in 17ms (next.js: 7ms, proxy.ts: 3ms, application-code: 6ms)
 GET /api/demo/runs/prj_09047604e591d969/reports 200 in 13ms (next.js: 2ms, proxy.ts: 3ms, application-code: 8ms)
 GET /api/demo/runs/prj_09047604e591d969/runpod-status 200 in 19ms (next.js: 7ms, proxy.ts: 2ms, application-code: 10ms)
 GET /api/demo/runs/prj_09047604e591d969/runpod-status 200 in 21ms (next.js: 7ms, proxy.ts: 3ms, application-code: 11ms)
 GET /api/demo/runs/prj_09047604e591d969/reports 200 in 20ms (next.js: 8ms, proxy.ts: 3ms, application-code: 8ms)
 GET /api/demo/runs/prj_09047604e591d969/reports 200 in 24ms (next.js: 11ms, proxy.ts: 4ms, application-code: 9ms)
 GET /api/demo/runs/prj_09047604e591d969/reports 200 in 18ms (next.js: 7ms, proxy.ts: 2ms, application-code: 8ms)
 GET /api/demo/runs/prj_09047604e591d969/reports 200 in 13ms (next.js: 2ms, proxy.ts: 1828µs, application-code: 8ms)
 GET /api/demo/runs/prj_09047604e591d969/runpod-status 200 in 19ms (next.js: 7ms, proxy.ts: 2ms, application-code: 10ms)
 GET /api/demo/runs/prj_09047604e591d969/reports 200 in 23ms (next.js: 12ms, proxy.ts: 4ms, application-code: 8ms)
 GET /api/demo/runs/prj_09047604e591d969/reports 200 in 26ms (next.js: 14ms, proxy.ts: 4ms, application-code: 8ms)
 GET /api/demo/runs/prj_09047604e591d969/reports 200 in 16ms (next.js: 6ms, proxy.ts: 2ms, application-code: 8ms)
 GET /api/demo/runs/prj_09047604e591d969/reports 200 in 16ms (next.js: 5ms, proxy.ts: 3ms, application-code: 8ms)
 GET /api/demo/runs/prj_09047604e591d969/runpod-status 200 in 17ms (next.js: 6ms, proxy.ts: 2ms, application-code: 9ms)
 GET /api/demo/runs/prj_09047604e591d969/runpod-status 200 in 19ms (next.js: 6ms, proxy.ts: 3ms, application-code: 10ms)
 GET /api/demo/runs/prj_09047604e591d969/reports 200 in 20ms (next.js: 9ms, proxy.ts: 2ms, application-code: 9ms)
 GET /api/demo/runs/prj_09047604e591d969/reports 200 in 22ms (next.js: 10ms, proxy.ts: 2ms, application-code: 9ms)
 GET /api/demo/runs/prj_09047604e591d969/reports 200 in 14ms (next.js: 6ms, proxy.ts: 1835µs, application-code: 6ms)
 GET /api/demo/runs/prj_09047604e591d969/reports 200 in 13ms (next.js: 3ms, proxy.ts: 3ms, application-code: 7ms)
 GET /api/demo/runs/prj_09047604e591d969/runpod-status 200 in 22ms (next.js: 8ms, proxy.ts: 4ms, application-code: 10ms)
 GET /api/demo/runs/prj_09047604e591d969/reports 200 in 19ms (next.js: 9ms, proxy.ts: 1932µs, application-code: 9ms)
 GET /api/demo/runs/prj_09047604e591d969/reports 200 in 20ms (next.js: 10ms, proxy.ts: 1860µs, application-code: 8ms)
 GET /api/demo/runs/prj_09047604e591d969/reports 200 in 18ms (next.js: 6ms, proxy.ts: 3ms, application-code: 9ms)
 GET /api/demo/runs/prj_09047604e591d969/reports 200 in 10ms (next.js: 3ms, proxy.ts: 1930µs, application-code: 6ms)
 GET /api/demo/runs/prj_09047604e591d969/runpod-status 200 in 19ms (next.js: 6ms, proxy.ts: 2ms, application-code: 10ms)
 GET /api/demo/runs/prj_09047604e591d969/runpod-status 200 in 22ms (next.js: 9ms, proxy.ts: 3ms, application-code: 11ms)
 GET /api/demo/runs/prj_09047604e591d969/runpod-status 200 in 19ms (next.js: 7ms, proxy.ts: 2ms, application-code: 10ms)
 GET /api/demo/runs/prj_09047604e591d969/reports 200 in 21ms (next.js: 9ms, proxy.ts: 4ms, application-code: 8ms)
 GET /api/demo/runs/prj_09047604e591d969/reports 200 in 22ms (next.js: 10ms, proxy.ts: 3ms, application-code: 8ms)
 GET /api/demo/runs/prj_09047604e591d969/reports 200 in 18ms (next.js: 7ms, proxy.ts: 1783µs, application-code: 9ms)
 GET /api/demo/runs/prj_09047604e591d969/reports 200 in 10ms (next.js: 2ms, proxy.ts: 1997µs, application-code: 6ms)
 GET /api/demo/runs/prj_09047604e591d969/runpod-status 200 in 18ms (next.js: 7ms, proxy.ts: 2ms, application-code: 9ms)
 GET /api/demo/runs/prj_09047604e591d969/reports 200 in 19ms (next.js: 9ms, proxy.ts: 2ms, application-code: 9ms)
 GET /api/demo/runs/prj_09047604e591d969/reports 200 in 22ms (next.js: 11ms, proxy.ts: 2ms, application-code: 9ms)
 GET /api/demo/runs/prj_09047604e591d969/reports 200 in 15ms (next.js: 7ms, proxy.ts: 2ms, application-code: 7ms)
 GET /api/demo/runs/prj_09047604e591d969/reports 200 in 14ms (next.js: 3ms, proxy.ts: 2ms, application-code: 9ms)
 GET /api/demo/runs/prj_09047604e591d969/runpod-status 200 in 22ms (next.js: 7ms, proxy.ts: 3ms, application-code: 12ms)
 GET /api/demo/runs/prj_09047604e591d969/runpod-status 200 in 21ms (next.js: 8ms, proxy.ts: 1987µs, application-code: 10ms)
 GET /api/demo/runs/prj_09047604e591d969/reports 200 in 20ms (next.js: 7ms, proxy.ts: 2ms, application-code: 10ms)
 GET /api/demo/runs/prj_09047604e591d969/reports 200 in 12ms (next.js: 2ms, proxy.ts: 2ms, application-code: 8ms)
 GET /api/demo/runs/prj_09047604e591d969/reports 200 in 19ms (next.js: 7ms, proxy.ts: 2ms, application-code: 10ms)
 GET /api/demo/runs/prj_09047604e591d969/reports 200 in 14ms (next.js: 3ms, proxy.ts: 3ms, application-code: 8ms)
 GET /api/demo/runs/prj_09047604e591d969/runpod-status 200 in 19ms (next.js: 7ms, proxy.ts: 1767µs, application-code: 10ms)
 GET /api/demo/runs/prj_09047604e591d969/reports 200 in 22ms (next.js: 10ms, proxy.ts: 3ms, application-code: 10ms)
 GET /api/demo/runs/prj_09047604e591d969/reports 200 in 22ms (next.js: 2ms, proxy.ts: 10ms, application-code: 9ms)
 GET /api/demo/runs/prj_09047604e591d969/reports 200 in 17ms (next.js: 7ms, proxy.ts: 1663µs, application-code: 9ms)
 GET /api/demo/runs/prj_09047604e591d969/reports 200 in 15ms (next.js: 3ms, proxy.ts: 2ms, application-code: 10ms)
 GET /api/demo/runs/prj_09047604e591d969/runpod-status 200 in 60ms (next.js: 9ms, proxy.ts: 2ms, application-code: 49ms)
 GET /api/demo/runs/prj_09047604e591d969/runpod-status 200 in 17ms (next.js: 7ms, proxy.ts: 2ms, application-code: 8ms)
 GET /api/demo/runs/prj_09047604e591d969/reports 200 in 18ms (next.js: 7ms, proxy.ts: 3ms, application-code: 9ms)
 GET /api/demo/runs/prj_09047604e591d969/reports 200 in 17ms (next.js: 6ms, proxy.ts: 3ms, application-code: 8ms)
 GET /api/demo/runs/prj_09047604e591d969/reports 200 in 15ms (next.js: 6ms, proxy.ts: 1753µs, application-code: 7ms)
 GET /api/demo/runs/prj_09047604e591d969/reports 200 in 14ms (next.js: 3ms, proxy.ts: 2ms, application-code: 8ms)
 GET /api/demo/runs/prj_09047604e591d969/runpod-status 200 in 19ms (next.js: 9ms, proxy.ts: 1871µs, application-code: 8ms)
 GET /api/demo/runs/prj_09047604e591d969/reports 200 in 19ms (next.js: 7ms, proxy.ts: 3ms, application-code: 8ms)
 GET /api/demo/runs/prj_09047604e591d969/reports 200 in 20ms (next.js: 9ms, proxy.ts: 2ms, application-code: 8ms)
 GET /api/demo/runs/prj_09047604e591d969/reports 200 in 17ms (next.js: 7ms, proxy.ts: 1938µs, application-code: 8ms)
 GET /api/demo/runs/prj_09047604e591d969/reports 200 in 11ms (next.js: 3ms, proxy.ts: 2ms, application-code: 6ms)
 GET /api/demo/runs/prj_09047604e591d969/runpod-status 200 in 18ms (next.js: 7ms, proxy.ts: 2ms, application-code: 9ms)
 GET /api/demo/runs/prj_09047604e591d969/runpod-status 200 in 20ms (next.js: 6ms, proxy.ts: 3ms, application-code: 10ms)
 GET /api/demo/runs/prj_09047604e591d969/reports 200 in 20ms (next.js: 9ms, proxy.ts: 2ms, application-code: 9ms)
 GET /api/demo/runs/prj_09047604e591d969/reports 200 in 22ms (next.js: 11ms, proxy.ts: 1836µs, application-code: 9ms)
 GET /api/demo/runs/prj_09047604e591d969/reports 200 in 18ms (next.js: 7ms, proxy.ts: 1804µs, application-code: 9ms)
 GET /api/demo/runs/prj_09047604e591d969/reports 200 in 11ms (next.js: 2ms, proxy.ts: 2ms, application-code: 6ms)
 GET /api/demo/runs/prj_09047604e591d969/runpod-status 200 in 19ms (next.js: 7ms, proxy.ts: 3ms, application-code: 9ms)
 GET /api/demo/runs/prj_09047604e591d969/reports 200 in 19ms (next.js: 6ms, proxy.ts: 2ms, application-code: 11ms)
 GET /api/demo/runs/prj_09047604e591d969/reports 200 in 13ms (next.js: 2ms, proxy.ts: 2ms, application-code: 9ms)
 GET /api/demo/runs/prj_09047604e591d969/reports 200 in 18ms (next.js: 9ms, proxy.ts: 2ms, application-code: 6ms)
 GET /api/demo/runs/prj_09047604e591d969/reports 200 in 20ms (next.js: 3ms, proxy.ts: 3ms, application-code: 14ms)
 GET /api/demo/runs/prj_09047604e591d969/runpod-status 200 in 18ms (next.js: 7ms, proxy.ts: 2ms, application-code: 9ms)
 GET /api/demo/runs/prj_09047604e591d969/runpod-status 200 in 19ms (next.js: 7ms, proxy.ts: 3ms, application-code: 9ms)
 GET /api/demo/runs/prj_09047604e591d969/reports 200 in 19ms (next.js: 8ms, proxy.ts: 2ms, application-code: 9ms)
 GET /api/demo/runs/prj_09047604e591d969/reports 200 in 15ms (next.js: 5ms, proxy.ts: 3ms, application-code: 8ms)
 GET /api/demo/runs/prj_09047604e591d969/reports 200 in 17ms (next.js: 8ms, proxy.ts: 3ms, application-code: 6ms)
 GET /api/demo/runs/prj_09047604e591d969/reports 200 in 13ms (next.js: 3ms, proxy.ts: 1771µs, application-code: 8ms)
 GET /api/demo/runs/prj_09047604e591d969/runpod-status 200 in 19ms (next.js: 6ms, proxy.ts: 3ms, application-code: 10ms)
 GET /api/demo/runs/prj_09047604e591d969/reports 200 in 16ms (next.js: 7ms, proxy.ts: 2ms, application-code: 7ms)
 GET /api/demo/runs/prj_09047604e591d969/reports 200 in 12ms (next.js: 4ms, proxy.ts: 2ms, application-code: 6ms)
 GET /api/demo/runs/prj_09047604e591d969/reports 200 in 15ms (next.js: 7ms, proxy.ts: 1813µs, application-code: 6ms)
 GET /api/demo/runs/prj_09047604e591d969/reports 200 in 15ms (next.js: 4ms, proxy.ts: 3ms, application-code: 8ms)
 GET /api/demo/runs/prj_09047604e591d969/runpod-status 200 in 19ms (next.js: 6ms, proxy.ts: 1977µs, application-code: 11ms)
 GET /api/demo/runs/prj_09047604e591d969/runpod-status 200 in 17ms (next.js: 6ms, proxy.ts: 1985µs, application-code: 9ms)
 GET /api/demo/runs/prj_09047604e591d969/reports 200 in 30ms (next.js: 12ms, proxy.ts: 3ms, application-code: 15ms)
 GET /api/demo/runs/prj_09047604e591d969/reports 200 in 30ms (next.js: 4ms, proxy.ts: 14ms, application-code: 12ms)
 GET /api/demo/runs/prj_09047604e591d969/reports 200 in 20ms (next.js: 7ms, proxy.ts: 2ms, application-code: 10ms)
 GET /api/demo/runs/prj_09047604e591d969/reports 200 in 10ms (next.js: 3ms, proxy.ts: 1800µs, application-code: 6ms)
 GET /api/demo/runs/prj_09047604e591d969/runpod-status 200 in 19ms (next.js: 7ms, proxy.ts: 3ms, application-code: 10ms)
 GET /api/demo/runs/prj_09047604e591d969/reports 200 in 22ms (next.js: 11ms, proxy.ts: 3ms, application-code: 9ms)
 GET /api/demo/runs/prj_09047604e591d969/reports 200 in 24ms (next.js: 13ms, proxy.ts: 2ms, application-code: 8ms)
 GET /api/demo/runs/prj_09047604e591d969/reports 200 in 17ms (next.js: 6ms, proxy.ts: 2ms, application-code: 8ms)
 GET /api/demo/runs/prj_09047604e591d969/reports 200 in 13ms (next.js: 3ms, proxy.ts: 1892µs, application-code: 8ms)
 GET /api/demo/runs/prj_09047604e591d969/runpod-status 200 in 28ms (next.js: 11ms, proxy.ts: 4ms, application-code: 14ms)
 GET /api/demo/runs/prj_09047604e591d969/runpod-status 200 in 31ms (next.js: 14ms, proxy.ts: 4ms, application-code: 13ms)
 GET /api/demo/runs/prj_09047604e591d969/runpod-status 200 in 21ms (next.js: 6ms, proxy.ts: 4ms, application-code: 10ms)
 GET /api/demo/runs/prj_09047604e591d969/reports 200 in 28ms (next.js: 12ms, proxy.ts: 5ms, application-code: 10ms)
 GET /api/demo/runs/prj_09047604e591d969/reports 200 in 31ms (next.js: 17ms, proxy.ts: 5ms, application-code: 9ms)
 GET /api/demo/runs/prj_09047604e591d969/reports 200 in 15ms (next.js: 7ms, proxy.ts: 2ms, application-code: 7ms)
 GET /api/demo/runs/prj_09047604e591d969/reports 200 in 12ms (next.js: 3ms, proxy.ts: 2ms, application-code: 7ms)
 GET /api/demo/runs/prj_09047604e591d969/runpod-status 200 in 16ms (next.js: 6ms, proxy.ts: 1706µs, application-code: 9ms)
 GET /api/demo/runs/prj_09047604e591d969/reports 200 in 19ms (next.js: 6ms, proxy.ts: 1904µs, application-code: 11ms)
 GET /api/demo/runs/prj_09047604e591d969/reports 200 in 12ms (next.js: 2ms, proxy.ts: 2ms, application-code: 8ms)
 GET /api/demo/runs/prj_09047604e591d969/reports 200 in 19ms (next.js: 9ms, proxy.ts: 1767µs, application-code: 9ms)
 GET /api/demo/runs/prj_09047604e591d969/reports 200 in 10ms (next.js: 2ms, proxy.ts: 2ms, application-code: 6ms)
 GET /api/demo/runs/prj_09047604e591d969/runpod-status 200 in 17ms (next.js: 7ms, proxy.ts: 2ms, application-code: 8ms)
 GET /api/demo/runs/prj_09047604e591d969/runpod-status 200 in 23ms (next.js: 11ms, proxy.ts: 1945µs, application-code: 10ms)
 GET /api/demo/runs/prj_09047604e591d969/reports 200 in 18ms (next.js: 7ms, proxy.ts: 3ms, application-code: 7ms)
 GET /api/demo/runs/prj_09047604e591d969/reports 200 in 22ms (next.js: 10ms, proxy.ts: 2ms, application-code: 10ms)
 GET /api/demo/runs/prj_09047604e591d969/reports 200 in 18ms (next.js: 8ms, proxy.ts: 1684µs, application-code: 8ms)
 GET /api/demo/runs/prj_09047604e591d969/reports 200 in 10ms (next.js: 2ms, proxy.ts: 1769µs, application-code: 6ms)
 GET /api/demo/runs/prj_09047604e591d969/runpod-status 200 in 19ms (next.js: 7ms, proxy.ts: 2ms, application-code: 10ms)
 GET /api/demo/runs/prj_09047604e591d969/reports 200 in 16ms (next.js: 6ms, proxy.ts: 2ms, application-code: 7ms)
 GET /api/demo/runs/prj_09047604e591d969/reports 200 in 11ms (next.js: 4ms, proxy.ts: 1806µs, application-code: 5ms)
 GET /api/demo/runs/prj_09047604e591d969/reports 200 in 16ms (next.js: 7ms, proxy.ts: 3ms, application-code: 6ms)
 GET /api/demo/runs/prj_09047604e591d969/reports 200 in 12ms (next.js: 3ms, proxy.ts: 2ms, application-code: 7ms)
 GET /api/demo/runs/prj_09047604e591d969/runpod-status 200 in 17ms (next.js: 7ms, proxy.ts: 1937µs, application-code: 8ms)
 GET /api/demo/runs/prj_09047604e591d969/runpod-status 200 in 21ms (next.js: 7ms, proxy.ts: 3ms, application-code: 11ms)
 GET /api/demo/runs/prj_09047604e591d969/reports 200 in 21ms (next.js: 9ms, proxy.ts: 3ms, application-code: 9ms)
 GET /api/demo/runs/prj_09047604e591d969/reports 200 in 22ms (next.js: 11ms, proxy.ts: 3ms, application-code: 9ms)
 GET /api/demo/runs/prj_09047604e591d969/reports 200 in 17ms (next.js: 8ms, proxy.ts: 2ms, application-code: 7ms)
 GET /api/demo/runs/prj_09047604e591d969/reports 200 in 12ms (next.js: 4ms, proxy.ts: 2ms, application-code: 6ms)
 GET /api/demo/runs/prj_09047604e591d969/runpod-status 200 in 19ms (next.js: 7ms, proxy.ts: 2ms, application-code: 10ms)
 GET /api/demo/runs/prj_09047604e591d969/reports 200 in 19ms (next.js: 7ms, proxy.ts: 1849µs, application-code: 11ms)
 GET /api/demo/runs/prj_09047604e591d969/reports 200 in 13ms (next.js: 2ms, proxy.ts: 2ms, application-code: 9ms)
 GET /api/demo/runs/prj_09047604e591d969/reports 200 in 15ms (next.js: 7ms, proxy.ts: 1819µs, application-code: 7ms)
 GET /api/demo/runs/prj_09047604e591d969/reports 200 in 10ms (next.js: 2ms, proxy.ts: 2ms, application-code: 6ms)
 GET /api/demo/runs/prj_09047604e591d969/runpod-status 200 in 17ms (next.js: 6ms, proxy.ts: 2ms, application-code: 9ms)
 GET /api/demo/runs/prj_09047604e591d969/reports 200 in 22ms (next.js: 7ms, proxy.ts: 2ms, application-code: 12ms)
 GET /api/demo/runs/prj_09047604e591d969/reports 200 in 15ms (next.js: 3ms, proxy.ts: 3ms, application-code: 9ms)
 GET /api/demo/runs/prj_09047604e591d969/reports 200 in 17ms (next.js: 7ms, proxy.ts: 2ms, application-code: 8ms)
 GET /api/demo/runs/prj_09047604e591d969/reports 200 in 14ms (next.js: 3ms, proxy.ts: 2ms, application-code: 8ms)
 GET /api/demo/runs/prj_09047604e591d969/runpod-status 200 in 19ms (next.js: 7ms, proxy.ts: 2ms, application-code: 9ms)
 GET /api/demo/runs/prj_09047604e591d969/reports 200 in 18ms (next.js: 8ms, proxy.ts: 3ms, application-code: 8ms)
 GET /api/demo/runs/prj_09047604e591d969/reports 200 in 19ms (next.js: 10ms, proxy.ts: 2ms, application-code: 7ms)
 GET /api/demo/runs/prj_09047604e591d969/reports 200 in 19ms (next.js: 8ms, proxy.ts: 1762µs, application-code: 9ms)
 GET /api/demo/runs/prj_09047604e591d969/reports 200 in 12ms (next.js: 3ms, proxy.ts: 1953µs, application-code: 7ms)
 GET /api/demo/runs/prj_09047604e591d969/runpod-status 200 in 18ms (next.js: 6ms, proxy.ts: 1828µs, application-code: 9ms)
 GET /api/demo/runs/prj_09047604e591d969/reports 200 in 14ms (next.js: 7ms, proxy.ts: 1904µs, application-code: 6ms)
 GET /api/demo/runs/prj_09047604e591d969/reports 200 in 12ms (next.js: 4ms, proxy.ts: 1833µs, application-code: 6ms)
 GET /api/demo/runs/prj_09047604e591d969/reports 200 in 15ms (next.js: 6ms, proxy.ts: 1888µs, application-code: 6ms)
 GET /api/demo/runs/prj_09047604e591d969/reports 200 in 12ms (next.js: 3ms, proxy.ts: 2ms, application-code: 7ms)
 GET /api/demo/runs/prj_09047604e591d969/runpod-status 200 in 19ms (next.js: 8ms, proxy.ts: 2ms, application-code: 9ms)
 GET /api/demo/runs/prj_09047604e591d969/reports 200 in 15ms (next.js: 6ms, proxy.ts: 2ms, application-code: 6ms)
 GET /api/demo/runs/prj_09047604e591d969/reports 200 in 12ms (next.js: 4ms, proxy.ts: 1823µs, application-code: 6ms)
 GET /api/demo/runs/prj_09047604e591d969/reports 200 in 17ms (next.js: 6ms, proxy.ts: 2ms, application-code: 8ms)
 GET /api/demo/runs/prj_09047604e591d969/reports 200 in 11ms (next.js: 3ms, proxy.ts: 2ms, application-code: 6ms)
 GET /api/demo/runs/prj_09047604e591d969/runpod-status 200 in 21ms (next.js: 7ms, proxy.ts: 3ms, application-code: 11ms)
 GET /api/demo/runs/prj_09047604e591d969/reports 200 in 16ms (next.js: 7ms, proxy.ts: 1829µs, application-code: 7ms)
 GET /api/demo/runs/prj_09047604e591d969/reports 200 in 12ms (next.js: 4ms, proxy.ts: 1962µs, application-code: 6ms)
 GET /api/demo/runs/prj_09047604e591d969/reports 200 in 15ms (next.js: 7ms, proxy.ts: 1837µs, application-code: 6ms)
 GET /api/demo/runs/prj_09047604e591d969/reports 200 in 10ms (next.js: 3ms, proxy.ts: 1739µs, application-code: 6ms)
 GET /api/demo/runs/prj_09047604e591d969/runpod-status 200 in 49ms (next.js: 7ms, proxy.ts: 2ms, application-code: 40ms)
 GET /api/demo/runs/prj_09047604e591d969/reports 200 in 16ms (next.js: 7ms, proxy.ts: 3ms, application-code: 7ms)
 GET /api/demo/runs/prj_09047604e591d969/reports 200 in 21ms (next.js: 9ms, proxy.ts: 3ms, application-code: 9ms)
 GET /api/demo/runs/prj_09047604e591d969/reports 200 in 18ms (next.js: 10ms, proxy.ts: 2ms, application-code: 6ms)
 GET /api/demo/runs/prj_09047604e591d969/reports 200 in 10ms (next.js: 2ms, proxy.ts: 2ms, application-code: 5ms)
 GET /api/demo/runs/prj_09047604e591d969/runpod-status 200 in 25ms (next.js: 8ms, proxy.ts: 3ms, application-code: 14ms)
 GET /api/demo/runs/prj_09047604e591d969/runpod-status 200 in 15ms (next.js: 3ms, proxy.ts: 3ms, application-code: 8ms)
 GET /api/demo/runs/prj_09047604e591d969/runpod-status 200 in 17ms (next.js: 6ms, proxy.ts: 2ms, application-code: 8ms)
 GET /api/demo/runs/prj_09047604e591d969/reports 200 in 15ms (next.js: 7ms, proxy.ts: 2ms, application-code: 6ms)
 GET /api/demo/runs/prj_09047604e591d969/reports 200 in 12ms (next.js: 4ms, proxy.ts: 2ms, application-code: 5ms)
 GET /api/demo/runs/prj_09047604e591d969/reports 200 in 23ms (next.js: 9ms, proxy.ts: 3ms, application-code: 10ms)
 GET /api/demo/runs/prj_09047604e591d969/reports 200 in 12ms (next.js: 3ms, proxy.ts: 3ms, application-code: 6ms)
 GET /api/demo/runs/prj_09047604e591d969/runpod-status 200 in 20ms (next.js: 8ms, proxy.ts: 1907µs, application-code: 10ms)
 GET /api/demo/runs/prj_09047604e591d969/reports 200 in 19ms (next.js: 10ms, proxy.ts: 2ms, application-code: 7ms)
 GET /api/demo/runs/prj_09047604e591d969/reports 200 in 23ms (next.js: 13ms, proxy.ts: 2ms, application-code: 8ms)
 GET /api/demo/runs/prj_09047604e591d969/reports 200 in 22ms (next.js: 7ms, proxy.ts: 7ms, application-code: 8ms)
 GET /api/demo/runs/prj_09047604e591d969/reports 200 in 10ms (next.js: 2ms, proxy.ts: 2ms, application-code: 6ms)
 GET /api/demo/runs/prj_09047604e591d969/runpod-status 200 in 20ms (next.js: 8ms, proxy.ts: 2ms, application-code: 10ms)
 GET /api/demo/runs/prj_09047604e591d969/reports 200 in 17ms (next.js: 7ms, proxy.ts: 3ms, application-code: 7ms)
 GET /api/demo/runs/prj_09047604e591d969/reports 200 in 19ms (next.js: 10ms, proxy.ts: 2ms, application-code: 7ms)
 GET /api/demo/runs/prj_09047604e591d969/reports 200 in 15ms (next.js: 7ms, proxy.ts: 2ms, application-code: 6ms)
 GET /api/demo/runs/prj_09047604e591d969/reports 200 in 10ms (next.js: 2ms, proxy.ts: 1960µs, application-code: 6ms)
 GET /api/demo/runs/prj_09047604e591d969/runpod-status 200 in 17ms (next.js: 7ms, proxy.ts: 1926µs, application-code: 8ms)
 GET /api/demo/runs/prj_09047604e591d969/reports 200 in 17ms (next.js: 7ms, proxy.ts: 3ms, application-code: 7ms)
 GET /api/demo/runs/prj_09047604e591d969/reports 200 in 21ms (next.js: 9ms, proxy.ts: 2ms, application-code: 10ms)
 GET /api/demo/runs/prj_09047604e591d969/reports 200 in 15ms (next.js: 7ms, proxy.ts: 1977µs, application-code: 6ms)
 GET /api/demo/runs/prj_09047604e591d969/reports 200 in 10ms (next.js: 2ms, proxy.ts: 1973µs, application-code: 6ms)
 GET /api/demo/runs/prj_09047604e591d969/runpod-status 200 in 19ms (next.js: 6ms, proxy.ts: 2ms, application-code: 11ms)
 GET /api/demo/runs/prj_09047604e591d969/reports 200 in 17ms (next.js: 8ms, proxy.ts: 1800µs, application-code: 7ms)
 GET /api/demo/runs/prj_09047604e591d969/reports 200 in 19ms (next.js: 10ms, proxy.ts: 2ms, application-code: 7ms)
 GET /api/demo/runs/prj_09047604e591d969/reports 200 in 17ms (next.js: 6ms, proxy.ts: 1975µs, application-code: 8ms)
 GET /api/demo/runs/prj_09047604e591d969/reports 200 in 10ms (next.js: 2ms, proxy.ts: 2ms, application-code: 6ms)
 GET /api/demo/runs/prj_09047604e591d969/runpod-status 200 in 17ms (next.js: 7ms, proxy.ts: 1740µs, application-code: 8ms)
 GET /api/demo/runs/prj_09047604e591d969/reports 200 in 18ms (next.js: 8ms, proxy.ts: 3ms, application-code: 7ms)
 GET /api/demo/runs/prj_09047604e591d969/reports 200 in 20ms (next.js: 10ms, proxy.ts: 2ms, application-code: 7ms)
 GET /api/demo/runs/prj_09047604e591d969/reports 200 in 18ms (next.js: 7ms, proxy.ts: 2ms, application-code: 9ms)
 GET /api/demo/runs/prj_09047604e591d969/reports 200 in 10ms (next.js: 2ms, proxy.ts: 1878µs, application-code: 6ms)
 GET /api/demo/runs/prj_09047604e591d969/runpod-status 200 in 20ms (next.js: 7ms, proxy.ts: 2ms, application-code: 11ms)
 GET /api/demo/runs/prj_09047604e591d969/reports 200 in 14ms (next.js: 6ms, proxy.ts: 1694µs, application-code: 6ms)
 GET /api/demo/runs/prj_09047604e591d969/reports 200 in 11ms (next.js: 4ms, proxy.ts: 2ms, application-code: 5ms)
 GET /api/demo/runs/prj_09047604e591d969/reports 200 in 16ms (next.js: 6ms, proxy.ts: 1928µs, application-code: 7ms)
 GET /api/demo/runs/prj_09047604e591d969/reports 200 in 10ms (next.js: 2ms, proxy.ts: 1636µs, application-code: 6ms)
 GET /api/demo/runs/prj_09047604e591d969/runpod-status 200 in 17ms (next.js: 8ms, proxy.ts: 1733µs, application-code: 8ms)
 GET /api/demo/runs/prj_09047604e591d969/reports 200 in 23ms (next.js: 10ms, proxy.ts: 3ms, application-code: 10ms)
 GET /api/demo/runs/prj_09047604e591d969/reports 200 in 27ms (next.js: 12ms, proxy.ts: 4ms, application-code: 12ms)
 GET /api/demo/runs/prj_09047604e591d969/reports 200 in 16ms (next.js: 7ms, proxy.ts: 2ms, application-code: 6ms)
 GET /api/demo/runs/prj_09047604e591d969/reports 200 in 10ms (next.js: 1896µs, proxy.ts: 1792µs, application-code: 6ms)
 GET /api/demo/runs/prj_09047604e591d969/runpod-status 200 in 17ms (next.js: 7ms, proxy.ts: 1888µs, application-code: 8ms)
 GET /api/demo/runs/prj_09047604e591d969/reports 200 in 19ms (next.js: 8ms, proxy.ts: 2ms, application-code: 9ms)
 GET /api/demo/runs/prj_09047604e591d969/reports 200 in 20ms (next.js: 10ms, proxy.ts: 1842µs, application-code: 8ms)
 GET /api/demo/runs/prj_09047604e591d969/reports 200 in 16ms (next.js: 7ms, proxy.ts: 2ms, application-code: 8ms)
 GET /api/demo/runs/prj_09047604e591d969/reports 200 in 12ms (next.js: 3ms, proxy.ts: 3ms, application-code: 6ms)
 GET /api/demo/runs/prj_09047604e591d969/runpod-status 200 in 17ms (next.js: 7ms, proxy.ts: 1810µs, application-code: 9ms)
 GET /api/demo/runs/prj_09047604e591d969/reports 200 in 20ms (next.js: 7ms, proxy.ts: 2ms, application-code: 11ms)
 GET /api/demo/runs/prj_09047604e591d969/reports 200 in 13ms (next.js: 2ms, proxy.ts: 2ms, application-code: 8ms)
 GET /api/demo/runs/prj_09047604e591d969/reports 200 in 20ms (next.js: 8ms, proxy.ts: 3ms, application-code: 9ms)
 GET /api/demo/runs/prj_09047604e591d969/reports 200 in 11ms (next.js: 3ms, proxy.ts: 2ms, application-code: 6ms)
 GET /api/demo/runs/prj_09047604e591d969/runpod-status 200 in 16ms (next.js: 6ms, proxy.ts: 1713µs, application-code: 8ms)
 GET /api/demo/runs/prj_09047604e591d969/reports 200 in 17ms (next.js: 7ms, proxy.ts: 2ms, application-code: 8ms)
 GET /api/demo/runs/prj_09047604e591d969/reports 200 in 19ms (next.js: 9ms, proxy.ts: 2ms, application-code: 7ms)
 GET /api/demo/runs/prj_09047604e591d969/reports 200 in 16ms (next.js: 6ms, proxy.ts: 1846µs, application-code: 8ms)
 GET /api/demo/runs/prj_09047604e591d969/reports 200 in 10ms (next.js: 3ms, proxy.ts: 2ms, application-code: 6ms)
 GET /api/demo/runs/prj_09047604e591d969/runpod-status 200 in 16ms (next.js: 6ms, proxy.ts: 1753µs, application-code: 8ms)
 GET /api/demo/runs/prj_09047604e591d969/reports 200 in 18ms (next.js: 8ms, proxy.ts: 2ms, application-code: 8ms)
 GET /api/demo/runs/prj_09047604e591d969/reports 200 in 19ms (next.js: 10ms, proxy.ts: 2ms, application-code: 7ms)
 GET /api/demo/runs/prj_09047604e591d969/reports 200 in 17ms (next.js: 7ms, proxy.ts: 1726µs, application-code: 8ms)
 GET /api/demo/runs/prj_09047604e591d969/reports 200 in 14ms (next.js: 2ms, proxy.ts: 1711µs, application-code: 10ms)
 GET /api/demo/runs/prj_09047604e591d969/runpod-status 200 in 24ms (next.js: 10ms, proxy.ts: 3ms, application-code: 11ms)
 GET /api/demo/runs/prj_09047604e591d969/runpod-status 200 in 26ms (next.js: 12ms, proxy.ts: 3ms, application-code: 12ms)
 GET /api/demo/runs/prj_09047604e591d969/runpod-status 200 in 20ms (next.js: 7ms, proxy.ts: 2ms, application-code: 11ms)
 GET /api/demo/runs/prj_09047604e591d969/reports 200 in 16ms (next.js: 7ms, proxy.ts: 2ms, application-code: 7ms)
 GET /api/demo/runs/prj_09047604e591d969/reports 200 in 11ms (next.js: 4ms, proxy.ts: 1930µs, application-code: 5ms)
 GET /api/demo/runs/prj_09047604e591d969/reports 200 in 15ms (next.js: 6ms, proxy.ts: 2ms, application-code: 6ms)
 GET /api/demo/runs/prj_09047604e591d969/reports 200 in 10ms (next.js: 2ms, proxy.ts: 2ms, application-code: 6ms)
 GET /api/demo/runs/prj_09047604e591d969/runpod-status 200 in 17ms (next.js: 7ms, proxy.ts: 2ms, application-code: 8ms)
 GET /api/demo/runs/prj_09047604e591d969/reports 200 in 19ms (next.js: 8ms, proxy.ts: 3ms, application-code: 9ms)
 GET /api/demo/runs/prj_09047604e591d969/reports 200 in 25ms (next.js: 17ms, proxy.ts: 2ms, application-code: 6ms)
 GET /api/demo/runs/prj_09047604e591d969/reports 200 in 15ms (next.js: 7ms, proxy.ts: 2ms, application-code: 7ms)
 GET /api/demo/runs/prj_09047604e591d969/reports 200 in 10ms (next.js: 3ms, proxy.ts: 2ms, application-code: 6ms)
 GET /api/demo/runs/prj_09047604e591d969/runpod-status 200 in 18ms (next.js: 7ms, proxy.ts: 2ms, application-code: 10ms)
 GET /api/demo/runs/prj_09047604e591d969/reports 200 in 19ms (next.js: 6ms, proxy.ts: 2ms, application-code: 10ms)
 GET /api/demo/runs/prj_09047604e591d969/reports 200 in 12ms (next.js: 1998µs, proxy.ts: 2ms, application-code: 8ms)
 GET /api/demo/runs/prj_09047604e591d969/reports 200 in 18ms (next.js: 7ms, proxy.ts: 2ms, application-code: 9ms)
 GET /api/demo/runs/prj_09047604e591d969/reports 200 in 10ms (next.js: 2ms, proxy.ts: 1761µs, application-code: 5ms)
 GET /api/demo/runs/prj_09047604e591d969/runpod-status 200 in 19ms (next.js: 6ms, proxy.ts: 2ms, application-code: 10ms)
 GET /api/demo/runs/prj_09047604e591d969/reports 200 in 18ms (next.js: 8ms, proxy.ts: 2ms, application-code: 8ms)
 GET /api/demo/runs/prj_09047604e591d969/reports 200 in 19ms (next.js: 9ms, proxy.ts: 2ms, application-code: 8ms)
 GET /api/demo/runs/prj_09047604e591d969/reports 200 in 17ms (next.js: 6ms, proxy.ts: 2ms, application-code: 8ms)
 GET /api/demo/runs/prj_09047604e591d969/reports 200 in 10ms (next.js: 2ms, proxy.ts: 2ms, application-code: 6ms)
 GET /api/demo/runs/prj_09047604e591d969/runpod-status 200 in 18ms (next.js: 7ms, proxy.ts: 3ms, application-code: 9ms)
 GET /api/demo/runs/prj_09047604e591d969/reports 200 in 16ms (next.js: 7ms, proxy.ts: 1879µs, application-code: 7ms)
 GET /api/demo/runs/prj_09047604e591d969/reports 200 in 13ms (next.js: 5ms, proxy.ts: 2ms, application-code: 7ms)
 GET /api/demo/runs/prj_09047604e591d969/reports 200 in 16ms (next.js: 6ms, proxy.ts: 2ms, application-code: 8ms)
 GET /api/demo/runs/prj_09047604e591d969/reports 200 in 11ms (next.js: 3ms, proxy.ts: 3ms, application-code: 6ms)
 GET /api/demo/runs/prj_09047604e591d969/runpod-status 200 in 48ms (next.js: 7ms, proxy.ts: 3ms, application-code: 39ms)
 GET /api/demo/runs/prj_09047604e591d969/reports 200 in 21ms (next.js: 9ms, proxy.ts: 3ms, application-code: 10ms)
 GET /api/demo/runs/prj_09047604e591d969/reports 200 in 49ms (next.js: 13ms, proxy.ts: 3ms, application-code: 33ms)
 GET /api/demo/runs/prj_09047604e591d969/reports 200 in 16ms (next.js: 7ms, proxy.ts: 1848µs, application-code: 8ms)
 GET /api/demo/runs/prj_09047604e591d969/reports 200 in 10ms (next.js: 2ms, proxy.ts: 2ms, application-code: 6ms)
 GET /api/demo/runs/prj_09047604e591d969/runpod-status 200 in 20ms (next.js: 6ms, proxy.ts: 3ms, application-code: 10ms)
 GET /api/demo/runs/prj_09047604e591d969/reports 200 in 15ms (next.js: 7ms, proxy.ts: 2ms, application-code: 6ms)
 GET /api/demo/runs/prj_09047604e591d969/reports 200 in 18ms (next.js: 4ms, proxy.ts: 9ms, application-code: 5ms)
 GET /api/demo/runs/prj_09047604e591d969/reports 200 in 16ms (next.js: 7ms, proxy.ts: 1799µs, application-code: 8ms)
 GET /api/demo/runs/prj_09047604e591d969/reports 200 in 12ms (next.js: 2ms, proxy.ts: 1754µs, application-code: 8ms)
 GET /api/demo/runs/prj_09047604e591d969/runpod-status 200 in 17ms (next.js: 6ms, proxy.ts: 1909µs, application-code: 9ms)
 GET /api/demo/runs/prj_09047604e591d969/reports 200 in 23ms (next.js: 12ms, proxy.ts: 3ms, application-code: 8ms)
 GET /api/demo/runs/prj_09047604e591d969/reports 200 in 23ms (next.js: 13ms, proxy.ts: 3ms, application-code: 7ms)
 GET /api/demo/runs/prj_09047604e591d969/reports 200 in 17ms (next.js: 7ms, proxy.ts: 1782µs, application-code: 8ms)
 GET /api/demo/runs/prj_09047604e591d969/reports 200 in 12ms (next.js: 2ms, proxy.ts: 1992µs, application-code: 7ms)
 GET /api/demo/runs/prj_09047604e591d969/runpod-status 200 in 21ms (next.js: 7ms, proxy.ts: 4ms, application-code: 11ms)
 GET /api/demo/runs/prj_09047604e591d969/reports 200 in 17ms (next.js: 8ms, proxy.ts: 2ms, application-code: 7ms)
 GET /api/demo/runs/prj_09047604e591d969/reports 200 in 18ms (next.js: 9ms, proxy.ts: 1849µs, application-code: 7ms)
 GET /api/demo/runs/prj_09047604e591d969/reports 200 in 19ms (next.js: 6ms, proxy.ts: 1990µs, application-code: 11ms)
 GET /api/demo/runs/prj_09047604e591d969/reports 200 in 19ms (next.js: 3ms, proxy.ts: 1895µs, application-code: 14ms)
 GET /api/demo/runs/prj_09047604e591d969/runpod-status 200 in 17ms (next.js: 7ms, proxy.ts: 1687µs, application-code: 8ms)
 GET /api/demo/runs/prj_09047604e591d969/reports 200 in 18ms (next.js: 8ms, proxy.ts: 3ms, application-code: 7ms)
 GET /api/demo/runs/prj_09047604e591d969/reports 200 in 17ms (next.js: 10ms, proxy.ts: 1659µs, application-code: 5ms)
 GET /api/demo/runs/prj_09047604e591d969/reports 200 in 17ms (next.js: 7ms, proxy.ts: 4ms, application-code: 6ms)
 GET /api/demo/runs/prj_09047604e591d969/reports 200 in 12ms (next.js: 3ms, proxy.ts: 2ms, application-code: 7ms)
 GET /api/demo/runs/prj_09047604e591d969/runpod-status 200 in 21ms (next.js: 8ms, proxy.ts: 2ms, application-code: 11ms)
 GET /api/demo/runs/prj_09047604e591d969/reports 200 in 18ms (next.js: 8ms, proxy.ts: 2ms, application-code: 8ms)
 GET /api/demo/runs/prj_09047604e591d969/reports 200 in 15ms (next.js: 5ms, proxy.ts: 2ms, application-code: 8ms)
 GET /api/demo/runs/prj_09047604e591d969/reports 200 in 21ms (next.js: 8ms, proxy.ts: 6ms, application-code: 7ms)
 GET /api/demo/runs/prj_09047604e591d969/runpod-status 200 in 28ms (next.js: 15ms, proxy.ts: 3ms, application-code: 11ms)
 GET /api/demo/runs/prj_09047604e591d969/reports 200 in 14ms (next.js: 2ms, proxy.ts: 1966µs, application-code: 10ms)
 GET /api/demo/runs/prj_09047604e591d969/reports 200 in 18ms (next.js: 8ms, proxy.ts: 2ms, application-code: 8ms)
 GET /api/demo/runs/prj_09047604e591d969/reports 200 in 12ms (next.js: 4ms, proxy.ts: 2ms, application-code: 6ms)
 GET /api/demo/runs/prj_09047604e591d969/reports 200 in 17ms (next.js: 7ms, proxy.ts: 3ms, application-code: 7ms)
 GET /api/demo/runs/prj_09047604e591d969/reports 200 in 12ms (next.js: 3ms, proxy.ts: 2ms, application-code: 7ms)
 GET /api/demo/runs/prj_09047604e591d969/runpod-status 200 in 27ms (next.js: 10ms, proxy.ts: 3ms, application-code: 14ms)
 GET /api/demo/runs/prj_09047604e591d969/runpod-status 200 in 28ms (next.js: 13ms, proxy.ts: 3ms, application-code: 13ms)
 GET /api/demo/runs/prj_09047604e591d969/runpod-status 200 in 23ms (next.js: 7ms, proxy.ts: 3ms, application-code: 13ms)
 GET /api/demo/runs/prj_09047604e591d969/reports 200 in 20ms (next.js: 9ms, proxy.ts: 3ms, application-code: 8ms)
 GET /api/demo/runs/prj_09047604e591d969/reports 200 in 15ms (next.js: 5ms, proxy.ts: 3ms, application-code: 7ms)
 GET /api/demo/runs/prj_09047604e591d969/reports 200 in 16ms (next.js: 7ms, proxy.ts: 2ms, application-code: 6ms)
 GET /api/demo/runs/prj_09047604e591d969/runpod-status 200 in 22ms (next.js: 8ms, proxy.ts: 1867µs, application-code: 12ms)
 GET /api/demo/runs/prj_09047604e591d969/reports 200 in 10ms (next.js: 2ms, proxy.ts: 2ms, application-code: 6ms)
 GET /api/demo/runs/prj_09047604e591d969/reports 200 in 16ms (next.js: 7ms, proxy.ts: 2ms, application-code: 7ms)
 GET /api/demo/runs/prj_09047604e591d969/reports 200 in 19ms (next.js: 9ms, proxy.ts: 2ms, application-code: 8ms)
 GET /api/demo/runs/prj_09047604e591d969/reports 200 in 16ms (next.js: 7ms, proxy.ts: 2ms, application-code: 7ms)
 GET /api/demo/runs/prj_09047604e591d969/reports 200 in 11ms (next.js: 3ms, proxy.ts: 1812µs, application-code: 6ms)
 GET /api/demo/runs/prj_09047604e591d969/runpod-status 200 in 19ms (next.js: 7ms, proxy.ts: 2ms, application-code: 10ms)
 GET /api/demo/runs/prj_09047604e591d969/reports 200 in 19ms (next.js: 9ms, proxy.ts: 2ms, application-code: 8ms)
 GET /api/demo/runs/prj_09047604e591d969/reports 200 in 21ms (next.js: 10ms, proxy.ts: 2ms, application-code: 8ms)
 GET /api/demo/runs/prj_09047604e591d969/reports 200 in 16ms (next.js: 7ms, proxy.ts: 2ms, application-code: 7ms)
 GET /api/demo/runs/prj_09047604e591d969/runpod-status 200 in 17ms (next.js: 7ms, proxy.ts: 1831µs, application-code: 9ms)
 GET /api/demo/runs/prj_09047604e591d969/reports 200 in 10ms (next.js: 3ms, proxy.ts: 1986µs, application-code: 6ms)
 GET /api/demo/runs/prj_09047604e591d969/reports 200 in 20ms (next.js: 7ms, proxy.ts: 1964µs, application-code: 11ms)
 GET /api/demo/runs/prj_09047604e591d969/reports 200 in 12ms (next.js: 2ms, proxy.ts: 2ms, application-code: 8ms)
 GET /api/demo/runs/prj_09047604e591d969/reports 200 in 17ms (next.js: 7ms, proxy.ts: 1904µs, application-code: 8ms)
 GET /api/demo/runs/prj_09047604e591d969/reports 200 in 11ms (next.js: 3ms, proxy.ts: 2ms, application-code: 6ms)
 GET /api/demo/runs/prj_09047604e591d969/runpod-status 200 in 20ms (next.js: 7ms, proxy.ts: 3ms, application-code: 11ms)
 GET /api/demo/runs/prj_09047604e591d969/reports 200 in 16ms (next.js: 7ms, proxy.ts: 2ms, application-code: 7ms)
 GET /api/demo/runs/prj_09047604e591d969/reports 200 in 11ms (next.js: 4ms, proxy.ts: 2ms, application-code: 6ms)
 GET /api/demo/runs/prj_09047604e591d969/reports 200 in 15ms (next.js: 7ms, proxy.ts: 2ms, application-code: 6ms)
 GET /api/demo/runs/prj_09047604e591d969/runpod-status 200 in 17ms (next.js: 6ms, proxy.ts: 2ms, application-code: 8ms)
 GET /api/demo/runs/prj_09047604e591d969/reports 200 in 11ms (next.js: 3ms, proxy.ts: 2ms, application-code: 6ms)
 GET /api/demo/runs/prj_09047604e591d969/reports 200 in 21ms (next.js: 11ms, proxy.ts: 3ms, application-code: 8ms)
 GET /api/demo/runs/prj_09047604e591d969/reports 200 in 24ms (next.js: 12ms, proxy.ts: 3ms, application-code: 10ms)
 GET /api/demo/runs/prj_09047604e591d969/reports 200 in 14ms (next.js: 6ms, proxy.ts: 1820µs, application-code: 6ms)
 GET /api/demo/runs/prj_09047604e591d969/reports 200 in 10ms (next.js: 3ms, proxy.ts: 2ms, application-code: 5ms)
 GET /api/demo/runs/prj_09047604e591d969/runpod-status 200 in 22ms (next.js: 7ms, proxy.ts: 6ms, application-code: 10ms)
 GET /api/demo/runs/prj_09047604e591d969/reports 200 in 19ms (next.js: 7ms, proxy.ts: 2ms, application-code: 10ms)
 GET /api/demo/runs/prj_09047604e591d969/reports 200 in 12ms (next.js: 1993µs, proxy.ts: 2ms, application-code: 8ms)
 GET /api/demo/runs/prj_09047604e591d969/reports 200 in 19ms (next.js: 8ms, proxy.ts: 2ms, application-code: 9ms)
 GET /api/demo/runs/prj_09047604e591d969/runpod-status 200 in 34ms (next.js: 7ms, proxy.ts: 4ms, application-code: 23ms)
 GET /api/demo/runs/prj_09047604e591d969/reports 200 in 12ms (next.js: 3ms, proxy.ts: 1981µs, application-code: 7ms)
 GET /api/demo/runs/prj_09047604e591d969/reports 200 in 19ms (next.js: 7ms, proxy.ts: 2ms, application-code: 9ms)
 GET /api/demo/runs/prj_09047604e591d969/reports 200 in 21ms (next.js: 10ms, proxy.ts: 2ms, application-code: 8ms)
 GET /api/demo/runs/prj_09047604e591d969/reports 200 in 15ms (next.js: 6ms, proxy.ts: 2ms, application-code: 7ms)
 GET /api/demo/runs/prj_09047604e591d969/reports 200 in 10ms (next.js: 2ms, proxy.ts: 1789µs, application-code: 6ms)
 GET /api/demo/runs/prj_09047604e591d969/runpod-status 200 in 20ms (next.js: 7ms, proxy.ts: 2ms, application-code: 11ms)
 GET /api/demo/runs/prj_09047604e591d969/reports 200 in 15ms (next.js: 7ms, proxy.ts: 2ms, application-code: 6ms)
 GET /api/demo/runs/prj_09047604e591d969/reports 200 in 12ms (next.js: 4ms, proxy.ts: 1886µs, application-code: 6ms)
 GET /api/demo/runs/prj_09047604e591d969/runpod-status 200 in 21ms (next.js: 7ms, proxy.ts: 3ms, application-code: 11ms)
 GET /api/demo/runs/prj_09047604e591d969/reports 200 in 25ms (next.js: 14ms, proxy.ts: 3ms, application-code: 8ms)
 GET /api/demo/runs/prj_09047604e591d969/reports 200 in 11ms (next.js: 2ms, proxy.ts: 2ms, application-code: 7ms)
 GET /api/demo/runs/prj_09047604e591d969/reports 200 in 20ms (next.js: 10ms, proxy.ts: 2ms, application-code: 8ms)
 GET /api/demo/runs/prj_09047604e591d969/reports 200 in 18ms (next.js: 10ms, proxy.ts: 3ms, application-code: 6ms)
 GET /api/demo/runs/prj_09047604e591d969/reports 200 in 15ms (next.js: 6ms, proxy.ts: 1838µs, application-code: 6ms)
 GET /api/demo/runs/prj_09047604e591d969/reports 200 in 14ms (next.js: 3ms, proxy.ts: 2ms, application-code: 9ms)
 GET /api/demo/runs/prj_09047604e591d969/runpod-status 200 in 20ms (next.js: 6ms, proxy.ts: 3ms, application-code: 11ms)
 GET /api/demo/runs/prj_09047604e591d969/reports 200 in 19ms (next.js: 8ms, proxy.ts: 3ms, application-code: 8ms)
 GET /api/demo/runs/prj_09047604e591d969/reports 200 in 19ms (next.js: 10ms, proxy.ts: 2ms, application-code: 7ms)
 GET /api/demo/runs/prj_09047604e591d969/runpod-status 200 in 22ms (next.js: 11ms, proxy.ts: 3ms, application-code: 8ms)
 GET /api/demo/runs/prj_09047604e591d969/reports 200 in 16ms (next.js: 8ms, proxy.ts: 2ms, application-code: 6ms)
 GET /api/demo/runs/prj_09047604e591d969/reports 200 in 11ms (next.js: 3ms, proxy.ts: 2ms, application-code: 6ms)
 GET /api/demo/runs/prj_09047604e591d969/reports 200 in 17ms (next.js: 8ms, proxy.ts: 3ms, application-code: 6ms)
 GET /api/demo/runs/prj_09047604e591d969/reports 200 in 20ms (next.js: 10ms, proxy.ts: 2ms, application-code: 7ms)
 GET /api/demo/runs/prj_09047604e591d969/reports 200 in 17ms (next.js: 6ms, proxy.ts: 2ms, application-code: 8ms)
 GET /api/demo/runs/prj_09047604e591d969/reports 200 in 10ms (next.js: 2ms, proxy.ts: 1947µs, application-code: 6ms)
 GET /api/demo/runs/prj_09047604e591d969/runpod-status 200 in 26ms (next.js: 8ms, proxy.ts: 4ms, application-code: 13ms)
 GET /api/demo/runs/prj_09047604e591d969/runpod-status 200 in 25ms (next.js: 11ms, proxy.ts: 2ms, application-code: 12ms)
 GET /api/demo/runs/prj_09047604e591d969/runpod-status 200 in 18ms (next.js: 7ms, proxy.ts: 2ms, application-code: 8ms)
 GET /api/demo/runs/prj_09047604e591d969/reports 200 in 18ms (next.js: 6ms, proxy.ts: 1951µs, application-code: 10ms)
 GET /api/demo/runs/prj_09047604e591d969/reports 200 in 9ms (next.js: 1972µs, proxy.ts: 1851µs, application-code: 5ms)
 GET /api/demo/runs/prj_09047604e591d969/runpod-status 200 in 16ms (next.js: 6ms, proxy.ts: 2ms, application-code: 8ms)
 GET /api/demo/runs/prj_09047604e591d969/reports 200 in 18ms (next.js: 8ms, proxy.ts: 1981µs, application-code: 7ms)
 GET /api/demo/runs/prj_09047604e591d969/reports 200 in 17ms (next.js: 2ms, proxy.ts: 10ms, application-code: 5ms)
 GET /api/demo/runs/prj_09047604e591d969/reports 200 in 21ms (next.js: 10ms, proxy.ts: 3ms, application-code: 8ms)
 GET /api/demo/runs/prj_09047604e591d969/reports 200 in 22ms (next.js: 12ms, proxy.ts: 3ms, application-code: 7ms)
 GET /api/demo/runs/prj_09047604e591d969/reports 200 in 15ms (next.js: 7ms, proxy.ts: 1693µs, application-code: 7ms)
 GET /api/demo/runs/prj_09047604e591d969/reports 200 in 12ms (next.js: 4ms, proxy.ts: 2ms, application-code: 5ms)
 GET /api/demo/runs/prj_09047604e591d969/runpod-status 200 in 20ms (next.js: 7ms, proxy.ts: 2ms, application-code: 10ms)
 GET /api/demo/runs/prj_09047604e591d969/reports 200 in 21ms (next.js: 8ms, proxy.ts: 1869µs, application-code: 11ms)
 GET /api/demo/runs/prj_09047604e591d969/reports 200 in 12ms (next.js: 2ms, proxy.ts: 1934µs, application-code: 8ms)
 GET /api/demo/runs/prj_09047604e591d969/runpod-status 200 in 17ms (next.js: 7ms, proxy.ts: 3ms, application-code: 8ms)
 GET /api/demo/runs/prj_09047604e591d969/reports 200 in 19ms (next.js: 8ms, proxy.ts: 3ms, application-code: 9ms)
 GET /api/demo/runs/prj_09047604e591d969/reports 200 in 20ms (next.js: 10ms, proxy.ts: 2ms, application-code: 8ms)
 GET /api/demo/runs/prj_09047604e591d969/reports 200 in 23ms (next.js: 10ms, proxy.ts: 4ms, application-code: 10ms)
 GET /api/demo/runs/prj_09047604e591d969/reports 200 in 24ms (next.js: 12ms, proxy.ts: 4ms, application-code: 8ms)
 GET /api/demo/runs/prj_09047604e591d969/reports 200 in 20ms (next.js: 9ms, proxy.ts: 3ms, application-code: 8ms)
 GET /api/demo/runs/prj_09047604e591d969/reports 200 in 19ms (next.js: 11ms, proxy.ts: 2ms, application-code: 6ms)
 GET /api/demo/runs/prj_09047604e591d969/runpod-status 200 in 20ms (next.js: 7ms, proxy.ts: 2ms, application-code: 11ms)
 GET /api/demo/runs/prj_09047604e591d969/reports 200 in 17ms (next.js: 8ms, proxy.ts: 3ms, application-code: 7ms)
 GET /api/demo/runs/prj_09047604e591d969/reports 200 in 18ms (next.js: 10ms, proxy.ts: 2ms, application-code: 5ms)
 GET /api/demo/runs/prj_09047604e591d969/runpod-status 200 in 18ms (next.js: 6ms, proxy.ts: 3ms, application-code: 9ms)
 GET /api/demo/runs/prj_09047604e591d969/reports 200 in 18ms (next.js: 9ms, proxy.ts: 2ms, application-code: 7ms)
 GET /api/demo/runs/prj_09047604e591d969/reports 200 in 17ms (next.js: 10ms, proxy.ts: 1938µs, application-code: 5ms)
 GET /api/demo/runs/prj_09047604e591d969/reports 200 in 18ms (next.js: 7ms, proxy.ts: 3ms, application-code: 8ms)
 GET /api/demo/runs/prj_09047604e591d969/reports 200 in 18ms (next.js: 10ms, proxy.ts: 2ms, application-code: 7ms)
 GET /api/demo/runs/prj_09047604e591d969/reports 200 in 17ms (next.js: 7ms, proxy.ts: 1906µs, application-code: 7ms)
 GET /api/demo/runs/prj_09047604e591d969/reports 200 in 12ms (next.js: 4ms, proxy.ts: 2ms, application-code: 5ms)
 GET /api/demo/runs/prj_09047604e591d969/runpod-status 200 in 17ms (next.js: 6ms, proxy.ts: 1742µs, application-code: 9ms)
 GET /api/demo/runs/prj_09047604e591d969/reports 200 in 19ms (next.js: 9ms, proxy.ts: 3ms, application-code: 7ms)
 GET /api/demo/runs/prj_09047604e591d969/reports 200 in 21ms (next.js: 10ms, proxy.ts: 3ms, application-code: 8ms)
 GET /api/demo/runs/prj_09047604e591d969/runpod-status 200 in 19ms (next.js: 6ms, proxy.ts: 2ms, application-code: 10ms)
 GET /api/demo/runs/prj_09047604e591d969/reports 200 in 15ms (next.js: 7ms, proxy.ts: 1650µs, application-code: 6ms)
 GET /api/demo/runs/prj_09047604e591d969/reports 200 in 12ms (next.js: 4ms, proxy.ts: 2ms, application-code: 6ms)
 GET /api/demo/runs/prj_09047604e591d969/reports 200 in 17ms (next.js: 8ms, proxy.ts: 3ms, application-code: 6ms)
 GET /api/demo/runs/prj_09047604e591d969/reports 200 in 19ms (next.js: 10ms, proxy.ts: 1607µs, application-code: 8ms)
 GET /api/demo/runs/prj_09047604e591d969/reports 200 in 17ms (next.js: 8ms, proxy.ts: 1848µs, application-code: 7ms)
 GET /api/demo/runs/prj_09047604e591d969/reports 200 in 16ms (next.js: 10ms, proxy.ts: 1789µs, application-code: 5ms)
 GET /api/demo/runs/prj_09047604e591d969/runpod-status 200 in 19ms (next.js: 7ms, proxy.ts: 3ms, application-code: 10ms)
 GET /api/demo/runs/prj_09047604e591d969/reports 200 in 16ms (next.js: 6ms, proxy.ts: 2ms, application-code: 7ms)
 GET /api/demo/runs/prj_09047604e591d969/reports 200 in 12ms (next.js: 4ms, proxy.ts: 1927µs, application-code: 6ms)
 GET /api/demo/runs/prj_09047604e591d969/runpod-status 200 in 20ms (next.js: 7ms, proxy.ts: 5ms, application-code: 8ms)
 GET /api/demo/runs/prj_09047604e591d969/reports 200 in 18ms (next.js: 9ms, proxy.ts: 1948µs, application-code: 7ms)
 GET /api/demo/runs/prj_09047604e591d969/reports 200 in 20ms (next.js: 10ms, proxy.ts: 1670µs, application-code: 8ms)
 GET /api/demo/runs/prj_09047604e591d969/reports 200 in 18ms (next.js: 8ms, proxy.ts: 3ms, application-code: 8ms)
 GET /api/demo/runs/prj_09047604e591d969/reports 200 in 20ms (next.js: 10ms, proxy.ts: 2ms, application-code: 7ms)
 GET /api/demo/runs/prj_09047604e591d969/reports 200 in 18ms (next.js: 9ms, proxy.ts: 2ms, application-code: 6ms)
 GET /api/demo/runs/prj_09047604e591d969/reports 200 in 17ms (next.js: 10ms, proxy.ts: 1965µs, application-code: 6ms)
 GET /api/demo/runs/prj_09047604e591d969/runpod-status 200 in 18ms (next.js: 7ms, proxy.ts: 2ms, application-code: 9ms)
 GET /api/demo/runs/prj_09047604e591d969/reports 200 in 20ms (next.js: 8ms, proxy.ts: 2ms, application-code: 10ms)
 GET /api/demo/runs/prj_09047604e591d969/reports 200 in 9ms (next.js: 1926µs, proxy.ts: 1900µs, application-code: 5ms)
 GET /api/demo/runs/prj_09047604e591d969/runpod-status 200 in 19ms (next.js: 6ms, proxy.ts: 3ms, application-code: 10ms)
 GET /api/demo/runs/prj_09047604e591d969/reports 200 in 18ms (next.js: 9ms, proxy.ts: 2ms, application-code: 6ms)
 GET /api/demo/runs/prj_09047604e591d969/reports 200 in 17ms (next.js: 9ms, proxy.ts: 2ms, application-code: 5ms)
 GET /api/demo/runs/prj_09047604e591d969/reports 200 in 18ms (next.js: 6ms, proxy.ts: 2ms, application-code: 10ms)
 GET /api/demo/runs/prj_09047604e591d969/reports 200 in 10ms (next.js: 2ms, proxy.ts: 2ms, application-code: 5ms)
 GET /api/demo/runs/prj_09047604e591d969/reports 200 in 17ms (next.js: 8ms, proxy.ts: 3ms, application-code: 7ms)
 GET /api/demo/runs/prj_09047604e591d969/reports 200 in 18ms (next.js: 10ms, proxy.ts: 2ms, application-code: 6ms)
 GET /api/demo/runs/prj_09047604e591d969/runpod-status 200 in 25ms (next.js: 11ms, proxy.ts: 4ms, application-code: 11ms)
 GET /api/demo/runs/prj_09047604e591d969/runpod-status 200 in 29ms (next.js: 14ms, proxy.ts: 3ms, application-code: 12ms)
 GET /api/demo/runs/prj_09047604e591d969/runpod-status 200 in 19ms (next.js: 7ms, proxy.ts: 2ms, application-code: 10ms)
 GET /api/demo/runs/prj_09047604e591d969/reports 200 in 19ms (next.js: 8ms, proxy.ts: 3ms, application-code: 8ms)
 GET /api/demo/runs/prj_09047604e591d969/reports 200 in 19ms (next.js: 10ms, proxy.ts: 2ms, application-code: 6ms)
 GET /api/demo/runs/prj_09047604e591d969/runpod-status 200 in 20ms (next.js: 7ms, proxy.ts: 3ms, application-code: 10ms)
 GET /api/demo/runs/prj_09047604e591d969/reports 200 in 20ms (next.js: 10ms, proxy.ts: 2ms, application-code: 8ms)
 GET /api/demo/runs/prj_09047604e591d969/reports 200 in 19ms (next.js: 10ms, proxy.ts: 3ms, application-code: 6ms)
 GET /api/demo/runs/prj_09047604e591d969/reports 200 in 18ms (next.js: 7ms, proxy.ts: 3ms, application-code: 8ms)
 GET /api/demo/runs/prj_09047604e591d969/reports 200 in 19ms (next.js: 10ms, proxy.ts: 2ms, application-code: 7ms)
 GET /api/demo/runs/prj_09047604e591d969/reports 200 in 20ms (next.js: 8ms, proxy.ts: 4ms, application-code: 9ms)
 GET /api/demo/runs/prj_09047604e591d969/reports 200 in 21ms (next.js: 10ms, proxy.ts: 3ms, application-code: 8ms)
 GET /api/demo/runs/prj_09047604e591d969/runpod-status 200 in 20ms (next.js: 7ms, proxy.ts: 2ms, application-code: 11ms)
 GET /api/demo/runs/prj_09047604e591d969/reports 200 in 22ms (next.js: 9ms, proxy.ts: 3ms, application-code: 10ms)
 GET /api/demo/runs/prj_09047604e591d969/reports 200 in 25ms (next.js: 12ms, proxy.ts: 2ms, application-code: 10ms)
 GET /api/demo/runs/prj_09047604e591d969/runpod-status 200 in 18ms (next.js: 6ms, proxy.ts: 3ms, application-code: 8ms)
 GET /api/demo/runs/prj_09047604e591d969/reports 200 in 19ms (next.js: 8ms, proxy.ts: 3ms, application-code: 8ms)
 GET /api/demo/runs/prj_09047604e591d969/reports 200 in 20ms (next.js: 11ms, proxy.ts: 2ms, application-code: 6ms)
 GET /api/demo/runs/prj_09047604e591d969/reports 200 in 16ms (next.js: 7ms, proxy.ts: 3ms, application-code: 6ms)
 GET /api/demo/runs/prj_09047604e591d969/reports 200 in 17ms (next.js: 10ms, proxy.ts: 2ms, application-code: 6ms)
 GET /api/demo/runs/prj_09047604e591d969/reports 200 in 15ms (next.js: 7ms, proxy.ts: 1927µs, application-code: 7ms)
 GET /api/demo/runs/prj_09047604e591d969/reports 200 in 12ms (next.js: 4ms, proxy.ts: 2ms, application-code: 6ms)
 GET /api/demo/runs/prj_09047604e591d969/runpod-status 200 in 18ms (next.js: 7ms, proxy.ts: 3ms, application-code: 8ms)
 GET /api/demo/runs/prj_09047604e591d969/reports 200 in 17ms (next.js: 8ms, proxy.ts: 2ms, application-code: 7ms)
 GET /api/demo/runs/prj_09047604e591d969/reports 200 in 22ms (next.js: 10ms, proxy.ts: 2ms, application-code: 9ms)
 GET /api/demo/runs/prj_09047604e591d969/runpod-status 200 in 19ms (next.js: 7ms, proxy.ts: 3ms, application-code: 9ms)
 GET /api/demo/runs/prj_09047604e591d969/reports 200 in 16ms (next.js: 6ms, proxy.ts: 2ms, application-code: 7ms)
 GET /api/demo/runs/prj_09047604e591d969/reports 200 in 14ms (next.js: 4ms, proxy.ts: 2ms, application-code: 7ms)
 GET /api/demo/runs/prj_09047604e591d969/reports 200 in 19ms (next.js: 8ms, proxy.ts: 2ms, application-code: 9ms)
 GET /api/demo/runs/prj_09047604e591d969/reports 200 in 20ms (next.js: 10ms, proxy.ts: 2ms, application-code: 8ms)
 GET /api/demo/runs/prj_09047604e591d969/reports 200 in 17ms (next.js: 7ms, proxy.ts: 3ms, application-code: 7ms)
 GET /api/demo/runs/prj_09047604e591d969/reports 200 in 18ms (next.js: 9ms, proxy.ts: 2ms, application-code: 6ms)
 GET /api/demo/runs/prj_09047604e591d969/runpod-status 200 in 19ms (next.js: 7ms, proxy.ts: 2ms, application-code: 11ms)
 GET /api/demo/runs/prj_09047604e591d969/reports 200 in 17ms (next.js: 7ms, proxy.ts: 2ms, application-code: 8ms)
 GET /api/demo/runs/prj_09047604e591d969/reports 200 in 14ms (next.js: 4ms, proxy.ts: 1998µs, application-code: 8ms)
 GET /api/demo/runs/prj_09047604e591d969/runpod-status 200 in 18ms (next.js: 8ms, proxy.ts: 2ms, application-code: 8ms)
 GET /api/demo/runs/prj_09047604e591d969/reports 200 in 18ms (next.js: 8ms, proxy.ts: 3ms, application-code: 7ms)
 GET /api/demo/runs/prj_09047604e591d969/reports 200 in 19ms (next.js: 10ms, proxy.ts: 2ms, application-code: 7ms)
 GET /api/demo/runs/prj_09047604e591d969/reports 200 in 17ms (next.js: 8ms, proxy.ts: 2ms, application-code: 6ms)
 GET /api/demo/runs/prj_09047604e591d969/reports 200 in 16ms (next.js: 10ms, proxy.ts: 1703µs, application-code: 5ms)
 GET /api/demo/runs/prj_09047604e591d969/reports 200 in 18ms (next.js: 8ms, proxy.ts: 1925µs, application-code: 8ms)
 GET /api/demo/runs/prj_09047604e591d969/reports 200 in 17ms (next.js: 2ms, proxy.ts: 10ms, application-code: 5ms)
 GET /api/demo/runs/prj_09047604e591d969/runpod-status 200 in 19ms (next.js: 7ms, proxy.ts: 3ms, application-code: 9ms)
 GET /api/demo/runs/prj_09047604e591d969/reports 200 in 18ms (next.js: 6ms, proxy.ts: 1746µs, application-code: 10ms)
 GET /api/demo/runs/prj_09047604e591d969/reports 200 in 9ms (next.js: 2ms, proxy.ts: 1862µs, application-code: 5ms)
 GET /api/demo/runs/prj_09047604e591d969/runpod-status 200 in 20ms (next.js: 6ms, proxy.ts: 2ms, application-code: 11ms)
 GET /api/demo/runs/prj_09047604e591d969/reports 200 in 18ms (next.js: 8ms, proxy.ts: 2ms, application-code: 8ms)
 GET /api/demo/runs/prj_09047604e591d969/reports 200 in 17ms (next.js: 10ms, proxy.ts: 1861µs, application-code: 6ms)
 GET /api/demo/runs/prj_09047604e591d969/reports 200 in 18ms (next.js: 8ms, proxy.ts: 3ms, application-code: 8ms)
 GET /api/demo/runs/prj_09047604e591d969/reports 200 in 19ms (next.js: 12ms, proxy.ts: 2ms, application-code: 5ms)
 GET /api/demo/runs/prj_09047604e591d969/reports 200 in 15ms (next.js: 7ms, proxy.ts: 1745µs, application-code: 7ms)
 GET /api/demo/runs/prj_09047604e591d969/reports 200 in 11ms (next.js: 4ms, proxy.ts: 1827µs, application-code: 5ms)
 GET /api/demo/runs/prj_09047604e591d969/runpod-status 200 in 21ms (next.js: 6ms, proxy.ts: 2ms, application-code: 13ms)
 GET /api/demo/runs/prj_09047604e591d969/reports 200 in 18ms (next.js: 8ms, proxy.ts: 2ms, application-code: 8ms)
 GET /api/demo/runs/prj_09047604e591d969/reports 200 in 14ms (next.js: 4ms, proxy.ts: 2ms, application-code: 7ms)
 GET /api/demo/runs/prj_09047604e591d969/runpod-status 200 in 20ms (next.js: 7ms, proxy.ts: 4ms, application-code: 10ms)
 GET /api/demo/runs/prj_09047604e591d969/reports 200 in 19ms (next.js: 7ms, proxy.ts: 2ms, application-code: 10ms)
 GET /api/demo/runs/prj_09047604e591d969/reports 200 in 13ms (next.js: 2ms, proxy.ts: 2ms, application-code: 9ms)
 GET /api/demo/runs/prj_09047604e591d969/reports 200 in 18ms (next.js: 7ms, proxy.ts: 3ms, application-code: 8ms)
 GET /api/demo/runs/prj_09047604e591d969/reports 200 in 20ms (next.js: 10ms, proxy.ts: 2ms, application-code: 8ms)
 GET /api/demo/runs/prj_09047604e591d969/reports 200 in 18ms (next.js: 7ms, proxy.ts: 3ms, application-code: 8ms)
 GET /api/demo/runs/prj_09047604e591d969/reports 200 in 21ms (next.js: 9ms, proxy.ts: 3ms, application-code: 9ms)
 GET /api/demo/runs/prj_09047604e591d969/runpod-status 200 in 24ms (next.js: 10ms, proxy.ts: 3ms, application-code: 11ms)
 GET /api/demo/runs/prj_09047604e591d969/runpod-status 200 in 25ms (next.js: 12ms, proxy.ts: 2ms, application-code: 10ms)
 GET /api/demo/runs/prj_09047604e591d969/runpod-status 200 in 21ms (next.js: 7ms, proxy.ts: 4ms, application-code: 10ms)
 GET /api/demo/runs/prj_09047604e591d969/reports 200 in 17ms (next.js: 8ms, proxy.ts: 3ms, application-code: 6ms)
 GET /api/demo/runs/prj_09047604e591d969/reports 200 in 19ms (next.js: 10ms, proxy.ts: 3ms, application-code: 6ms)
 GET /api/demo/runs/prj_09047604e591d969/runpod-status 200 in 18ms (next.js: 7ms, proxy.ts: 2ms, application-code: 9ms)
 GET /api/demo/runs/prj_09047604e591d969/reports 200 in 22ms (next.js: 11ms, proxy.ts: 3ms, application-code: 8ms)
 GET /api/demo/runs/prj_09047604e591d969/reports 200 in 22ms (next.js: 13ms, proxy.ts: 2ms, application-code: 7ms)
 GET /api/demo/runs/prj_09047604e591d969/reports 200 in 19ms (next.js: 6ms, proxy.ts: 3ms, application-code: 10ms)
 GET /api/demo/runs/prj_09047604e591d969/reports 200 in 10ms (next.js: 2ms, proxy.ts: 1967µs, application-code: 5ms)
 GET /api/demo/runs/prj_09047604e591d969/reports 200 in 15ms (next.js: 7ms, proxy.ts: 2ms, application-code: 7ms)
 GET /api/demo/runs/prj_09047604e591d969/reports 200 in 12ms (next.js: 4ms, proxy.ts: 1898µs, application-code: 6ms)
 GET /api/demo/runs/prj_09047604e591d969/runpod-status 200 in 19ms (next.js: 7ms, proxy.ts: 3ms, application-code: 10ms)
 GET /api/demo/runs/prj_09047604e591d969/reports 200 in 23ms (next.js: 8ms, proxy.ts: 3ms, application-code: 12ms)
 GET /api/demo/runs/prj_09047604e591d969/reports 200 in 13ms (next.js: 2ms, proxy.ts: 1783µs, application-code: 9ms)
 GET /api/demo/runs/prj_09047604e591d969/runpod-status 200 in 19ms (next.js: 6ms, proxy.ts: 1851µs, application-code: 11ms)
 GET /api/demo/runs/prj_09047604e591d969/reports 200 in 15ms (next.js: 6ms, proxy.ts: 1704µs, application-code: 7ms)
 GET /api/demo/runs/prj_09047604e591d969/reports 200 in 12ms (next.js: 4ms, proxy.ts: 3ms, application-code: 6ms)
 GET /api/demo/runs/prj_09047604e591d969/reports 200 in 20ms (next.js: 8ms, proxy.ts: 4ms, application-code: 8ms)
 GET /api/demo/runs/prj_09047604e591d969/reports 200 in 22ms (next.js: 11ms, proxy.ts: 4ms, application-code: 8ms)
 GET /api/demo/runs/prj_09047604e591d969/reports 200 in 19ms (next.js: 7ms, proxy.ts: 2ms, application-code: 10ms)
 GET /api/demo/runs/prj_09047604e591d969/reports 200 in 9ms (next.js: 2ms, proxy.ts: 1843µs, application-code: 5ms)
 GET /api/demo/runs/prj_09047604e591d969/runpod-status 200 in 20ms (next.js: 6ms, proxy.ts: 4ms, application-code: 9ms)
 GET /api/demo/runs/prj_09047604e591d969/reports 200 in 17ms (next.js: 8ms, proxy.ts: 2ms, application-code: 7ms)
 GET /api/demo/runs/prj_09047604e591d969/reports 200 in 13ms (next.js: 5ms, proxy.ts: 2ms, application-code: 6ms)
 GET /api/demo/runs/prj_09047604e591d969/runpod-status 200 in 20ms (next.js: 7ms, proxy.ts: 3ms, application-code: 11ms)
 GET /api/demo/runs/prj_09047604e591d969/reports 200 in 18ms (next.js: 8ms, proxy.ts: 1762µs, application-code: 8ms)
 GET /api/demo/runs/prj_09047604e591d969/reports 200 in 20ms (next.js: 10ms, proxy.ts: 1986µs, application-code: 8ms)
 GET /api/demo/runs/prj_09047604e591d969/reports 200 in 15ms (next.js: 6ms, proxy.ts: 1744µs, application-code: 7ms)
 GET /api/demo/runs/prj_09047604e591d969/reports 200 in 12ms (next.js: 4ms, proxy.ts: 2ms, application-code: 5ms)
 GET /api/demo/runs/prj_09047604e591d969/reports 200 in 18ms (next.js: 8ms, proxy.ts: 2ms, application-code: 8ms)
 GET /api/demo/runs/prj_09047604e591d969/reports 200 in 19ms (next.js: 2ms, proxy.ts: 9ms, application-code: 7ms)
 GET /api/demo/runs/prj_09047604e591d969/runpod-status 200 in 20ms (next.js: 6ms, proxy.ts: 4ms, application-code: 10ms)
 GET /api/demo/runs/prj_09047604e591d969/reports 200 in 19ms (next.js: 8ms, proxy.ts: 3ms, application-code: 8ms)
 GET /api/demo/runs/prj_09047604e591d969/reports 200 in 18ms (next.js: 10ms, proxy.ts: 2ms, application-code: 6ms)
 GET /api/demo/runs/prj_09047604e591d969/runpod-status 200 in 19ms (next.js: 7ms, proxy.ts: 2ms, application-code: 11ms)
 GET /api/demo/runs/prj_09047604e591d969/reports 200 in 17ms (next.js: 8ms, proxy.ts: 1722µs, application-code: 8ms)
 GET /api/demo/runs/prj_09047604e591d969/reports 200 in 17ms (next.js: 9ms, proxy.ts: 1718µs, application-code: 6ms)
 GET /api/demo/runs/prj_09047604e591d969/reports 200 in 18ms (next.js: 9ms, proxy.ts: 1843µs, application-code: 8ms)
 GET /api/demo/runs/prj_09047604e591d969/reports 200 in 25ms (next.js: 5ms, proxy.ts: 3ms, application-code: 17ms)
 GET /api/demo/runs/prj_09047604e591d969/reports 200 in 16ms (next.js: 7ms, proxy.ts: 2ms, application-code: 7ms)
 GET /api/demo/runs/prj_09047604e591d969/reports 200 in 13ms (next.js: 4ms, proxy.ts: 1837µs, application-code: 7ms)
 GET /api/demo/runs/prj_09047604e591d969/runpod-status 200 in 20ms (next.js: 8ms, proxy.ts: 2ms, application-code: 9ms)
 GET /api/demo/runs/prj_09047604e591d969/reports 200 in 21ms (next.js: 9ms, proxy.ts: 4ms, application-code: 8ms)
 GET /api/demo/runs/prj_09047604e591d969/reports 200 in 23ms (next.js: 11ms, proxy.ts: 3ms, application-code: 8ms)
 GET /api/demo/runs/prj_09047604e591d969/runpod-status 200 in 24ms (next.js: 11ms, proxy.ts: 3ms, application-code: 11ms)
 GET /api/demo/runs/prj_09047604e591d969/reports 200 in 16ms (next.js: 7ms, proxy.ts: 3ms, application-code: 6ms)
 GET /api/demo/runs/prj_09047604e591d969/reports 200 in 17ms (next.js: 9ms, proxy.ts: 2ms, application-code: 5ms)
 GET /api/demo/runs/prj_09047604e591d969/reports 200 in 19ms (next.js: 7ms, proxy.ts: 3ms, application-code: 10ms)
 GET /api/demo/runs/prj_09047604e591d969/reports 200 in 21ms (next.js: 10ms, proxy.ts: 2ms, application-code: 9ms)
 GET /api/demo/runs/prj_09047604e591d969/reports 200 in 19ms (next.js: 7ms, proxy.ts: 2ms, application-code: 10ms)
 GET /api/demo/runs/prj_09047604e591d969/reports 200 in 9ms (next.js: 1911µs, proxy.ts: 1591µs, application-code: 5ms)
 GET /api/demo/runs/prj_09047604e591d969/runpod-status 200 in 17ms (next.js: 6ms, proxy.ts: 2ms, application-code: 8ms)
 GET /api/demo/runs/prj_09047604e591d969/reports 200 in 17ms (next.js: 8ms, proxy.ts: 2ms, application-code: 7ms)
 GET /api/demo/runs/prj_09047604e591d969/reports 200 in 22ms (next.js: 15ms, proxy.ts: 1684µs, application-code: 5ms)
 GET /api/demo/runs/prj_09047604e591d969/runpod-status 200 in 19ms (next.js: 7ms, proxy.ts: 2ms, application-code: 10ms)
 GET /api/demo/runs/prj_09047604e591d969/reports 200 in 18ms (next.js: 7ms, proxy.ts: 1733µs, application-code: 10ms)
 GET /api/demo/runs/prj_09047604e591d969/reports 200 in 12ms (next.js: 1874µs, proxy.ts: 1834µs, application-code: 9ms)
 GET /api/demo/runs/prj_09047604e591d969/reports 200 in 21ms (next.js: 10ms, proxy.ts: 2ms, application-code: 9ms)
 GET /api/demo/runs/prj_09047604e591d969/reports 200 in 16ms (next.js: 2ms, proxy.ts: 9ms, application-code: 5ms)
 GET /api/demo/runs/prj_09047604e591d969/runpod-status 200 in 22ms (next.js: 9ms, proxy.ts: 4ms, application-code: 9ms)
 GET /api/demo/runs/prj_09047604e591d969/runpod-status 200 in 26ms (next.js: 11ms, proxy.ts: 3ms, application-code: 12ms)
 GET /api/demo/runs/prj_09047604e591d969/reports 200 in 19ms (next.js: 7ms, proxy.ts: 1870µs, application-code: 10ms)
 GET /api/demo/runs/prj_09047604e591d969/reports 200 in 10ms (next.js: 2ms, proxy.ts: 2ms, application-code: 5ms)
 GET /api/demo/runs/prj_09047604e591d969/runpod-status 200 in 20ms (next.js: 7ms, proxy.ts: 3ms, application-code: 10ms)
 GET /api/demo/runs/prj_09047604e591d969/reports 200 in 19ms (next.js: 8ms, proxy.ts: 3ms, application-code: 8ms)
 GET /api/demo/runs/prj_09047604e591d969/reports 200 in 18ms (next.js: 10ms, proxy.ts: 1721µs, application-code: 6ms)
 GET /api/demo/runs/prj_09047604e591d969/runpod-status 200 in 21ms (next.js: 7ms, proxy.ts: 3ms, application-code: 11ms)
 GET /api/demo/runs/prj_09047604e591d969/reports 200 in 18ms (next.js: 6ms, proxy.ts: 1774µs, application-code: 10ms)
 GET /api/demo/runs/prj_09047604e591d969/reports 200 in 9ms (next.js: 2ms, proxy.ts: 2ms, application-code: 5ms)
 GET /api/demo/runs/prj_09047604e591d969/reports 200 in 15ms (next.js: 6ms, proxy.ts: 2ms, application-code: 7ms)
 GET /api/demo/runs/prj_09047604e591d969/reports 200 in 12ms (next.js: 4ms, proxy.ts: 3ms, application-code: 6ms)
 GET /api/demo/runs/prj_09047604e591d969/reports 200 in 18ms (next.js: 7ms, proxy.ts: 3ms, application-code: 8ms)
 GET /api/demo/runs/prj_09047604e591d969/reports 200 in 20ms (next.js: 9ms, proxy.ts: 2ms, application-code: 8ms)
 GET /api/demo/runs/prj_09047604e591d969/runpod-status 200 in 18ms (next.js: 7ms, proxy.ts: 2ms, application-code: 8ms)
 GET /api/demo/runs/prj_09047604e591d969/reports 200 in 18ms (next.js: 7ms, proxy.ts: 2ms, application-code: 8ms)
 GET /api/demo/runs/prj_09047604e591d969/reports 200 in 19ms (next.js: 10ms, proxy.ts: 2ms, application-code: 7ms)
 GET /api/demo/runs/prj_09047604e591d969/runpod-status 200 in 19ms (next.js: 6ms, proxy.ts: 1841µs, application-code: 11ms)
 GET /api/demo/runs/prj_09047604e591d969/reports 200 in 18ms (next.js: 7ms, proxy.ts: 3ms, application-code: 8ms)
 GET /api/demo/runs/prj_09047604e591d969/reports 200 in 18ms (next.js: 10ms, proxy.ts: 2ms, application-code: 6ms)
 GET /api/demo/runs/prj_09047604e591d969/reports 200 in 20ms (next.js: 9ms, proxy.ts: 3ms, application-code: 8ms)
 GET /api/demo/runs/prj_09047604e591d969/reports 200 in 21ms (next.js: 11ms, proxy.ts: 3ms, application-code: 7ms)
 GET /api/demo/runs/prj_09047604e591d969/reports 200 in 19ms (next.js: 7ms, proxy.ts: 1852µs, application-code: 11ms)
 GET /api/demo/runs/prj_09047604e591d969/reports 200 in 10ms (next.js: 2ms, proxy.ts: 2ms, application-code: 6ms)
 GET /api/demo/runs/prj_09047604e591d969/runpod-status 200 in 20ms (next.js: 7ms, proxy.ts: 3ms, application-code: 10ms)
 GET /api/demo/runs/prj_09047604e591d969/reports 200 in 15ms (next.js: 6ms, proxy.ts: 1740µs, application-code: 7ms)
 GET /api/demo/runs/prj_09047604e591d969/reports 200 in 11ms (next.js: 4ms, proxy.ts: 1987µs, application-code: 6ms)
 GET /api/demo/runs/prj_09047604e591d969/runpod-status 200 in 17ms (next.js: 7ms, proxy.ts: 2ms, application-code: 8ms)
 GET /api/demo/runs/prj_09047604e591d969/reports 200 in 18ms (next.js: 7ms, proxy.ts: 3ms, application-code: 8ms)
 GET /api/demo/runs/prj_09047604e591d969/reports 200 in 14ms (next.js: 4ms, proxy.ts: 2ms, application-code: 7ms)
 GET /api/demo/runs/prj_09047604e591d969/reports 200 in 20ms (next.js: 9ms, proxy.ts: 2ms, application-code: 9ms)
 GET /api/demo/runs/prj_09047604e591d969/reports 200 in 22ms (next.js: 11ms, proxy.ts: 1993µs, application-code: 8ms)
 GET /api/demo/runs/prj_09047604e591d969/reports 200 in 19ms (next.js: 8ms, proxy.ts: 3ms, application-code: 8ms)
 GET /api/demo/runs/prj_09047604e591d969/reports 200 in 19ms (next.js: 10ms, proxy.ts: 2ms, application-code: 7ms)
 GET /api/demo/runs/prj_09047604e591d969/runpod-status 200 in 18ms (next.js: 7ms, proxy.ts: 1846µs, application-code: 9ms)
 GET /api/demo/runs/prj_09047604e591d969/reports 200 in 19ms (next.js: 7ms, proxy.ts: 2ms, application-code: 10ms)
 GET /api/demo/runs/prj_09047604e591d969/reports 200 in 8ms (next.js: 1919µs, proxy.ts: 1734µs, application-code: 5ms)
 GET /api/demo/runs/prj_09047604e591d969/runpod-status 200 in 18ms (next.js: 7ms, proxy.ts: 2ms, application-code: 10ms)
 GET /api/demo/runs/prj_09047604e591d969/reports 200 in 16ms (next.js: 7ms, proxy.ts: 1953µs, application-code: 7ms)
 GET /api/demo/runs/prj_09047604e591d969/reports 200 in 11ms (next.js: 4ms, proxy.ts: 1855µs, application-code: 6ms)
 GET /api/demo/runs/prj_09047604e591d969/reports 200 in 18ms (next.js: 8ms, proxy.ts: 3ms, application-code: 8ms)
 GET /api/demo/runs/prj_09047604e591d969/reports 200 in 24ms (next.js: 5ms, proxy.ts: 10ms, application-code: 8ms)
 GET /api/demo/runs/prj_09047604e591d969/reports 200 in 18ms (next.js: 8ms, proxy.ts: 3ms, application-code: 7ms)
 GET /api/demo/runs/prj_09047604e591d969/reports 200 in 20ms (next.js: 10ms, proxy.ts: 1785µs, application-code: 8ms)
 GET /api/demo/runs/prj_09047604e591d969/runpod-status 200 in 20ms (next.js: 7ms, proxy.ts: 3ms, application-code: 10ms)
 GET /api/demo/runs/prj_09047604e591d969/reports 200 in 20ms (next.js: 7ms, proxy.ts: 3ms, application-code: 10ms)
 GET /api/demo/runs/prj_09047604e591d969/reports 200 in 9ms (next.js: 2ms, proxy.ts: 1952µs, application-code: 5ms)
 GET /api/demo/runs/prj_09047604e591d969/runpod-status 200 in 20ms (next.js: 7ms, proxy.ts: 2ms, application-code: 11ms)
 GET /api/demo/runs/prj_09047604e591d969/reports 200 in 20ms (next.js: 9ms, proxy.ts: 2ms, application-code: 8ms)
 GET /api/demo/runs/prj_09047604e591d969/reports 200 in 18ms (next.js: 10ms, proxy.ts: 1991µs, application-code: 6ms)
 GET /api/demo/runs/prj_09047604e591d969/reports 200 in 19ms (next.js: 7ms, proxy.ts: 1685µs, application-code: 11ms)
 GET /api/demo/runs/prj_09047604e591d969/reports 200 in 10ms (next.js: 2ms, proxy.ts: 2ms, application-code: 6ms)
 GET /api/demo/runs/prj_09047604e591d969/reports 200 in 20ms (next.js: 9ms, proxy.ts: 2ms, application-code: 9ms)
 GET /api/demo/runs/prj_09047604e591d969/reports 200 in 19ms (next.js: 10ms, proxy.ts: 1686µs, application-code: 7ms)
 GET /api/demo/runs/prj_09047604e591d969/runpod-status 200 in 19ms (next.js: 7ms, proxy.ts: 1833µs, application-code: 10ms)
 GET /api/demo/runs/prj_09047604e591d969/reports 200 in 18ms (next.js: 7ms, proxy.ts: 1983µs, application-code: 10ms)
 GET /api/demo/runs/prj_09047604e591d969/reports 200 in 10ms (next.js: 2ms, proxy.ts: 3ms, application-code: 5ms)
 GET /api/demo/runs/prj_09047604e591d969/runpod-status 200 in 19ms (next.js: 7ms, proxy.ts: 3ms, application-code: 9ms)
 GET /api/demo/runs/prj_09047604e591d969/reports 200 in 18ms (next.js: 8ms, proxy.ts: 2ms, application-code: 8ms)
 GET /api/demo/runs/prj_09047604e591d969/reports 200 in 18ms (next.js: 9ms, proxy.ts: 1985µs, application-code: 6ms)
 GET /api/demo/runs/prj_09047604e591d969/reports 200 in 20ms (next.js: 7ms, proxy.ts: 3ms, application-code: 9ms)
 GET /api/demo/runs/prj_09047604e591d969/reports 200 in 20ms (next.js: 11ms, proxy.ts: 2ms, application-code: 7ms)
 GET /api/demo/runs/prj_09047604e591d969/runpod-status 200 in 23ms (next.js: 9ms, proxy.ts: 2ms, application-code: 11ms)
 GET /api/demo/runs/prj_09047604e591d969/runpod-status 200 in 23ms (next.js: 3ms, proxy.ts: 11ms, application-code: 9ms)
 GET /api/demo/runs/prj_09047604e591d969/reports 200 in 20ms (next.js: 9ms, proxy.ts: 2ms, application-code: 8ms)
 GET /api/demo/runs/prj_09047604e591d969/reports 200 in 20ms (next.js: 10ms, proxy.ts: 2ms, application-code: 7ms)
 GET /api/demo/runs/prj_09047604e591d969/runpod-status 200 in 20ms (next.js: 7ms, proxy.ts: 2ms, application-code: 11ms)
 GET /api/demo/runs/prj_09047604e591d969/reports 200 in 19ms (next.js: 8ms, proxy.ts: 3ms, application-code: 9ms)
 GET /api/demo/runs/prj_09047604e591d969/reports 200 in 14ms (next.js: 5ms, proxy.ts: 3ms, application-code: 7ms)
 GET /api/demo/runs/prj_09047604e591d969/runpod-status 200 in 25ms (next.js: 9ms, proxy.ts: 3ms, application-code: 12ms)
 GET /api/demo/runs/prj_09047604e591d969/reports 200 in 19ms (next.js: 9ms, proxy.ts: 4ms, application-code: 7ms)
 GET /api/demo/runs/prj_09047604e591d969/reports 200 in 22ms (next.js: 11ms, proxy.ts: 3ms, application-code: 8ms)
 GET /api/demo/runs/prj_09047604e591d969/reports 200 in 17ms (next.js: 7ms, proxy.ts: 3ms, application-code: 7ms)
 GET /api/demo/runs/prj_09047604e591d969/reports 200 in 18ms (next.js: 10ms, proxy.ts: 2ms, application-code: 6ms)
 GET /api/demo/runs/prj_09047604e591d969/reports 200 in 18ms (next.js: 9ms, proxy.ts: 2ms, application-code: 8ms)
 GET /api/demo/runs/prj_09047604e591d969/reports 200 in 19ms (next.js: 10ms, proxy.ts: 2ms, application-code: 7ms)
 GET /api/demo/runs/prj_09047604e591d969/runpod-status 200 in 19ms (next.js: 6ms, proxy.ts: 2ms, application-code: 10ms)
 GET /api/demo/runs/prj_09047604e591d969/reports 200 in 18ms (next.js: 9ms, proxy.ts: 3ms, application-code: 6ms)
 GET /api/demo/runs/prj_09047604e591d969/reports 200 in 20ms (next.js: 12ms, proxy.ts: 2ms, application-code: 6ms)
 GET /api/demo/runs/prj_09047604e591d969/runpod-status 200 in 17ms (next.js: 6ms, proxy.ts: 1772µs, application-code: 8ms)
 GET /api/demo/runs/prj_09047604e591d969/reports 200 in 18ms (next.js: 7ms, proxy.ts: 1720µs, application-code: 9ms)
 GET /api/demo/runs/prj_09047604e591d969/reports 200 in 10ms (next.js: 1993µs, proxy.ts: 1982µs, application-code: 6ms)
 GET /api/demo/runs/prj_09047604e591d969/reports 200 in 16ms (next.js: 6ms, proxy.ts: 1940µs, application-code: 7ms)
 GET /api/demo/runs/prj_09047604e591d969/reports 200 in 12ms (next.js: 4ms, proxy.ts: 3ms, application-code: 5ms)
 GET /api/demo/runs/prj_09047604e591d969/reports 200 in 19ms (next.js: 8ms, proxy.ts: 1928µs, application-code: 9ms)
 GET /api/demo/runs/prj_09047604e591d969/reports 200 in 20ms (next.js: 3ms, proxy.ts: 9ms, application-code: 8ms)
 GET /api/demo/runs/prj_09047604e591d969/runpod-status 200 in 19ms (next.js: 7ms, proxy.ts: 2ms, application-code: 10ms)
 GET /api/demo/runs/prj_09047604e591d969/reports 200 in 15ms (next.js: 6ms, proxy.ts: 2ms, application-code: 7ms)
 GET /api/demo/runs/prj_09047604e591d969/reports 200 in 13ms (next.js: 4ms, proxy.ts: 1949µs, application-code: 7ms)
 GET /api/demo/runs/prj_09047604e591d969/runpod-status 200 in 20ms (next.js: 8ms, proxy.ts: 2ms, application-code: 10ms)
 GET /api/demo/runs/prj_09047604e591d969/reports 200 in 18ms (next.js: 7ms, proxy.ts: 3ms, application-code: 8ms)
 GET /api/demo/runs/prj_09047604e591d969/reports 200 in 19ms (next.js: 10ms, proxy.ts: 2ms, application-code: 7ms)
 GET /api/demo/runs/prj_09047604e591d969/reports 200 in 16ms (next.js: 7ms, proxy.ts: 3ms, application-code: 6ms)
 GET /api/demo/runs/prj_09047604e591d969/reports 200 in 17ms (next.js: 10ms, proxy.ts: 2ms, application-code: 5ms)
 GET /api/demo/runs/prj_09047604e591d969/reports 200 in 18ms (next.js: 7ms, proxy.ts: 1789µs, application-code: 9ms)
 GET /api/demo/runs/prj_09047604e591d969/reports 200 in 9ms (next.js: 2ms, proxy.ts: 2ms, application-code: 5ms)
 GET /api/demo/runs/prj_09047604e591d969/runpod-status 200 in 19ms (next.js: 7ms, proxy.ts: 2ms, application-code: 10ms)
 GET /api/demo/runs/prj_09047604e591d969/reports 200 in 22ms (next.js: 8ms, proxy.ts: 3ms, application-code: 11ms)
 GET /api/demo/runs/prj_09047604e591d969/reports 200 in 12ms (next.js: 3ms, proxy.ts: 2ms, application-code: 7ms)
 GET /api/demo/runs/prj_09047604e591d969/runpod-status 200 in 22ms (next.js: 9ms, proxy.ts: 3ms, application-code: 11ms)
 GET /api/demo/runs/prj_09047604e591d969/reports 200 in 21ms (next.js: 10ms, proxy.ts: 2ms, application-code: 9ms)
 GET /api/demo/runs/prj_09047604e591d969/reports 200 in 20ms (next.js: 10ms, proxy.ts: 3ms, application-code: 7ms)
 GET /api/demo/runs/prj_09047604e591d969/reports 200 in 21ms (next.js: 10ms, proxy.ts: 2ms, application-code: 8ms)
 GET /api/demo/runs/prj_09047604e591d969/reports 200 in 20ms (next.js: 10ms, proxy.ts: 3ms, application-code: 7ms)
 GET /api/demo/runs/prj_09047604e591d969/reports 200 in 19ms (next.js: 8ms, proxy.ts: 2ms, application-code: 9ms)
 GET /api/demo/runs/prj_09047604e591d969/reports 200 in 19ms (next.js: 10ms, proxy.ts: 1708µs, application-code: 7ms)
 GET /api/demo/runs/prj_09047604e591d969/runpod-status 200 in 17ms (next.js: 7ms, proxy.ts: 2ms, application-code: 8ms)
 GET /api/demo/runs/prj_09047604e591d969/reports 200 in 17ms (next.js: 8ms, proxy.ts: 3ms, application-code: 7ms)
 GET /api/demo/runs/prj_09047604e591d969/reports 200 in 16ms (next.js: 9ms, proxy.ts: 2ms, application-code: 5ms)
 GET /api/demo/runs/prj_09047604e591d969/runpod-status 200 in 18ms (next.js: 6ms, proxy.ts: 1982µs, application-code: 10ms)
 GET /api/demo/runs/prj_09047604e591d969/reports 200 in 19ms (next.js: 8ms, proxy.ts: 2ms, application-code: 8ms)
 GET /api/demo/runs/prj_09047604e591d969/reports 200 in 18ms (next.js: 9ms, proxy.ts: 2ms, application-code: 7ms)
 GET /api/demo/runs/prj_09047604e591d969/reports 200 in 16ms (next.js: 7ms, proxy.ts: 2ms, application-code: 6ms)
 GET /api/demo/runs/prj_09047604e591d969/reports 200 in 17ms (next.js: 10ms, proxy.ts: 2ms, application-code: 5ms)
 GET /api/demo/runs/prj_09047604e591d969/reports 200 in 23ms (next.js: 10ms, proxy.ts: 3ms, application-code: 10ms)
 GET /api/demo/runs/prj_09047604e591d969/reports 200 in 23ms (next.js: 12ms, proxy.ts: 3ms, application-code: 8ms)
 GET /api/demo/runs/prj_09047604e591d969/runpod-status 200 in 20ms (next.js: 9ms, proxy.ts: 2ms, application-code: 9ms)
 GET /api/demo/runs/prj_09047604e591d969/reports 200 in 22ms (next.js: 9ms, proxy.ts: 4ms, application-code: 10ms)
 GET /api/demo/runs/prj_09047604e591d969/reports 200 in 21ms (next.js: 10ms, proxy.ts: 3ms, application-code: 8ms)
 GET /api/demo/runs/prj_09047604e591d969/runpod-status 200 in 20ms (next.js: 7ms, proxy.ts: 2ms, application-code: 11ms)
 GET /api/demo/runs/prj_09047604e591d969/reports 200 in 19ms (next.js: 7ms, proxy.ts: 1847µs, application-code: 10ms)
 GET /api/demo/runs/prj_09047604e591d969/reports 200 in 10ms (next.js: 1984µs, proxy.ts: 1927µs, application-code: 6ms)
 GET /api/demo/runs/prj_09047604e591d969/reports 200 in 17ms (next.js: 7ms, proxy.ts: 3ms, application-code: 7ms)
 GET /api/demo/runs/prj_09047604e591d969/reports 200 in 18ms (next.js: 10ms, proxy.ts: 2ms, application-code: 6ms)
 GET /api/demo/runs/prj_09047604e591d969/runpod-status 200 in 25ms (next.js: 10ms, proxy.ts: 3ms, application-code: 12ms)
 GET /api/demo/runs/prj_09047604e591d969/runpod-status 200 in 25ms (next.js: 12ms, proxy.ts: 3ms, application-code: 10ms)
 GET /api/demo/runs/prj_09047604e591d969/runpod-status 200 in 29ms (next.js: 6ms, proxy.ts: 2ms, application-code: 20ms)
 GET /api/demo/runs/prj_09047604e591d969/reports 200 in 17ms (next.js: 8ms, proxy.ts: 2ms, application-code: 7ms)
 GET /api/demo/runs/prj_09047604e591d969/reports 200 in 13ms (next.js: 5ms, proxy.ts: 2ms, application-code: 7ms)
 GET /api/demo/runs/prj_09047604e591d969/reports 200 in 20ms (next.js: 9ms, proxy.ts: 3ms, application-code: 8ms)
 GET /api/demo/runs/prj_09047604e591d969/reports 200 in 21ms (next.js: 11ms, proxy.ts: 2ms, application-code: 7ms)
 GET /api/demo/runs/prj_09047604e591d969/runpod-status 200 in 19ms (next.js: 6ms, proxy.ts: 2ms, application-code: 10ms)
 GET /api/demo/runs/prj_09047604e591d969/reports 200 in 21ms (next.js: 9ms, proxy.ts: 3ms, application-code: 10ms)
 GET /api/demo/runs/prj_09047604e591d969/reports 200 in 23ms (next.js: 12ms, proxy.ts: 3ms, application-code: 9ms)
 GET /api/demo/runs/prj_09047604e591d969/reports 200 in 18ms (next.js: 6ms, proxy.ts: 1930µs, application-code: 10ms)
 GET /api/demo/runs/prj_09047604e591d969/reports 200 in 13ms (next.js: 2ms, proxy.ts: 1947µs, application-code: 9ms)
 GET /api/demo/runs/prj_09047604e591d969/runpod-status 200 in 20ms (next.js: 7ms, proxy.ts: 3ms, application-code: 10ms)
 GET /api/demo/runs/prj_09047604e591d969/reports 200 in 16ms (next.js: 7ms, proxy.ts: 2ms, application-code: 7ms)
 GET /api/demo/runs/prj_09047604e591d969/reports 200 in 14ms (next.js: 4ms, proxy.ts: 2ms, application-code: 7ms)
 GET /api/demo/runs/prj_09047604e591d969/reports 200 in 18ms (next.js: 8ms, proxy.ts: 1960µs, application-code: 8ms)
 GET /api/demo/runs/prj_09047604e591d969/reports 200 in 20ms (next.js: 10ms, proxy.ts: 1875µs, application-code: 9ms)
 GET /api/demo/runs/prj_09047604e591d969/runpod-status 200 in 21ms (next.js: 8ms, proxy.ts: 2ms, application-code: 11ms)
 GET /api/demo/runs/prj_09047604e591d969/reports 200 in 19ms (next.js: 7ms, proxy.ts: 2ms, application-code: 10ms)
 GET /api/demo/runs/prj_09047604e591d969/reports 200 in 10ms (next.js: 1978µs, proxy.ts: 1854µs, application-code: 6ms)
 GET /api/demo/runs/prj_09047604e591d969/reports 200 in 20ms (next.js: 10ms, proxy.ts: 3ms, application-code: 8ms)
 GET /api/demo/runs/prj_09047604e591d969/reports 200 in 19ms (next.js: 10ms, proxy.ts: 3ms, application-code: 6ms)
 GET /api/demo/runs/prj_09047604e591d969/runpod-status 200 in 19ms (next.js: 7ms, proxy.ts: 2ms, application-code: 10ms)
 GET /api/demo/runs/prj_09047604e591d969/reports 200 in 18ms (next.js: 7ms, proxy.ts: 3ms, application-code: 8ms)
 GET /api/demo/runs/prj_09047604e591d969/reports 200 in 13ms (next.js: 5ms, proxy.ts: 1971µs, application-code: 6ms)
 GET /api/demo/runs/prj_09047604e591d969/reports 200 in 18ms (next.js: 7ms, proxy.ts: 3ms, application-code: 8ms)
 GET /api/demo/runs/prj_09047604e591d969/reports 200 in 20ms (next.js: 10ms, proxy.ts: 2ms, application-code: 8ms)
 GET /api/demo/runs/prj_09047604e591d969/runpod-status 200 in 20ms (next.js: 6ms, proxy.ts: 3ms, application-code: 11ms)
 GET /api/demo/runs/prj_09047604e591d969/reports 200 in 16ms (next.js: 7ms, proxy.ts: 1864µs, application-code: 6ms)
 GET /api/demo/runs/prj_09047604e591d969/reports 200 in 13ms (next.js: 5ms, proxy.ts: 2ms, application-code: 6ms)
 GET /api/demo/runs/prj_09047604e591d969/reports 200 in 20ms (next.js: 10ms, proxy.ts: 1844µs, application-code: 8ms)
 GET /api/demo/runs/prj_09047604e591d969/reports 200 in 20ms (next.js: 2ms, proxy.ts: 11ms, application-code: 7ms)
 GET /api/demo/runs/prj_09047604e591d969/runpod-status 200 in 20ms (next.js: 7ms, proxy.ts: 3ms, application-code: 10ms)
 GET /api/demo/runs/prj_09047604e591d969/reports 200 in 16ms (next.js: 7ms, proxy.ts: 1909µs, application-code: 7ms)
 GET /api/demo/runs/prj_09047604e591d969/reports 200 in 11ms (next.js: 4ms, proxy.ts: 2ms, application-code: 5ms)
 GET /api/demo/runs/prj_09047604e591d969/reports 200 in 16ms (next.js: 6ms, proxy.ts: 1833µs, application-code: 8ms)
 GET /api/demo/runs/prj_09047604e591d969/reports 200 in 12ms (next.js: 4ms, proxy.ts: 2ms, application-code: 6ms)
 GET /api/demo/runs/prj_09047604e591d969/runpod-status 200 in 18ms (next.js: 6ms, proxy.ts: 3ms, application-code: 9ms)
 GET /api/demo/runs/prj_09047604e591d969/reports 200 in 19ms (next.js: 6ms, proxy.ts: 2ms, application-code: 11ms)
 GET /api/demo/runs/prj_09047604e591d969/reports 200 in 12ms (next.js: 2ms, proxy.ts: 1788µs, application-code: 8ms)
 GET /api/demo/runs/prj_09047604e591d969/reports 200 in 18ms (next.js: 7ms, proxy.ts: 3ms, application-code: 8ms)
 GET /api/demo/runs/prj_09047604e591d969/reports 200 in 20ms (next.js: 10ms, proxy.ts: 2ms, application-code: 8ms)
 GET /api/demo/runs/prj_09047604e591d969/runpod-status 200 in 19ms (next.js: 6ms, proxy.ts: 3ms, application-code: 10ms)
 GET /api/demo/runs/prj_09047604e591d969/reports 200 in 22ms (next.js: 10ms, proxy.ts: 2ms, application-code: 10ms)
 GET /api/demo/runs/prj_09047604e591d969/reports 200 in 22ms (next.js: 11ms, proxy.ts: 3ms, application-code: 8ms)
 GET /api/demo/runs/prj_09047604e591d969/reports 200 in 20ms (next.js: 8ms, proxy.ts: 3ms, application-code: 8ms)
 GET /api/demo/runs/prj_09047604e591d969/reports 200 in 18ms (next.js: 10ms, proxy.ts: 2ms, application-code: 6ms)
 GET /api/demo/runs/prj_09047604e591d969/runpod-status 200 in 21ms (next.js: 8ms, proxy.ts: 2ms, application-code: 11ms)
 GET /api/demo/runs/prj_09047604e591d969/reports 200 in 18ms (next.js: 8ms, proxy.ts: 2ms, application-code: 8ms)
 GET /api/demo/runs/prj_09047604e591d969/reports 200 in 16ms (next.js: 2ms, proxy.ts: 10ms, application-code: 5ms)
 GET /api/demo/runs/prj_09047604e591d969/reports 200 in 24ms (next.js: 11ms, proxy.ts: 4ms, application-code: 10ms)
 GET /api/demo/runs/prj_09047604e591d969/reports 200 in 27ms (next.js: 13ms, proxy.ts: 4ms, application-code: 10ms)
 GET /api/demo/runs/prj_09047604e591d969/runpod-status 200 in 19ms (next.js: 7ms, proxy.ts: 2ms, application-code: 10ms)
 GET /api/demo/runs/prj_09047604e591d969/reports 200 in 19ms (next.js: 8ms, proxy.ts: 2ms, application-code: 9ms)
 GET /api/demo/runs/prj_09047604e591d969/reports 200 in 18ms (next.js: 2ms, proxy.ts: 10ms, application-code: 5ms)
 GET /api/demo/runs/prj_09047604e591d969/reports 200 in 18ms (next.js: 7ms, proxy.ts: 1889µs, application-code: 10ms)
 GET /api/demo/runs/prj_09047604e591d969/reports 200 in 10ms (next.js: 2ms, proxy.ts: 1848µs, application-code: 6ms)
 GET /api/demo/runs/prj_09047604e591d969/runpod-status 200 in 19ms (next.js: 7ms, proxy.ts: 2ms, application-code: 10ms)
 GET /api/demo/runs/prj_09047604e591d969/reports 200 in 18ms (next.js: 7ms, proxy.ts: 2ms, application-code: 9ms)
 GET /api/demo/runs/prj_09047604e591d969/reports 200 in 9ms (next.js: 1947µs, proxy.ts: 1878µs, application-code: 5ms)
 GET /api/demo/runs/prj_09047604e591d969/reports 200 in 21ms (next.js: 10ms, proxy.ts: 3ms, application-code: 8ms)
 GET /api/demo/runs/prj_09047604e591d969/reports 200 in 21ms (next.js: 13ms, proxy.ts: 1808µs, application-code: 6ms)
 GET /api/demo/runs/prj_09047604e591d969/runpod-status 200 in 25ms (next.js: 10ms, proxy.ts: 4ms, application-code: 11ms)
 GET /api/demo/runs/prj_09047604e591d969/runpod-status 200 in 26ms (next.js: 13ms, proxy.ts: 3ms, application-code: 11ms)
 GET /api/demo/runs/prj_09047604e591d969/runpod-status 200 in 20ms (next.js: 6ms, proxy.ts: 2ms, application-code: 12ms)
 GET /api/demo/runs/prj_09047604e591d969/reports 200 in 17ms (next.js: 7ms, proxy.ts: 2ms, application-code: 7ms)
 GET /api/demo/runs/prj_09047604e591d969/reports 200 in 11ms (next.js: 4ms, proxy.ts: 2ms, application-code: 5ms)
 GET /api/demo/runs/prj_09047604e591d969/reports 200 in 20ms (next.js: 9ms, proxy.ts: 3ms, application-code: 7ms)
 GET /api/demo/runs/prj_09047604e591d969/reports 200 in 20ms (next.js: 12ms, proxy.ts: 3ms, application-code: 6ms)
 GET /api/demo/runs/prj_09047604e591d969/runpod-status 200 in 19ms (next.js: 7ms, proxy.ts: 2ms, application-code: 10ms)
 GET /api/demo/runs/prj_09047604e591d969/reports 200 in 20ms (next.js: 9ms, proxy.ts: 2ms, application-code: 8ms)
 GET /api/demo/runs/prj_09047604e591d969/reports 200 in 19ms (next.js: 10ms, proxy.ts: 2ms, application-code: 7ms)
 GET /api/demo/runs/prj_09047604e591d969/reports 200 in 18ms (next.js: 6ms, proxy.ts: 1773µs, application-code: 10ms)
 GET /api/demo/runs/prj_09047604e591d969/reports 200 in 10ms (next.js: 1985µs, proxy.ts: 2ms, application-code: 6ms)
 GET /api/demo/runs/prj_09047604e591d969/runpod-status 200 in 19ms (next.js: 6ms, proxy.ts: 1834µs, application-code: 11ms)
 GET /api/demo/runs/prj_09047604e591d969/reports 200 in 18ms (next.js: 9ms, proxy.ts: 1789µs, application-code: 7ms)
 GET /api/demo/runs/prj_09047604e591d969/reports 200 in 17ms (next.js: 10ms, proxy.ts: 2ms, application-code: 5ms)
 GET /api/demo/runs/prj_09047604e591d969/reports 200 in 20ms (next.js: 8ms, proxy.ts: 2ms, application-code: 10ms)
 GET /api/demo/runs/prj_09047604e591d969/reports 200 in 12ms (next.js: 3ms, proxy.ts: 2ms, application-code: 7ms)
 GET /api/demo/runs/prj_09047604e591d969/runpod-status 200 in 19ms (next.js: 7ms, proxy.ts: 3ms, application-code: 10ms)
 GET /api/demo/runs/prj_09047604e591d969/reports 200 in 18ms (next.js: 8ms, proxy.ts: 3ms, application-code: 8ms)
 GET /api/demo/runs/prj_09047604e591d969/reports 200 in 20ms (next.js: 10ms, proxy.ts: 2ms, application-code: 8ms)
 GET /api/demo/runs/prj_09047604e591d969/reports 200 in 16ms (next.js: 7ms, proxy.ts: 2ms, application-code: 7ms)
 GET /api/demo/runs/prj_09047604e591d969/reports 200 in 12ms (next.js: 4ms, proxy.ts: 2ms, application-code: 6ms)
 GET /api/demo/runs/prj_09047604e591d969/runpod-status 200 in 19ms (next.js: 7ms, proxy.ts: 1798µs, application-code: 10ms)
 GET /api/demo/runs/prj_09047604e591d969/reports 200 in 22ms (next.js: 8ms, proxy.ts: 1896µs, application-code: 12ms)
 GET /api/demo/runs/prj_09047604e591d969/reports 200 in 15ms (next.js: 3ms, proxy.ts: 1984µs, application-code: 10ms)
 GET /api/demo/runs/prj_09047604e591d969/reports 200 in 19ms (next.js: 9ms, proxy.ts: 2ms, application-code: 8ms)
 GET /api/demo/runs/prj_09047604e591d969/reports 200 in 15ms (next.js: 5ms, proxy.ts: 2ms, application-code: 8ms)
 GET /api/demo/runs/prj_09047604e591d969/runpod-status 200 in 23ms (next.js: 8ms, proxy.ts: 6ms, application-code: 9ms)
 GET /api/demo/runs/prj_09047604e591d969/reports 200 in 17ms (next.js: 7ms, proxy.ts: 2ms, application-code: 8ms)
 GET /api/demo/runs/prj_09047604e591d969/reports 200 in 12ms (next.js: 4ms, proxy.ts: 2ms, application-code: 6ms)
 GET /api/demo/runs/prj_09047604e591d969/reports 200 in 19ms (next.js: 7ms, proxy.ts: 1671µs, application-code: 10ms)
 GET /api/demo/runs/prj_09047604e591d969/reports 200 in 13ms (next.js: 2ms, proxy.ts: 1805µs, application-code: 9ms)
 GET /api/demo/runs/prj_09047604e591d969/runpod-status 200 in 23ms (next.js: 7ms, proxy.ts: 4ms, application-code: 12ms)
 GET /api/demo/runs/prj_09047604e591d969/reports 200 in 18ms (next.js: 8ms, proxy.ts: 2ms, application-code: 8ms)
 GET /api/demo/runs/prj_09047604e591d969/reports 200 in 18ms (next.js: 10ms, proxy.ts: 1906µs, application-code: 6ms)
 GET /api/demo/runs/prj_09047604e591d969/reports 200 in 18ms (next.js: 8ms, proxy.ts: 3ms, application-code: 7ms)
 GET /api/demo/runs/prj_09047604e591d969/reports 200 in 19ms (next.js: 10ms, proxy.ts: 2ms, application-code: 7ms)
 GET /api/demo/runs/prj_09047604e591d969/runpod-status 200 in 19ms (next.js: 7ms, proxy.ts: 1686µs, application-code: 10ms)
 GET /api/demo/runs/prj_09047604e591d969/reports 200 in 19ms (next.js: 7ms, proxy.ts: 1936µs, application-code: 10ms)
 GET /api/demo/runs/prj_09047604e591d969/reports 200 in 10ms (next.js: 2ms, proxy.ts: 2ms, application-code: 5ms)
 GET /api/demo/runs/prj_09047604e591d969/reports 200 in 18ms (next.js: 7ms, proxy.ts: 3ms, application-code: 8ms)
 GET /api/demo/runs/prj_09047604e591d969/reports 200 in 20ms (next.js: 10ms, proxy.ts: 3ms, application-code: 8ms)
 GET /api/demo/runs/prj_09047604e591d969/runpod-status 200 in 19ms (next.js: 7ms, proxy.ts: 2ms, application-code: 10ms)
 GET /api/demo/runs/prj_09047604e591d969/reports 200 in 22ms (next.js: 9ms, proxy.ts: 4ms, application-code: 10ms)
 GET /api/demo/runs/prj_09047604e591d969/reports 200 in 24ms (next.js: 12ms, proxy.ts: 4ms, application-code: 9ms)
 GET /api/demo/runs/prj_09047604e591d969/reports 200 in 19ms (next.js: 7ms, proxy.ts: 3ms, application-code: 9ms)
 GET /api/demo/runs/prj_09047604e591d969/reports 200 in 20ms (next.js: 10ms, proxy.ts: 2ms, application-code: 8ms)
 GET /api/demo/runs/prj_09047604e591d969/runpod-status 200 in 19ms (next.js: 7ms, proxy.ts: 2ms, application-code: 9ms)
 GET /api/demo/runs/prj_09047604e591d969/reports 200 in 18ms (next.js: 8ms, proxy.ts: 1947µs, application-code: 7ms)
 GET /api/demo/runs/prj_09047604e591d969/reports 200 in 17ms (next.js: 10ms, proxy.ts: 1935µs, application-code: 5ms)
 GET /api/demo/runs/prj_09047604e591d969/reports 200 in 19ms (next.js: 8ms, proxy.ts: 2ms, application-code: 8ms)
 GET /api/demo/runs/prj_09047604e591d969/reports 200 in 18ms (next.js: 10ms, proxy.ts: 1686µs, application-code: 6ms)
 GET /api/demo/runs/prj_09047604e591d969/runpod-status 200 in 19ms (next.js: 6ms, proxy.ts: 1825µs, application-code: 11ms)
 GET /api/demo/runs/prj_09047604e591d969/reports 200 in 18ms (next.js: 8ms, proxy.ts: 3ms, application-code: 8ms)
 GET /api/demo/runs/prj_09047604e591d969/reports 200 in 20ms (next.js: 10ms, proxy.ts: 2ms, application-code: 7ms)
 GET /api/demo/runs/prj_09047604e591d969/reports 200 in 18ms (next.js: 7ms, proxy.ts: 3ms, application-code: 8ms)
 GET /api/demo/runs/prj_09047604e591d969/reports 200 in 19ms (next.js: 10ms, proxy.ts: 2ms, application-code: 7ms)
 GET /api/demo/runs/prj_09047604e591d969/runpod-status 200 in 20ms (next.js: 7ms, proxy.ts: 3ms, application-code: 10ms)
 GET /api/demo/runs/prj_09047604e591d969/reports 200 in 19ms (next.js: 7ms, proxy.ts: 1790µs, application-code: 10ms)
 GET /api/demo/runs/prj_09047604e591d969/reports 200 in 10ms (next.js: 2ms, proxy.ts: 1851µs, application-code: 6ms)
 GET /api/demo/runs/prj_09047604e591d969/reports 200 in 19ms (next.js: 9ms, proxy.ts: 3ms, application-code: 7ms)
 GET /api/demo/runs/prj_09047604e591d969/reports 200 in 20ms (next.js: 11ms, proxy.ts: 3ms, application-code: 6ms)
 GET /api/demo/runs/prj_09047604e591d969/runpod-status 200 in 24ms (next.js: 8ms, proxy.ts: 3ms, application-code: 13ms)
 GET /api/demo/runs/prj_09047604e591d969/runpod-status 200 in 25ms (next.js: 11ms, proxy.ts: 3ms, application-code: 11ms)
 GET /api/demo/runs/prj_09047604e591d969/runpod-status 200 in 17ms (next.js: 7ms, proxy.ts: 1857µs, application-code: 8ms)
 GET /api/demo/runs/prj_09047604e591d969/reports 200 in 20ms (next.js: 8ms, proxy.ts: 1989µs, application-code: 10ms)
 GET /api/demo/runs/prj_09047604e591d969/reports 200 in 11ms (next.js: 2ms, proxy.ts: 2ms, application-code: 7ms)
 GET /api/demo/runs/prj_09047604e591d969/reports 200 in 22ms (next.js: 10ms, proxy.ts: 3ms, application-code: 8ms)
 GET /api/demo/runs/prj_09047604e591d969/reports 200 in 14ms (next.js: 5ms, proxy.ts: 2ms, application-code: 7ms)
 GET /api/demo/runs/prj_09047604e591d969/runpod-status 200 in 17ms (next.js: 7ms, proxy.ts: 2ms, application-code: 8ms)
 GET /api/demo/runs/prj_09047604e591d969/reports 200 in 20ms (next.js: 8ms, proxy.ts: 3ms, application-code: 9ms)
 GET /api/demo/runs/prj_09047604e591d969/reports 200 in 19ms (next.js: 10ms, proxy.ts: 1773µs, application-code: 7ms)
 GET /api/demo/runs/prj_09047604e591d969/reports 200 in 20ms (next.js: 7ms, proxy.ts: 3ms, application-code: 11ms)
 GET /api/demo/runs/prj_09047604e591d969/reports 200 in 16ms (next.js: 5ms, proxy.ts: 6ms, application-code: 6ms)
 GET /api/demo/runs/prj_09047604e591d969/runpod-status 200 in 19ms (next.js: 6ms, proxy.ts: 4ms, application-code: 9ms)
 GET /api/demo/runs/prj_09047604e591d969/reports 200 in 15ms (next.js: 7ms, proxy.ts: 1686µs, application-code: 7ms)
 GET /api/demo/runs/prj_09047604e591d969/reports 200 in 12ms (next.js: 4ms, proxy.ts: 2ms, application-code: 6ms)
 GET /api/demo/runs/prj_09047604e591d969/reports 200 in 17ms (next.js: 6ms, proxy.ts: 2ms, application-code: 9ms)
 GET /api/demo/runs/prj_09047604e591d969/reports 200 in 14ms (next.js: 5ms, proxy.ts: 2ms, application-code: 7ms)
 GET /api/demo/runs/prj_09047604e591d969/runpod-status 200 in 19ms (next.js: 7ms, proxy.ts: 3ms, application-code: 9ms)
 GET /api/demo/runs/prj_09047604e591d969/reports 200 in 17ms (next.js: 8ms, proxy.ts: 3ms, application-code: 7ms)
 GET /api/demo/runs/prj_09047604e591d969/reports 200 in 19ms (next.js: 10ms, proxy.ts: 2ms, application-code: 7ms)
 GET /api/demo/runs/prj_09047604e591d969/reports 200 in 18ms (next.js: 7ms, proxy.ts: 2ms, application-code: 9ms)
 GET /api/demo/runs/prj_09047604e591d969/reports 200 in 20ms (next.js: 10ms, proxy.ts: 2ms, application-code: 8ms)
 GET /api/demo/runs/prj_09047604e591d969/runpod-status 200 in 17ms (next.js: 7ms, proxy.ts: 2ms, application-code: 8ms)
 GET /api/demo/runs/prj_09047604e591d969/reports 200 in 19ms (next.js: 8ms, proxy.ts: 2ms, application-code: 8ms)
 GET /api/demo/runs/prj_09047604e591d969/reports 200 in 18ms (next.js: 10ms, proxy.ts: 1759µs, application-code: 6ms)
 GET /api/demo/runs/prj_09047604e591d969/reports 200 in 20ms (next.js: 7ms, proxy.ts: 3ms, application-code: 9ms)
 GET /api/demo/runs/prj_09047604e591d969/reports 200 in 21ms (next.js: 10ms, proxy.ts: 3ms, application-code: 8ms)
 GET /api/demo/runs/prj_09047604e591d969/runpod-status 200 in 18ms (next.js: 8ms, proxy.ts: 2ms, application-code: 8ms)
 GET /api/demo/runs/prj_09047604e591d969/reports 200 in 16ms (next.js: 7ms, proxy.ts: 2ms, application-code: 7ms)
 GET /api/demo/runs/prj_09047604e591d969/reports 200 in 12ms (next.js: 4ms, proxy.ts: 1865µs, application-code: 6ms)
 GET /api/demo/runs/prj_09047604e591d969/reports 200 in 18ms (next.js: 8ms, proxy.ts: 2ms, application-code: 8ms)
 GET /api/demo/runs/prj_09047604e591d969/reports 200 in 20ms (next.js: 10ms, proxy.ts: 2ms, application-code: 8ms)
 GET /api/demo/runs/prj_09047604e591d969/runpod-status 200 in 18ms (next.js: 6ms, proxy.ts: 3ms, application-code: 9ms)
 GET /api/demo/runs/prj_09047604e591d969/reports 200 in 15ms (next.js: 7ms, proxy.ts: 1890µs, application-code: 6ms)
 GET /api/demo/runs/prj_09047604e591d969/reports 200 in 21ms (next.js: 4ms, proxy.ts: 9ms, application-code: 7ms)
 GET /api/demo/runs/prj_09047604e591d969/reports 200 in 20ms (next.js: 8ms, proxy.ts: 3ms, application-code: 10ms)
 GET /api/demo/runs/prj_09047604e591d969/reports 200 in 21ms (next.js: 10ms, proxy.ts: 2ms, application-code: 8ms)
 GET /api/demo/runs/prj_09047604e591d969/runpod-status 200 in 17ms (next.js: 6ms, proxy.ts: 2ms, application-code: 9ms)
 GET /api/demo/runs/prj_09047604e591d969/reports 200 in 18ms (next.js: 8ms, proxy.ts: 2ms, application-code: 8ms)
 GET /api/demo/runs/prj_09047604e591d969/reports 200 in 19ms (next.js: 10ms, proxy.ts: 2ms, application-code: 7ms)
 GET /api/demo/runs/prj_09047604e591d969/reports 200 in 18ms (next.js: 8ms, proxy.ts: 3ms, application-code: 7ms)
 GET /api/demo/runs/prj_09047604e591d969/reports 200 in 20ms (next.js: 11ms, proxy.ts: 3ms, application-code: 7ms)
 GET /api/demo/runs/prj_09047604e591d969/runpod-status 200 in 19ms (next.js: 8ms, proxy.ts: 3ms, application-code: 8ms)
 GET /api/demo/runs/prj_09047604e591d969/reports 200 in 18ms (next.js: 8ms, proxy.ts: 1836µs, application-code: 8ms)
 GET /api/demo/runs/prj_09047604e591d969/reports 200 in 17ms (next.js: 2ms, proxy.ts: 9ms, application-code: 6ms)
 GET /api/demo/runs/prj_09047604e591d969/runpod-status 200 in 26ms (next.js: 8ms, proxy.ts: 2ms, application-code: 15ms)
 GET /api/demo/runs/prj_09047604e591d969/reports 200 in 24ms (next.js: 7ms, proxy.ts: 10ms, application-code: 6ms)
 GET /api/demo/runs/prj_09047604e591d969/reports 200 in 20ms (next.js: 13ms, proxy.ts: 1816µs, application-code: 6ms)
 GET /api/demo/runs/prj_09047604e591d969/reports 200 in 18ms (next.js: 8ms, proxy.ts: 3ms, application-code: 7ms)
 GET /api/demo/runs/prj_09047604e591d969/reports 200 in 18ms (next.js: 10ms, proxy.ts: 2ms, application-code: 6ms)
 GET /api/demo/runs/prj_09047604e591d969/reports 200 in 21ms (next.js: 9ms, proxy.ts: 3ms, application-code: 10ms)
 GET /api/demo/runs/prj_09047604e591d969/reports 200 in 24ms (next.js: 12ms, proxy.ts: 3ms, application-code: 10ms)
 GET /api/demo/runs/prj_09047604e591d969/runpod-status 200 in 20ms (next.js: 7ms, proxy.ts: 3ms, application-code: 11ms)
 GET /api/demo/runs/prj_09047604e591d969/reports 200 in 20ms (next.js: 8ms, proxy.ts: 4ms, application-code: 8ms)
 GET /api/demo/runs/prj_09047604e591d969/reports 200 in 21ms (next.js: 11ms, proxy.ts: 3ms, application-code: 8ms)
 GET /api/demo/runs/prj_09047604e591d969/runpod-status 200 in 28ms (next.js: 9ms, proxy.ts: 3ms, application-code: 16ms)
 GET /api/demo/runs/prj_09047604e591d969/reports 200 in 16ms (next.js: 7ms, proxy.ts: 3ms, application-code: 6ms)
 GET /api/demo/runs/prj_09047604e591d969/reports 200 in 12ms (next.js: 4ms, proxy.ts: 2ms, application-code: 6ms)
 GET /api/demo/runs/prj_09047604e591d969/reports 200 in 17ms (next.js: 7ms, proxy.ts: 4ms, application-code: 6ms)
 GET /api/demo/runs/prj_09047604e591d969/reports 200 in 19ms (next.js: 9ms, proxy.ts: 3ms, application-code: 6ms)
 GET /api/demo/runs/prj_09047604e591d969/reports 200 in 18ms (next.js: 8ms, proxy.ts: 2ms, application-code: 8ms)
 GET /api/demo/runs/prj_09047604e591d969/reports 200 in 19ms (next.js: 10ms, proxy.ts: 2ms, application-code: 6ms)
 GET /api/demo/runs/prj_09047604e591d969/runpod-status 200 in 22ms (next.js: 8ms, proxy.ts: 2ms, application-code: 12ms)
 GET /api/demo/runs/prj_09047604e591d969/runpod-status 200 in 26ms (next.js: 12ms, proxy.ts: 2ms, application-code: 11ms)
 GET /api/demo/runs/prj_09047604e591d969/runpod-status 200 in 19ms (next.js: 6ms, proxy.ts: 3ms, application-code: 10ms)
 GET /api/demo/runs/prj_09047604e591d969/reports 200 in 18ms (next.js: 8ms, proxy.ts: 3ms, application-code: 7ms)
 GET /api/demo/runs/prj_09047604e591d969/reports 200 in 19ms (next.js: 10ms, proxy.ts: 2ms, application-code: 7ms)
 GET /api/demo/runs/prj_09047604e591d969/runpod-status 200 in 18ms (next.js: 7ms, proxy.ts: 2ms, application-code: 9ms)
 GET /api/demo/runs/prj_09047604e591d969/reports 200 in 16ms (next.js: 7ms, proxy.ts: 2ms, application-code: 6ms)
 GET /api/demo/runs/prj_09047604e591d969/reports 200 in 12ms (next.js: 4ms, proxy.ts: 1942µs, application-code: 6ms)
 GET /api/demo/runs/prj_09047604e591d969/reports 200 in 18ms (next.js: 8ms, proxy.ts: 2ms, application-code: 8ms)
 GET /api/demo/runs/prj_09047604e591d969/reports 200 in 19ms (next.js: 10ms, proxy.ts: 2ms, application-code: 8ms)
 GET /api/demo/runs/prj_09047604e591d969/reports 200 in 17ms (next.js: 8ms, proxy.ts: 1889µs, application-code: 7ms)
 GET /api/demo/runs/prj_09047604e591d969/reports 200 in 17ms (next.js: 10ms, proxy.ts: 2ms, application-code: 5ms)
 GET /api/demo/runs/prj_09047604e591d969/runpod-status 200 in 16ms (next.js: 6ms, proxy.ts: 1895µs, application-code: 8ms)
 GET /api/demo/runs/prj_09047604e591d969/reports 200 in 19ms (next.js: 7ms, proxy.ts: 1905µs, application-code: 10ms)
 GET /api/demo/runs/prj_09047604e591d969/reports 200 in 9ms (next.js: 2ms, proxy.ts: 1897µs, application-code: 5ms)
 GET /api/demo/runs/prj_09047604e591d969/runpod-status 200 in 20ms (next.js: 8ms, proxy.ts: 3ms, application-code: 9ms)
 GET /api/demo/runs/prj_09047604e591d969/reports 200 in 18ms (next.js: 8ms, proxy.ts: 2ms, application-code: 8ms)
 GET /api/demo/runs/prj_09047604e591d969/reports 200 in 14ms (next.js: 5ms, proxy.ts: 2ms, application-code: 7ms)
 GET /api/demo/runs/prj_09047604e591d969/reports 200 in 20ms (next.js: 7ms, proxy.ts: 2ms, application-code: 11ms)
 GET /api/demo/runs/prj_09047604e591d969/reports 200 in 12ms (next.js: 2ms, proxy.ts: 1986µs, application-code: 8ms)
 GET /api/demo/runs/prj_09047604e591d969/reports 200 in 19ms (next.js: 8ms, proxy.ts: 2ms, application-code: 9ms)
 GET /api/demo/runs/prj_09047604e591d969/reports 200 in 16ms (next.js: 2ms, proxy.ts: 9ms, application-code: 5ms)
 GET /api/demo/runs/prj_09047604e591d969/runpod-status 200 in 16ms (next.js: 6ms, proxy.ts: 2ms, application-code: 8ms)
 GET /api/demo/runs/prj_09047604e591d969/reports 200 in 19ms (next.js: 9ms, proxy.ts: 2ms, application-code: 8ms)
 GET /api/demo/runs/prj_09047604e591d969/reports 200 in 18ms (next.js: 2ms, proxy.ts: 10ms, application-code: 6ms)
 GET /api/demo/runs/prj_09047604e591d969/runpod-status 200 in 22ms (next.js: 9ms, proxy.ts: 2ms, application-code: 10ms)
 GET /api/demo/runs/prj_09047604e591d969/reports 200 in 15ms (next.js: 7ms, proxy.ts: 2ms, application-code: 6ms)
 GET /api/demo/runs/prj_09047604e591d969/reports 200 in 11ms (next.js: 4ms, proxy.ts: 2ms, application-code: 5ms)
 GET /api/demo/runs/prj_09047604e591d969/reports 200 in 18ms (next.js: 7ms, proxy.ts: 2ms, application-code: 9ms)
 GET /api/demo/runs/prj_09047604e591d969/reports 200 in 21ms (next.js: 10ms, proxy.ts: 2ms, application-code: 9ms)
 GET /api/demo/runs/prj_09047604e591d969/reports 200 in 19ms (next.js: 7ms, proxy.ts: 2ms, application-code: 10ms)
 GET /api/demo/runs/prj_09047604e591d969/reports 200 in 10ms (next.js: 2ms, proxy.ts: 1991µs, application-code: 5ms)
 GET /api/demo/runs/prj_09047604e591d969/runpod-status 200 in 19ms (next.js: 7ms, proxy.ts: 2ms, application-code: 10ms)
 GET /api/demo/runs/prj_09047604e591d969/reports 200 in 18ms (next.js: 7ms, proxy.ts: 1827µs, application-code: 9ms)
 GET /api/demo/runs/prj_09047604e591d969/reports 200 in 9ms (next.js: 2ms, proxy.ts: 2ms, application-code: 5ms)
 GET /api/demo/runs/prj_09047604e591d969/runpod-status 200 in 18ms (next.js: 8ms, proxy.ts: 2ms, application-code: 8ms)
 GET /api/demo/runs/prj_09047604e591d969/reports 200 in 16ms (next.js: 7ms, proxy.ts: 2ms, application-code: 7ms)
 GET /api/demo/runs/prj_09047604e591d969/reports 200 in 12ms (next.js: 4ms, proxy.ts: 2ms, application-code: 6ms)
 GET /api/demo/runs/prj_09047604e591d969/reports 200 in 19ms (next.js: 8ms, proxy.ts: 2ms, application-code: 8ms)
 GET /api/demo/runs/prj_09047604e591d969/reports 200 in 19ms (next.js: 10ms, proxy.ts: 1685µs, application-code: 8ms)
 GET /api/demo/runs/prj_09047604e591d969/reports 200 in 21ms (next.js: 9ms, proxy.ts: 2ms, application-code: 9ms)
 GET /api/demo/runs/prj_09047604e591d969/reports 200 in 20ms (next.js: 11ms, proxy.ts: 2ms, application-code: 7ms)
 GET /api/demo/runs/prj_09047604e591d969/runpod-status 200 in 17ms (next.js: 7ms, proxy.ts: 1764µs, application-code: 8ms)
 GET /api/demo/runs/prj_09047604e591d969/reports 200 in 21ms (next.js: 10ms, proxy.ts: 2ms, application-code: 8ms)
 GET /api/demo/runs/prj_09047604e591d969/reports 200 in 19ms (next.js: 10ms, proxy.ts: 3ms, application-code: 6ms)
 GET /api/demo/runs/prj_09047604e591d969/runpod-status 200 in 18ms (next.js: 6ms, proxy.ts: 1933µs, application-code: 10ms)
 GET /api/demo/runs/prj_09047604e591d969/reports 200 in 16ms (next.js: 8ms, proxy.ts: 3ms, application-code: 6ms)
 GET /api/demo/runs/prj_09047604e591d969/reports 200 in 18ms (next.js: 10ms, proxy.ts: 2ms, application-code: 5ms)
 GET /api/demo/runs/prj_09047604e591d969/reports 200 in 15ms (next.js: 7ms, proxy.ts: 2ms, application-code: 6ms)
 GET /api/demo/runs/prj_09047604e591d969/reports 200 in 11ms (next.js: 4ms, proxy.ts: 1882µs, application-code: 5ms)
 GET /api/demo/runs/prj_09047604e591d969/reports 200 in 20ms (next.js: 7ms, proxy.ts: 2ms, application-code: 11ms)
 GET /api/demo/runs/prj_09047604e591d969/reports 200 in 13ms (next.js: 3ms, proxy.ts: 1793µs, application-code: 8ms)
 GET /api/demo/runs/prj_09047604e591d969/runpod-status 200 in 18ms (next.js: 7ms, proxy.ts: 2ms, application-code: 8ms)
 GET /api/demo/runs/prj_09047604e591d969/reports 200 in 19ms (next.js: 7ms, proxy.ts: 1969µs, application-code: 10ms)
 GET /api/demo/runs/prj_09047604e591d969/reports 200 in 10ms (next.js: 3ms, proxy.ts: 2ms, application-code: 5ms)
 GET /api/demo/runs/prj_09047604e591d969/runpod-status 200 in 20ms (next.js: 7ms, proxy.ts: 3ms, application-code: 11ms)
 GET /api/demo/runs/prj_09047604e591d969/reports 200 in 18ms (next.js: 7ms, proxy.ts: 2ms, application-code: 8ms)
 GET /api/demo/runs/prj_09047604e591d969/reports 200 in 12ms (next.js: 3ms, proxy.ts: 3ms, application-code: 6ms)
 GET /api/demo/runs/prj_09047604e591d969/reports 200 in 16ms (next.js: 7ms, proxy.ts: 1952µs, application-code: 7ms)
 GET /api/demo/runs/prj_09047604e591d969/reports 200 in 12ms (next.js: 4ms, proxy.ts: 2ms, application-code: 6ms)
 GET /api/demo/runs/prj_09047604e591d969/reports 200 in 16ms (next.js: 7ms, proxy.ts: 2ms, application-code: 7ms)
 GET /api/demo/runs/prj_09047604e591d969/reports 200 in 11ms (next.js: 4ms, proxy.ts: 1969µs, application-code: 6ms)
 GET /api/demo/runs/prj_09047604e591d969/runpod-status 200 in 25ms (next.js: 10ms, proxy.ts: 4ms, application-code: 11ms)
 GET /api/demo/runs/prj_09047604e591d969/runpod-status 200 in 29ms (next.js: 13ms, proxy.ts: 2ms, application-code: 14ms)
 GET /api/demo/runs/prj_09047604e591d969/runpod-status 200 in 20ms (next.js: 7ms, proxy.ts: 3ms, application-code: 10ms)
 GET /api/demo/runs/prj_09047604e591d969/reports 200 in 17ms (next.js: 8ms, proxy.ts: 1815µs, application-code: 8ms)
 GET /api/demo/runs/prj_09047604e591d969/reports 200 in 17ms (next.js: 9ms, proxy.ts: 1813µs, application-code: 6ms)
 GET /api/demo/runs/prj_09047604e591d969/runpod-status 200 in 19ms (next.js: 6ms, proxy.ts: 2ms, application-code: 11ms)
 GET /api/demo/runs/prj_09047604e591d969/reports 200 in 18ms (next.js: 7ms, proxy.ts: 3ms, application-code: 8ms)
 GET /api/demo/runs/prj_09047604e591d969/reports 200 in 18ms (next.js: 10ms, proxy.ts: 2ms, application-code: 7ms)
 GET /api/demo/runs/prj_09047604e591d969/reports 200 in 19ms (next.js: 8ms, proxy.ts: 2ms, application-code: 9ms)
 GET /api/demo/runs/prj_09047604e591d969/reports 200 in 17ms (next.js: 2ms, proxy.ts: 9ms, application-code: 6ms)
 GET /api/demo/runs/prj_09047604e591d969/reports 200 in 20ms (next.js: 8ms, proxy.ts: 5ms, application-code: 7ms)
 GET /api/demo/runs/prj_09047604e591d969/reports 200 in 20ms (next.js: 10ms, proxy.ts: 3ms, application-code: 7ms)
 GET /api/demo/runs/prj_09047604e591d969/runpod-status 200 in 18ms (next.js: 7ms, proxy.ts: 2ms, application-code: 9ms)
 GET /api/demo/runs/prj_09047604e591d969/reports 200 in 23ms (next.js: 11ms, proxy.ts: 3ms, application-code: 9ms)
 GET /api/demo/runs/prj_09047604e591d969/reports 200 in 21ms (next.js: 3ms, proxy.ts: 12ms, application-code: 6ms)
 GET /api/demo/runs/prj_09047604e591d969/runpod-status 200 in 23ms (next.js: 9ms, proxy.ts: 2ms, application-code: 11ms)
 GET /api/demo/runs/prj_09047604e591d969/reports 200 in 18ms (next.js: 7ms, proxy.ts: 3ms, application-code: 8ms)
 GET /api/demo/runs/prj_09047604e591d969/reports 200 in 21ms (next.js: 10ms, proxy.ts: 3ms, application-code: 8ms)
 GET /api/demo/runs/prj_09047604e591d969/reports 200 in 19ms (next.js: 9ms, proxy.ts: 1935µs, application-code: 9ms)
 GET /api/demo/runs/prj_09047604e591d969/reports 200 in 18ms (next.js: 9ms, proxy.ts: 2ms, application-code: 7ms)
 GET /api/demo/runs/prj_09047604e591d969/reports 200 in 19ms (next.js: 7ms, proxy.ts: 2ms, application-code: 10ms)
 GET /api/demo/runs/prj_09047604e591d969/reports 200 in 9ms (next.js: 2ms, proxy.ts: 1857µs, application-code: 5ms)
 GET /api/demo/runs/prj_09047604e591d969/runpod-status 200 in 21ms (next.js: 6ms, proxy.ts: 2ms, application-code: 12ms)
 GET /api/demo/runs/prj_09047604e591d969/reports 200 in 20ms (next.js: 7ms, proxy.ts: 1823µs, application-code: 10ms)
 GET /api/demo/runs/prj_09047604e591d969/reports 200 in 10ms (next.js: 2ms, proxy.ts: 1754µs, application-code: 6ms)
 GET /api/demo/runs/prj_09047604e591d969/runpod-status 200 in 19ms (next.js: 7ms, proxy.ts: 2ms, application-code: 10ms)
 GET /api/demo/runs/prj_09047604e591d969/reports 200 in 20ms (next.js: 9ms, proxy.ts: 4ms, application-code: 7ms)
 GET /api/demo/runs/prj_09047604e591d969/reports 200 in 20ms (next.js: 12ms, proxy.ts: 4ms, application-code: 5ms)
 GET /api/demo/runs/prj_09047604e591d969/reports 200 in 15ms (next.js: 7ms, proxy.ts: 1917µs, application-code: 6ms)
 GET /api/demo/runs/prj_09047604e591d969/reports 200 in 11ms (next.js: 4ms, proxy.ts: 1830µs, application-code: 6ms)
 GET /api/demo/runs/prj_09047604e591d969/reports 200 in 17ms (next.js: 7ms, proxy.ts: 3ms, application-code: 7ms)
 GET /api/demo/runs/prj_09047604e591d969/reports 200 in 19ms (next.js: 10ms, proxy.ts: 3ms, application-code: 6ms)
 GET /api/demo/runs/prj_09047604e591d969/runpod-status 200 in 21ms (next.js: 7ms, proxy.ts: 3ms, application-code: 11ms)
 GET /api/demo/runs/prj_09047604e591d969/reports 200 in 18ms (next.js: 8ms, proxy.ts: 2ms, application-code: 9ms)
 GET /api/demo/runs/prj_09047604e591d969/reports 200 in 17ms (next.js: 2ms, proxy.ts: 9ms, application-code: 6ms)
 GET /api/demo/runs/prj_09047604e591d969/runpod-status 200 in 20ms (next.js: 6ms, proxy.ts: 2ms, application-code: 12ms)
 GET /api/demo/runs/prj_09047604e591d969/reports 200 in 19ms (next.js: 8ms, proxy.ts: 3ms, application-code: 8ms)
 GET /api/demo/runs/prj_09047604e591d969/reports 200 in 19ms (next.js: 10ms, proxy.ts: 3ms, application-code: 7ms)
 GET /api/demo/runs/prj_09047604e591d969/reports 200 in 15ms (next.js: 6ms, proxy.ts: 1910µs, application-code: 7ms)
 GET /api/demo/runs/prj_09047604e591d969/reports 200 in 11ms (next.js: 4ms, proxy.ts: 2ms, application-code: 5ms)
 GET /api/demo/runs/prj_09047604e591d969/reports 200 in 18ms (next.js: 7ms, proxy.ts: 2ms, application-code: 9ms)
 GET /api/demo/runs/prj_09047604e591d969/reports 200 in 20ms (next.js: 10ms, proxy.ts: 2ms, application-code: 9ms)
 GET /api/demo/runs/prj_09047604e591d969/runpod-status 200 in 53ms (next.js: 7ms, proxy.ts: 3ms, application-code: 43ms)
 GET /api/demo/runs/prj_09047604e591d969/reports 200 in 16ms (next.js: 7ms, proxy.ts: 1866µs, application-code: 8ms)
 GET /api/demo/runs/prj_09047604e591d969/reports 200 in 12ms (next.js: 4ms, proxy.ts: 2ms, application-code: 6ms)
 GET /api/demo/runs/prj_09047604e591d969/runpod-status 200 in 20ms (next.js: 7ms, proxy.ts: 3ms, application-code: 10ms)
 GET /api/demo/runs/prj_09047604e591d969/reports 200 in 21ms (next.js: 9ms, proxy.ts: 1942µs, application-code: 10ms)
 GET /api/demo/runs/prj_09047604e591d969/reports 200 in 22ms (next.js: 3ms, proxy.ts: 10ms, application-code: 9ms)
 GET /api/demo/runs/prj_09047604e591d969/reports 200 in 20ms (next.js: 9ms, proxy.ts: 2ms, application-code: 9ms)
 GET /api/demo/runs/prj_09047604e591d969/reports 200 in 19ms (next.js: 10ms, proxy.ts: 2ms, application-code: 7ms)
 GET /api/demo/runs/prj_09047604e591d969/reports 200 in 19ms (next.js: 6ms, proxy.ts: 1916µs, application-code: 10ms)
 GET /api/demo/runs/prj_09047604e591d969/reports 200 in 10ms (next.js: 2ms, proxy.ts: 2ms, application-code: 6ms)
 GET /api/demo/runs/prj_09047604e591d969/runpod-status 200 in 19ms (next.js: 6ms, proxy.ts: 3ms, application-code: 10ms)
 GET /api/demo/runs/prj_09047604e591d969/reports 200 in 20ms (next.js: 10ms, proxy.ts: 1762µs, application-code: 8ms)
 GET /api/demo/runs/prj_09047604e591d969/reports 200 in 19ms (next.js: 2ms, proxy.ts: 11ms, application-code: 5ms)
 GET /api/demo/runs/prj_09047604e591d969/runpod-status 200 in 18ms (next.js: 6ms, proxy.ts: 2ms, application-code: 9ms)
 GET /api/demo/runs/prj_09047604e591d969/reports 200 in 20ms (next.js: 7ms, proxy.ts: 2ms, application-code: 10ms)
 GET /api/demo/runs/prj_09047604e591d969/reports 200 in 10ms (next.js: 3ms, proxy.ts: 1837µs, application-code: 5ms)
 GET /api/demo/runs/prj_09047604e591d969/reports 200 in 19ms (next.js: 9ms, proxy.ts: 2ms, application-code: 8ms)
 GET /api/demo/runs/prj_09047604e591d969/reports 200 in 19ms (next.js: 10ms, proxy.ts: 2ms, application-code: 7ms)
 GET /api/demo/runs/prj_09047604e591d969/reports 200 in 16ms (next.js: 6ms, proxy.ts: 2ms, application-code: 7ms)
 GET /api/demo/runs/prj_09047604e591d969/reports 200 in 11ms (next.js: 4ms, proxy.ts: 2ms, application-code: 5ms)
 GET /api/demo/runs/prj_09047604e591d969/runpod-status 200 in 23ms (next.js: 9ms, proxy.ts: 3ms, application-code: 11ms)
 GET /api/demo/runs/prj_09047604e591d969/runpod-status 200 in 25ms (next.js: 12ms, proxy.ts: 3ms, application-code: 10ms)
 GET /api/demo/runs/prj_09047604e591d969/runpod-status 200 in 19ms (next.js: 7ms, proxy.ts: 3ms, application-code: 10ms)
 GET /api/demo/runs/prj_09047604e591d969/reports 200 in 19ms (next.js: 8ms, proxy.ts: 2ms, application-code: 9ms)
 GET /api/demo/runs/prj_09047604e591d969/reports 200 in 18ms (next.js: 10ms, proxy.ts: 2ms, application-code: 7ms)
 GET /api/demo/runs/prj_09047604e591d969/runpod-status 200 in 19ms (next.js: 7ms, proxy.ts: 3ms, application-code: 10ms)
 GET /api/demo/runs/prj_09047604e591d969/reports 200 in 20ms (next.js: 8ms, proxy.ts: 2ms, application-code: 9ms)
 GET /api/demo/runs/prj_09047604e591d969/reports 200 in 19ms (next.js: 10ms, proxy.ts: 1732µs, application-code: 8ms)
 GET /api/demo/runs/prj_09047604e591d969/reports 200 in 15ms (next.js: 7ms, proxy.ts: 1721µs, application-code: 6ms)
 GET /api/demo/runs/prj_09047604e591d969/reports 200 in 11ms (next.js: 4ms, proxy.ts: 1806µs, application-code: 5ms)
 GET /api/demo/runs/prj_09047604e591d969/reports 200 in 21ms (next.js: 7ms, proxy.ts: 2ms, application-code: 12ms)
 GET /api/demo/runs/prj_09047604e591d969/reports 200 in 14ms (next.js: 3ms, proxy.ts: 2ms, application-code: 8ms)
 GET /api/demo/runs/prj_09047604e591d969/runpod-status 200 in 21ms (next.js: 8ms, proxy.ts: 4ms, application-code: 9ms)
 GET /api/demo/runs/prj_09047604e591d969/reports 200 in 18ms (next.js: 6ms, proxy.ts: 2ms, application-code: 10ms)
 GET /api/demo/runs/prj_09047604e591d969/reports 200 in 9ms (next.js: 1987µs, proxy.ts: 2ms, application-code: 5ms)
 GET /api/demo/runs/prj_09047604e591d969/runpod-status 200 in 23ms (next.js: 9ms, proxy.ts: 2ms, application-code: 11ms)
 GET /api/demo/runs/prj_09047604e591d969/reports 200 in 18ms (next.js: 8ms, proxy.ts: 2ms, application-code: 8ms)
 GET /api/demo/runs/prj_09047604e591d969/reports 200 in 17ms (next.js: 10ms, proxy.ts: 1797µs, application-code: 5ms)
 GET /api/demo/runs/prj_09047604e591d969/reports 200 in 20ms (next.js: 9ms, proxy.ts: 2ms, application-code: 9ms)
 GET /api/demo/runs/prj_09047604e591d969/reports 200 in 19ms (next.js: 3ms, proxy.ts: 10ms, application-code: 6ms)
 GET /api/demo/runs/prj_09047604e591d969/reports 200 in 19ms (next.js: 6ms, proxy.ts: 1971µs, application-code: 11ms)
 GET /api/demo/runs/prj_09047604e591d969/reports 200 in 11ms (next.js: 3ms, proxy.ts: 2ms, application-code: 6ms)
 GET /api/demo/runs/prj_09047604e591d969/runpod-status 200 in 20ms (next.js: 7ms, proxy.ts: 2ms, application-code: 10ms)
 GET /api/demo/runs/prj_09047604e591d969/reports 200 in 19ms (next.js: 7ms, proxy.ts: 2ms, application-code: 10ms)
 GET /api/demo/runs/prj_09047604e591d969/reports 200 in 10ms (next.js: 2ms, proxy.ts: 2ms, application-code: 6ms)
 GET /api/demo/runs/prj_09047604e591d969/runpod-status 200 in 19ms (next.js: 7ms, proxy.ts: 2ms, application-code: 10ms)
 GET /api/demo/runs/prj_09047604e591d969/reports 200 in 20ms (next.js: 8ms, proxy.ts: 3ms, application-code: 9ms)
 GET /api/demo/runs/prj_09047604e591d969/reports 200 in 21ms (next.js: 10ms, proxy.ts: 3ms, application-code: 8ms)
 GET /api/demo/runs/prj_09047604e591d969/reports 200 in 22ms (next.js: 8ms, proxy.ts: 4ms, application-code: 10ms)
 GET /api/demo/runs/prj_09047604e591d969/reports 200 in 23ms (next.js: 10ms, proxy.ts: 4ms, application-code: 9ms)
 GET /api/demo/runs/prj_09047604e591d969/reports 200 in 19ms (next.js: 8ms, proxy.ts: 3ms, application-code: 8ms)
 GET /api/demo/runs/prj_09047604e591d969/reports 200 in 21ms (next.js: 10ms, proxy.ts: 2ms, application-code: 8ms)
 GET /api/demo/runs/prj_09047604e591d969/runpod-status 200 in 19ms (next.js: 6ms, proxy.ts: 2ms, application-code: 10ms)
 GET /api/demo/runs/prj_09047604e591d969/reports 200 in 16ms (next.js: 7ms, proxy.ts: 1875µs, application-code: 6ms)
 GET /api/demo/runs/prj_09047604e591d969/reports 200 in 13ms (next.js: 4ms, proxy.ts: 2ms, application-code: 7ms)
 GET /api/demo/runs/prj_09047604e591d969/runpod-status 200 in 21ms (next.js: 7ms, proxy.ts: 2ms, application-code: 12ms)
 GET /api/demo/runs/prj_09047604e591d969/reports 200 in 21ms (next.js: 8ms, proxy.ts: 2ms, application-code: 11ms)
 GET /api/demo/runs/prj_09047604e591d969/reports 200 in 23ms (next.js: 3ms, proxy.ts: 9ms, application-code: 10ms)
 GET /api/demo/runs/prj_09047604e591d969/reports 200 in 19ms (next.js: 7ms, proxy.ts: 2ms, application-code: 10ms)
 GET /api/demo/runs/prj_09047604e591d969/reports 200 in 10ms (next.js: 2ms, proxy.ts: 2ms, application-code: 6ms)
 GET /api/demo/runs/prj_09047604e591d969/reports 200 in 17ms (next.js: 9ms, proxy.ts: 2ms, application-code: 6ms)
 GET /api/demo/runs/prj_09047604e591d969/reports 200 in 20ms (next.js: 11ms, proxy.ts: 2ms, application-code: 7ms)
 GET /api/demo/runs/prj_09047604e591d969/runpod-status 200 in 17ms (next.js: 6ms, proxy.ts: 3ms, application-code: 8ms)
 GET /api/demo/runs/prj_09047604e591d969/reports 200 in 17ms (next.js: 7ms, proxy.ts: 3ms, application-code: 7ms)
 GET /api/demo/runs/prj_09047604e591d969/reports 200 in 18ms (next.js: 10ms, proxy.ts: 2ms, application-code: 7ms)
 GET /api/demo/runs/prj_09047604e591d969/runpod-status 200 in 20ms (next.js: 7ms, proxy.ts: 2ms, application-code: 11ms)
 GET /api/demo/runs/prj_09047604e591d969/reports 200 in 18ms (next.js: 8ms, proxy.ts: 3ms, application-code: 8ms)
 GET /api/demo/runs/prj_09047604e591d969/reports 200 in 20ms (next.js: 11ms, proxy.ts: 3ms, application-code: 7ms)
 GET /api/demo/runs/prj_09047604e591d969/reports 200 in 18ms (next.js: 8ms, proxy.ts: 2ms, application-code: 8ms)
 GET /api/demo/runs/prj_09047604e591d969/reports 200 in 18ms (next.js: 9ms, proxy.ts: 2ms, application-code: 6ms)
 GET /api/demo/runs/prj_09047604e591d969/reports 200 in 19ms (next.js: 7ms, proxy.ts: 3ms, application-code: 9ms)
 GET /api/demo/runs/prj_09047604e591d969/reports 200 in 9ms (next.js: 2ms, proxy.ts: 1611µs, application-code: 5ms)
 GET /api/demo/runs/prj_09047604e591d969/runpod-status 200 in 19ms (next.js: 7ms, proxy.ts: 2ms, application-code: 10ms)
 GET /api/demo/runs/prj_09047604e591d969/reports 200 in 18ms (next.js: 7ms, proxy.ts: 1759µs, application-code: 10ms)
 GET /api/demo/runs/prj_09047604e591d969/reports 200 in 9ms (next.js: 2ms, proxy.ts: 1844µs, application-code: 5ms)
 GET /api/demo/runs/prj_09047604e591d969/runpod-status 200 in 20ms (next.js: 9ms, proxy.ts: 2ms, application-code: 8ms)
 GET /api/demo/runs/prj_09047604e591d969/reports 200 in 17ms (next.js: 7ms, proxy.ts: 2ms, application-code: 8ms)
 GET /api/demo/runs/prj_09047604e591d969/reports 200 in 19ms (next.js: 9ms, proxy.ts: 2ms, application-code: 8ms)
 GET /api/demo/runs/prj_09047604e591d969/reports 200 in 18ms (next.js: 8ms, proxy.ts: 2ms, application-code: 8ms)
 GET /api/demo/runs/prj_09047604e591d969/reports 200 in 17ms (next.js: 2ms, proxy.ts: 9ms, application-code: 6ms)
 GET /api/demo/runs/prj_09047604e591d969/runpod-status 200 in 24ms (next.js: 10ms, proxy.ts: 3ms, application-code: 11ms)
 GET /api/demo/runs/prj_09047604e591d969/runpod-status 200 in 27ms (next.js: 13ms, proxy.ts: 3ms, application-code: 12ms)
 GET /api/demo/runs/prj_09047604e591d969/reports 200 in 17ms (next.js: 8ms, proxy.ts: 3ms, application-code: 6ms)
 GET /api/demo/runs/prj_09047604e591d969/reports 200 in 18ms (next.js: 11ms, proxy.ts: 2ms, application-code: 5ms)
 GET /api/demo/runs/prj_09047604e591d969/runpod-status 200 in 20ms (next.js: 6ms, proxy.ts: 4ms, application-code: 10ms)
 GET /api/demo/runs/prj_09047604e591d969/reports 200 in 18ms (next.js: 7ms, proxy.ts: 1754µs, application-code: 9ms)
 GET /api/demo/runs/prj_09047604e591d969/reports 200 in 9ms (next.js: 1921µs, proxy.ts: 1579µs, application-code: 5ms)
 GET /api/demo/runs/prj_09047604e591d969/runpod-status 200 in 18ms (next.js: 6ms, proxy.ts: 2ms, application-code: 9ms)
 GET /api/demo/runs/prj_09047604e591d969/reports 200 in 19ms (next.js: 7ms, proxy.ts: 3ms, application-code: 9ms)
 GET /api/demo/runs/prj_09047604e591d969/reports 200 in 19ms (next.js: 10ms, proxy.ts: 2ms, application-code: 7ms)
 GET /api/demo/runs/prj_09047604e591d969/reports 200 in 18ms (next.js: 9ms, proxy.ts: 2ms, application-code: 7ms)
 GET /api/demo/runs/prj_09047604e591d969/reports 200 in 18ms (next.js: 10ms, proxy.ts: 2ms, application-code: 6ms)
 GET /api/demo/runs/prj_09047604e591d969/reports 200 in 15ms (next.js: 7ms, proxy.ts: 1931µs, application-code: 7ms)
 GET /api/demo/runs/prj_09047604e591d969/reports 200 in 11ms (next.js: 4ms, proxy.ts: 1802µs, application-code: 6ms)
 GET /api/demo/runs/prj_09047604e591d969/runpod-status 200 in 17ms (next.js: 7ms, proxy.ts: 2ms, application-code: 8ms)
 GET /api/demo/runs/prj_09047604e591d969/reports 200 in 18ms (next.js: 8ms, proxy.ts: 2ms, application-code: 8ms)
 GET /api/demo/runs/prj_09047604e591d969/reports 200 in 19ms (next.js: 10ms, proxy.ts: 1884µs, application-code: 7ms)
 GET /api/demo/runs/prj_09047604e591d969/runpod-status 200 in 45ms (next.js: 6ms, proxy.ts: 1984µs, application-code: 37ms)
 GET /api/demo/runs/prj_09047604e591d969/reports 200 in 18ms (next.js: 6ms, proxy.ts: 1957µs, application-code: 10ms)
 GET /api/demo/runs/prj_09047604e591d969/reports 200 in 10ms (next.js: 2ms, proxy.ts: 1946µs, application-code: 6ms)
 GET /api/demo/runs/prj_09047604e591d969/reports 200 in 17ms (next.js: 8ms, proxy.ts: 3ms, application-code: 6ms)
 GET /api/demo/runs/prj_09047604e591d969/reports 200 in 18ms (next.js: 10ms, proxy.ts: 2ms, application-code: 5ms)
 GET /api/demo/runs/prj_09047604e591d969/reports 200 in 17ms (next.js: 8ms, proxy.ts: 3ms, application-code: 6ms)
 GET /api/demo/runs/prj_09047604e591d969/reports 200 in 17ms (next.js: 10ms, proxy.ts: 2ms, application-code: 5ms)
 GET /api/demo/runs/prj_09047604e591d969/runpod-status 200 in 19ms (next.js: 7ms, proxy.ts: 2ms, application-code: 10ms)
 GET /api/demo/runs/prj_09047604e591d969/reports 200 in 19ms (next.js: 7ms, proxy.ts: 1775µs, application-code: 10ms)
 GET /api/demo/runs/prj_09047604e591d969/reports 200 in 10ms (next.js: 2ms, proxy.ts: 2ms, application-code: 5ms)
 GET /api/demo/runs/prj_09047604e591d969/runpod-status 200 in 19ms (next.js: 7ms, proxy.ts: 2ms, application-code: 9ms)
 GET /api/demo/runs/prj_09047604e591d969/reports 200 in 19ms (next.js: 8ms, proxy.ts: 2ms, application-code: 9ms)
 GET /api/demo/runs/prj_09047604e591d969/reports 200 in 15ms (next.js: 4ms, proxy.ts: 4ms, application-code: 6ms)
 GET /api/demo/runs/prj_09047604e591d969/reports 200 in 16ms (next.js: 7ms, proxy.ts: 2ms, application-code: 6ms)
 GET /api/demo/runs/prj_09047604e591d969/reports 200 in 12ms (next.js: 3ms, proxy.ts: 3ms, application-code: 5ms)
 GET /api/demo/runs/prj_09047604e591d969/reports 200 in 15ms (next.js: 6ms, proxy.ts: 1794µs, application-code: 7ms)
 GET /api/demo/runs/prj_09047604e591d969/reports 200 in 11ms (next.js: 4ms, proxy.ts: 1766µs, application-code: 5ms)
 GET /api/demo/runs/prj_09047604e591d969/runpod-status 200 in 19ms (next.js: 7ms, proxy.ts: 2ms, application-code: 10ms)
 GET /api/demo/runs/prj_09047604e591d969/reports 200 in 20ms (next.js: 7ms, proxy.ts: 2ms, application-code: 11ms)
 GET /api/demo/runs/prj_09047604e591d969/reports 200 in 13ms (next.js: 2ms, proxy.ts: 2ms, application-code: 9ms)
 GET /api/demo/runs/prj_09047604e591d969/runpod-status 200 in 23ms (next.js: 9ms, proxy.ts: 3ms, application-code: 12ms)
 GET /api/demo/runs/prj_09047604e591d969/reports 200 in 20ms (next.js: 9ms, proxy.ts: 3ms, application-code: 9ms)
 GET /api/demo/runs/prj_09047604e591d969/reports 200 in 19ms (next.js: 3ms, proxy.ts: 9ms, application-code: 7ms)
 GET /api/demo/runs/prj_09047604e591d969/reports 200 in 21ms (next.js: 9ms, proxy.ts: 4ms, application-code: 8ms)
 GET /api/demo/runs/prj_09047604e591d969/reports 200 in 21ms (next.js: 11ms, proxy.ts: 3ms, application-code: 7ms)
 GET /api/demo/runs/prj_09047604e591d969/reports 200 in 22ms (next.js: 10ms, proxy.ts: 4ms, application-code: 9ms)
 GET /api/demo/runs/prj_09047604e591d969/reports 200 in 23ms (next.js: 12ms, proxy.ts: 3ms, application-code: 8ms)
 GET /api/demo/runs/prj_09047604e591d969/runpod-status 200 in 18ms (next.js: 7ms, proxy.ts: 3ms, application-code: 8ms)
 GET /api/demo/runs/prj_09047604e591d969/reports 200 in 21ms (next.js: 7ms, proxy.ts: 2ms, application-code: 12ms)
 GET /api/demo/runs/prj_09047604e591d969/reports 200 in 12ms (next.js: 3ms, proxy.ts: 2ms, application-code: 7ms)
 GET /api/demo/runs/prj_09047604e591d969/runpod-status 200 in 22ms (next.js: 8ms, proxy.ts: 3ms, application-code: 11ms)
 GET /api/demo/runs/prj_09047604e591d969/reports 200 in 18ms (next.js: 7ms, proxy.ts: 3ms, application-code: 8ms)
 GET /api/demo/runs/prj_09047604e591d969/reports 200 in 19ms (next.js: 10ms, proxy.ts: 2ms, application-code: 7ms)
 GET /api/demo/runs/prj_09047604e591d969/reports 200 in 17ms (next.js: 8ms, proxy.ts: 3ms, application-code: 7ms)
 GET /api/demo/runs/prj_09047604e591d969/reports 200 in 18ms (next.js: 10ms, proxy.ts: 3ms, application-code: 6ms)
 GET /api/demo/runs/prj_09047604e591d969/reports 200 in 20ms (next.js: 10ms, proxy.ts: 3ms, application-code: 7ms)
 GET /api/demo/runs/prj_09047604e591d969/reports 200 in 20ms (next.js: 11ms, proxy.ts: 3ms, application-code: 5ms)
 GET /api/demo/runs/prj_09047604e591d969/runpod-status 200 in 18ms (next.js: 7ms, proxy.ts: 2ms, application-code: 9ms)
 GET /api/demo/runs/prj_09047604e591d969/reports 200 in 20ms (next.js: 8ms, proxy.ts: 3ms, application-code: 9ms)
 GET /api/demo/runs/prj_09047604e591d969/reports 200 in 21ms (next.js: 10ms, proxy.ts: 3ms, application-code: 8ms)
 GET /api/demo/runs/prj_09047604e591d969/runpod-status 200 in 17ms (next.js: 7ms, proxy.ts: 2ms, application-code: 8ms)
 GET /api/demo/runs/prj_09047604e591d969/reports 200 in 19ms (next.js: 7ms, proxy.ts: 2ms, application-code: 10ms)
 GET /api/demo/runs/prj_09047604e591d969/reports 200 in 20ms (next.js: 9ms, proxy.ts: 2ms, application-code: 8ms)
 GET /api/demo/runs/prj_09047604e591d969/reports 200 in 18ms (next.js: 8ms, proxy.ts: 2ms, application-code: 8ms)
 GET /api/demo/runs/prj_09047604e591d969/reports 200 in 17ms (next.js: 2ms, proxy.ts: 9ms, application-code: 6ms)
 GET /api/demo/runs/prj_09047604e591d969/runpod-status 200 in 27ms (next.js: 13ms, proxy.ts: 3ms, application-code: 11ms)
 GET /api/demo/runs/prj_09047604e591d969/runpod-status 200 in 28ms (next.js: 15ms, proxy.ts: 3ms, application-code: 10ms)
 GET /api/demo/runs/prj_09047604e591d969/reports 200 in 17ms (next.js: 7ms, proxy.ts: 2ms, application-code: 8ms)
 GET /api/demo/runs/prj_09047604e591d969/reports 200 in 11ms (next.js: 4ms, proxy.ts: 2ms, application-code: 5ms)
 GET /api/demo/runs/prj_09047604e591d969/runpod-status 200 in 19ms (next.js: 7ms, proxy.ts: 3ms, application-code: 9ms)
 GET /api/demo/runs/prj_09047604e591d969/reports 200 in 16ms (next.js: 7ms, proxy.ts: 1900µs, application-code: 7ms)
 GET /api/demo/runs/prj_09047604e591d969/reports 200 in 14ms (next.js: 5ms, proxy.ts: 2ms, application-code: 7ms)
 GET /api/demo/runs/prj_09047604e591d969/runpod-status 200 in 19ms (next.js: 7ms, proxy.ts: 3ms, application-code: 9ms)
 GET /api/demo/runs/prj_09047604e591d969/reports 200 in 19ms (next.js: 8ms, proxy.ts: 3ms, application-code: 8ms)
 GET /api/demo/runs/prj_09047604e591d969/reports 200 in 24ms (next.js: 11ms, proxy.ts: 2ms, application-code: 11ms)
 GET /api/demo/runs/prj_09047604e591d969/reports 200 in 21ms (next.js: 9ms, proxy.ts: 4ms, application-code: 9ms)
 GET /api/demo/runs/prj_09047604e591d969/reports 200 in 22ms (next.js: 11ms, proxy.ts: 2ms, application-code: 9ms)
 GET /api/demo/runs/prj_09047604e591d969/reports 200 in 15ms (next.js: 6ms, proxy.ts: 1941µs, application-code: 7ms)
 GET /api/demo/runs/prj_09047604e591d969/reports 200 in 11ms (next.js: 4ms, proxy.ts: 2ms, application-code: 5ms)
 GET /api/demo/runs/prj_09047604e591d969/runpod-status 200 in 20ms (next.js: 7ms, proxy.ts: 3ms, application-code: 10ms)
 GET /api/demo/runs/prj_09047604e591d969/reports 200 in 19ms (next.js: 8ms, proxy.ts: 3ms, application-code: 7ms)
 GET /api/demo/runs/prj_09047604e591d969/reports 200 in 20ms (next.js: 11ms, proxy.ts: 2ms, application-code: 7ms)
 GET /api/demo/runs/prj_09047604e591d969/runpod-status 200 in 18ms (next.js: 7ms, proxy.ts: 2ms, application-code: 9ms)
 GET /api/demo/runs/prj_09047604e591d969/reports 200 in 16ms (next.js: 6ms, proxy.ts: 2ms, application-code: 7ms)
 GET /api/demo/runs/prj_09047604e591d969/reports 200 in 14ms (next.js: 5ms, proxy.ts: 2ms, application-code: 7ms)
 GET /api/demo/runs/prj_09047604e591d969/reports 200 in 22ms (next.js: 11ms, proxy.ts: 1859µs, application-code: 10ms)
 GET /api/demo/runs/prj_09047604e591d969/reports 200 in 23ms (next.js: 13ms, proxy.ts: 2ms, application-code: 8ms)
 GET /api/demo/runs/prj_09047604e591d969/reports 200 in 15ms (next.js: 6ms, proxy.ts: 1655µs, application-code: 7ms)
 GET /api/demo/runs/prj_09047604e591d969/reports 200 in 12ms (next.js: 4ms, proxy.ts: 3ms, application-code: 5ms)
 GET /api/demo/runs/prj_09047604e591d969/runpod-status 200 in 19ms (next.js: 6ms, proxy.ts: 4ms, application-code: 9ms)
 GET /api/demo/runs/prj_09047604e591d969/reports 200 in 29ms (next.js: 13ms, proxy.ts: 2ms, application-code: 14ms)
 GET /api/demo/runs/prj_09047604e591d969/reports 200 in 34ms (next.js: 16ms, proxy.ts: 3ms, application-code: 14ms)
 GET /api/demo/runs/prj_09047604e591d969/runpod-status 200 in 17ms (next.js: 6ms, proxy.ts: 2ms, application-code: 9ms)
 GET /api/demo/runs/prj_09047604e591d969/reports 200 in 16ms (next.js: 7ms, proxy.ts: 1753µs, application-code: 7ms)
 GET /api/demo/runs/prj_09047604e591d969/reports 200 in 13ms (next.js: 4ms, proxy.ts: 2ms, application-code: 6ms)
 GET /api/demo/runs/prj_09047604e591d969/reports 200 in 22ms (next.js: 7ms, proxy.ts: 2ms, application-code: 12ms)
 GET /api/demo/runs/prj_09047604e591d969/reports 200 in 14ms (next.js: 2ms, proxy.ts: 1881µs, application-code: 10ms)
 GET /api/demo/runs/prj_09047604e591d969/reports 200 in 16ms (next.js: 7ms, proxy.ts: 1830µs, application-code: 8ms)
 GET /api/demo/runs/prj_09047604e591d969/reports 200 in 12ms (next.js: 5ms, proxy.ts: 1719µs, application-code: 6ms)
 GET /api/demo/runs/prj_09047604e591d969/runpod-status 200 in 18ms (next.js: 7ms, proxy.ts: 3ms, application-code: 9ms)
 GET /api/demo/runs/prj_09047604e591d969/reports 200 in 28ms (next.js: 14ms, proxy.ts: 3ms, application-code: 11ms)
 GET /api/demo/runs/prj_09047604e591d969/reports 200 in 33ms (next.js: 6ms, proxy.ts: 18ms, application-code: 10ms)
 GET /api/demo/runs/prj_09047604e591d969/runpod-status 200 in 20ms (next.js: 7ms, proxy.ts: 2ms, application-code: 10ms)
 GET /api/demo/runs/prj_09047604e591d969/reports 200 in 20ms (next.js: 7ms, proxy.ts: 2ms, application-code: 11ms)
 GET /api/demo/runs/prj_09047604e591d969/reports 200 in 11ms (next.js: 1954µs, proxy.ts: 1499µs, application-code: 7ms)
 GET /api/demo/runs/prj_09047604e591d969/reports 200 in 20ms (next.js: 9ms, proxy.ts: 2ms, application-code: 9ms)
 GET /api/demo/runs/prj_09047604e591d969/reports 200 in 18ms (next.js: 11ms, proxy.ts: 2ms, application-code: 5ms)
 GET /api/demo/runs/prj_09047604e591d969/reports 200 in 19ms (next.js: 7ms, proxy.ts: 4ms, application-code: 8ms)
 GET /api/demo/runs/prj_09047604e591d969/reports 200 in 20ms (next.js: 10ms, proxy.ts: 3ms, application-code: 8ms)
 GET /api/demo/runs/prj_09047604e591d969/runpod-status 200 in 18ms (next.js: 7ms, proxy.ts: 3ms, application-code: 8ms)
 GET /api/demo/runs/prj_09047604e591d969/reports 200 in 24ms (next.js: 11ms, proxy.ts: 3ms, application-code: 10ms)
 GET /api/demo/runs/prj_09047604e591d969/reports 200 in 14ms (next.js: 5ms, proxy.ts: 3ms, application-code: 6ms)
 GET /api/demo/runs/prj_09047604e591d969/runpod-status 200 in 19ms (next.js: 6ms, proxy.ts: 1995µs, application-code: 11ms)
 GET /api/demo/runs/prj_09047604e591d969/reports 200 in 18ms (next.js: 6ms, proxy.ts: 1991µs, application-code: 10ms)
 GET /api/demo/runs/prj_09047604e591d969/reports 200 in 11ms (next.js: 1991µs, proxy.ts: 1993µs, application-code: 7ms)
 GET /api/demo/runs/prj_09047604e591d969/reports 200 in 22ms (next.js: 9ms, proxy.ts: 4ms, application-code: 9ms)
 GET /api/demo/runs/prj_09047604e591d969/reports 200 in 22ms (next.js: 11ms, proxy.ts: 2ms, application-code: 8ms)
 GET /api/demo/runs/prj_09047604e591d969/reports 200 in 21ms (next.js: 7ms, proxy.ts: 4ms, application-code: 10ms)
 GET /api/demo/runs/prj_09047604e591d969/reports 200 in 22ms (next.js: 10ms, proxy.ts: 4ms, application-code: 8ms)
 GET /api/demo/runs/prj_09047604e591d969/runpod-status 200 in 18ms (next.js: 8ms, proxy.ts: 2ms, application-code: 8ms)
 GET /api/demo/runs/prj_09047604e591d969/reports 200 in 26ms (next.js: 11ms, proxy.ts: 3ms, application-code: 13ms)
 GET /api/demo/runs/prj_09047604e591d969/reports 200 in 23ms (next.js: 3ms, proxy.ts: 12ms, application-code: 9ms)
 GET /api/demo/runs/prj_09047604e591d969/runpod-status 200 in 18ms (next.js: 6ms, proxy.ts: 2ms, application-code: 10ms)
 GET /api/demo/runs/prj_09047604e591d969/reports 200 in 22ms (next.js: 10ms, proxy.ts: 3ms, application-code: 9ms)
 GET /api/demo/runs/prj_09047604e591d969/reports 200 in 23ms (next.js: 12ms, proxy.ts: 3ms, application-code: 8ms)
 GET /api/demo/runs/prj_09047604e591d969/reports 200 in 15ms (next.js: 7ms, proxy.ts: 2ms, application-code: 6ms)
 GET /api/demo/runs/prj_09047604e591d969/reports 200 in 12ms (next.js: 4ms, proxy.ts: 2ms, application-code: 6ms)
 GET /api/demo/runs/prj_09047604e591d969/runpod-status 200 in 27ms (next.js: 11ms, proxy.ts: 3ms, application-code: 12ms)
 GET /api/demo/runs/prj_09047604e591d969/runpod-status 200 in 31ms (next.js: 14ms, proxy.ts: 2ms, application-code: 14ms)
 GET /api/demo/runs/prj_09047604e591d969/reports 200 in 18ms (next.js: 8ms, proxy.ts: 2ms, application-code: 8ms)
 GET /api/demo/runs/prj_09047604e591d969/reports 200 in 16ms (next.js: 2ms, proxy.ts: 9ms, application-code: 5ms)
 GET /api/demo/runs/prj_09047604e591d969/runpod-status 200 in 18ms (next.js: 7ms, proxy.ts: 3ms, application-code: 8ms)
 GET /api/demo/runs/prj_09047604e591d969/reports 200 in 18ms (next.js: 8ms, proxy.ts: 3ms, application-code: 7ms)
 GET /api/demo/runs/prj_09047604e591d969/reports 200 in 19ms (next.js: 11ms, proxy.ts: 2ms, application-code: 6ms)
 GET /api/demo/runs/prj_09047604e591d969/runpod-status 200 in 19ms (next.js: 7ms, proxy.ts: 2ms, application-code: 10ms)
 GET /api/demo/runs/prj_09047604e591d969/reports 200 in 15ms (next.js: 6ms, proxy.ts: 2ms, application-code: 6ms)
 GET /api/demo/runs/prj_09047604e591d969/reports 200 in 11ms (next.js: 4ms, proxy.ts: 1659µs, application-code: 5ms)
 GET /api/demo/runs/prj_09047604e591d969/reports 200 in 20ms (next.js: 8ms, proxy.ts: 3ms, application-code: 9ms)
 GET /api/demo/runs/prj_09047604e591d969/reports 200 in 21ms (next.js: 10ms, proxy.ts: 2ms, application-code: 9ms)
 GET /api/demo/runs/prj_09047604e591d969/reports 200 in 16ms (next.js: 7ms, proxy.ts: 3ms, application-code: 6ms)
 GET /api/demo/runs/prj_09047604e591d969/reports 200 in 17ms (next.js: 10ms, proxy.ts: 2ms, application-code: 6ms)
 GET /api/demo/runs/prj_09047604e591d969/runpod-status 200 in 18ms (next.js: 7ms, proxy.ts: 1900µs, application-code: 9ms)
 GET /api/demo/runs/prj_09047604e591d969/reports 200 in 21ms (next.js: 7ms, proxy.ts: 4ms, application-code: 10ms)
 GET /api/demo/runs/prj_09047604e591d969/reports 200 in 21ms (next.js: 10ms, proxy.ts: 3ms, application-code: 9ms)
 GET /api/demo/runs/prj_09047604e591d969/runpod-status 200 in 17ms (next.js: 7ms, proxy.ts: 2ms, application-code: 8ms)
 GET /api/demo/runs/prj_09047604e591d969/reports 200 in 17ms (next.js: 8ms, proxy.ts: 2ms, application-code: 6ms)
 GET /api/demo/runs/prj_09047604e591d969/reports 200 in 16ms (next.js: 10ms, proxy.ts: 1803µs, application-code: 5ms)
 GET /api/demo/runs/prj_09047604e591d969/reports 200 in 17ms (next.js: 7ms, proxy.ts: 3ms, application-code: 7ms)
 GET /api/demo/runs/prj_09047604e591d969/reports 200 in 13ms (next.js: 4ms, proxy.ts: 2ms, application-code: 7ms)
 GET /api/demo/runs/prj_09047604e591d969/reports 200 in 19ms (next.js: 8ms, proxy.ts: 3ms, application-code: 8ms)
 GET /api/demo/runs/prj_09047604e591d969/reports 200 in 21ms (next.js: 10ms, proxy.ts: 2ms, application-code: 9ms)
 GET /api/demo/runs/prj_09047604e591d969/runpod-status 200 in 18ms (next.js: 8ms, proxy.ts: 1911µs, application-code: 8ms)
 GET /api/demo/runs/prj_09047604e591d969/reports 200 in 18ms (next.js: 7ms, proxy.ts: 1866µs, application-code: 10ms)
 GET /api/demo/runs/prj_09047604e591d969/reports 200 in 10ms (next.js: 2ms, proxy.ts: 2ms, application-code: 5ms)
 GET /api/demo/runs/prj_09047604e591d969/runpod-status 200 in 18ms (next.js: 6ms, proxy.ts: 3ms, application-code: 8ms)
 GET /api/demo/runs/prj_09047604e591d969/reports 200 in 15ms (next.js: 7ms, proxy.ts: 1829µs, application-code: 7ms)
 GET /api/demo/runs/prj_09047604e591d969/reports 200 in 12ms (next.js: 4ms, proxy.ts: 1962µs, application-code: 6ms)
 GET /api/demo/runs/prj_09047604e591d969/reports 200 in 25ms (next.js: 7ms, proxy.ts: 2ms, application-code: 16ms)
 GET /api/demo/runs/prj_09047604e591d969/reports 200 in 12ms (next.js: 3ms, proxy.ts: 3ms, application-code: 6ms)
 GET /api/demo/runs/prj_09047604e591d969/runpod-status 200 in 20ms (next.js: 7ms, proxy.ts: 3ms, application-code: 10ms)
 GET /api/demo/runs/prj_09047604e591d969/reports 200 in 15ms (next.js: 7ms, proxy.ts: 2ms, application-code: 6ms)
 GET /api/demo/runs/prj_09047604e591d969/reports 200 in 11ms (next.js: 4ms, proxy.ts: 1635µs, application-code: 6ms)
 GET /api/demo/runs/prj_09047604e591d969/reports 200 in 17ms (next.js: 7ms, proxy.ts: 2ms, application-code: 8ms)
 GET /api/demo/runs/prj_09047604e591d969/reports 200 in 12ms (next.js: 3ms, proxy.ts: 2ms, application-code: 6ms)
 GET /api/demo/runs/prj_09047604e591d969/runpod-status 200 in 21ms (next.js: 7ms, proxy.ts: 1765µs, application-code: 13ms)
 GET /api/demo/runs/prj_09047604e591d969/reports 200 in 16ms (next.js: 6ms, proxy.ts: 2ms, application-code: 7ms)
 GET /api/demo/runs/prj_09047604e591d969/reports 200 in 14ms (next.js: 6ms, proxy.ts: 2ms, application-code: 6ms)
 GET /api/demo/runs/prj_09047604e591d969/reports 200 in 16ms (next.js: 7ms, proxy.ts: 2ms, application-code: 7ms)
 GET /api/demo/runs/prj_09047604e591d969/reports 200 in 11ms (next.js: 3ms, proxy.ts: 3ms, application-code: 6ms)
 GET /api/demo/runs/prj_09047604e591d969/runpod-status 200 in 18ms (next.js: 6ms, proxy.ts: 3ms, application-code: 9ms)
 GET /api/demo/runs/prj_09047604e591d969/reports 200 in 19ms (next.js: 8ms, proxy.ts: 4ms, application-code: 7ms)
 GET /api/demo/runs/prj_09047604e591d969/reports 200 in 21ms (next.js: 11ms, proxy.ts: 2ms, application-code: 8ms)
 GET /api/demo/runs/prj_09047604e591d969/reports 200 in 18ms (next.js: 6ms, proxy.ts: 2ms, application-code: 10ms)
 GET /api/demo/runs/prj_09047604e591d969/reports 200 in 10ms (next.js: 3ms, proxy.ts: 2ms, application-code: 6ms)
 GET /api/demo/runs/prj_09047604e591d969/runpod-status 200 in 19ms (next.js: 7ms, proxy.ts: 1947µs, application-code: 11ms)
 GET /api/demo/runs/prj_09047604e591d969/reports 200 in 16ms (next.js: 8ms, proxy.ts: 1859µs, application-code: 6ms)
 GET /api/demo/runs/prj_09047604e591d969/reports 200 in 11ms (next.js: 4ms, proxy.ts: 1788µs, application-code: 5ms)
 GET /api/demo/runs/prj_09047604e591d969/reports 200 in 16ms (next.js: 6ms, proxy.ts: 2ms, application-code: 8ms)
 GET /api/demo/runs/prj_09047604e591d969/reports 200 in 10ms (next.js: 3ms, proxy.ts: 1749µs, application-code: 6ms)
 GET /api/demo/runs/prj_09047604e591d969/runpod-status 200 in 16ms (next.js: 6ms, proxy.ts: 1687µs, application-code: 8ms)
 GET /api/demo/runs/prj_09047604e591d969/reports 200 in 16ms (next.js: 7ms, proxy.ts: 2ms, application-code: 6ms)
 GET /api/demo/runs/prj_09047604e591d969/reports 200 in 13ms (next.js: 5ms, proxy.ts: 2ms, application-code: 6ms)
 GET /api/demo/runs/prj_09047604e591d969/reports 200 in 15ms (next.js: 7ms, proxy.ts: 1976µs, application-code: 7ms)
 GET /api/demo/runs/prj_09047604e591d969/reports 200 in 11ms (next.js: 3ms, proxy.ts: 2ms, application-code: 6ms)
 GET /api/demo/runs/prj_09047604e591d969/runpod-status 200 in 20ms (next.js: 7ms, proxy.ts: 5ms, application-code: 9ms)
 GET /api/demo/runs/prj_09047604e591d969/reports 200 in 18ms (next.js: 8ms, proxy.ts: 2ms, application-code: 7ms)
 GET /api/demo/runs/prj_09047604e591d969/reports 200 in 18ms (next.js: 10ms, proxy.ts: 1931µs, application-code: 6ms)
 GET /api/demo/runs/prj_09047604e591d969/reports 200 in 16ms (next.js: 6ms, proxy.ts: 1835µs, application-code: 8ms)
 GET /api/demo/runs/prj_09047604e591d969/reports 200 in 10ms (next.js: 2ms, proxy.ts: 1778µs, application-code: 6ms)
 GET /api/demo/runs/prj_09047604e591d969/runpod-status 200 in 25ms (next.js: 10ms, proxy.ts: 3ms, application-code: 11ms)
 GET /api/demo/runs/prj_09047604e591d969/runpod-status 200 in 28ms (next.js: 12ms, proxy.ts: 2ms, application-code: 13ms)
 GET /api/demo/runs/prj_09047604e591d969/runpod-status 200 in 18ms (next.js: 6ms, proxy.ts: 2ms, application-code: 10ms)
 GET /api/demo/runs/prj_09047604e591d969/reports 200 in 16ms (next.js: 7ms, proxy.ts: 2ms, application-code: 6ms)
 GET /api/demo/runs/prj_09047604e591d969/reports 200 in 12ms (next.js: 4ms, proxy.ts: 1892µs, application-code: 6ms)
 GET /api/demo/runs/prj_09047604e591d969/reports 200 in 16ms (next.js: 7ms, proxy.ts: 2ms, application-code: 7ms)
 GET /api/demo/runs/prj_09047604e591d969/reports 200 in 12ms (next.js: 3ms, proxy.ts: 2ms, application-code: 7ms)
 GET /api/demo/runs/prj_09047604e591d969/runpod-status 200 in 18ms (next.js: 7ms, proxy.ts: 1860µs, application-code: 9ms)
 GET /api/demo/runs/prj_09047604e591d969/reports 200 in 18ms (next.js: 7ms, proxy.ts: 2ms, application-code: 8ms)
 GET /api/demo/runs/prj_09047604e591d969/reports 200 in 21ms (next.js: 10ms, proxy.ts: 2ms, application-code: 9ms)
 GET /api/demo/runs/prj_09047604e591d969/reports 200 in 17ms (next.js: 7ms, proxy.ts: 2ms, application-code: 8ms)
 GET /api/demo/runs/prj_09047604e591d969/reports 200 in 12ms (next.js: 3ms, proxy.ts: 2ms, application-code: 6ms)
 GET /api/demo/runs/prj_09047604e591d969/runpod-status 200 in 18ms (next.js: 7ms, proxy.ts: 3ms, application-code: 9ms)
 GET /api/demo/runs/prj_09047604e591d969/reports 200 in 15ms (next.js: 7ms, proxy.ts: 1893µs, application-code: 7ms)
 GET /api/demo/runs/prj_09047604e591d969/reports 200 in 11ms (next.js: 4ms, proxy.ts: 2ms, application-code: 6ms)
 GET /api/demo/runs/prj_09047604e591d969/reports 200 in 21ms (next.js: 8ms, proxy.ts: 3ms, application-code: 10ms)
 GET /api/demo/runs/prj_09047604e591d969/reports 200 in 11ms (next.js: 3ms, proxy.ts: 3ms, application-code: 6ms)
 GET /api/demo/runs/prj_09047604e591d969/runpod-status 200 in 20ms (next.js: 7ms, proxy.ts: 2ms, application-code: 10ms)
 GET /api/demo/runs/prj_09047604e591d969/reports 200 in 19ms (next.js: 7ms, proxy.ts: 3ms, application-code: 9ms)
 GET /api/demo/runs/prj_09047604e591d969/reports 200 in 22ms (next.js: 10ms, proxy.ts: 2ms, application-code: 10ms)
 GET /api/demo/runs/prj_09047604e591d969/reports 200 in 20ms (next.js: 7ms, proxy.ts: 2ms, application-code: 11ms)
 GET /api/demo/runs/prj_09047604e591d969/reports 200 in 10ms (next.js: 2ms, proxy.ts: 1983µs, application-code: 6ms)
 GET /api/demo/runs/prj_09047604e591d969/runpod-status 200 in 20ms (next.js: 6ms, proxy.ts: 4ms, application-code: 10ms)
 GET /api/demo/runs/prj_09047604e591d969/reports 200 in 21ms (next.js: 11ms, proxy.ts: 3ms, application-code: 6ms)
 GET /api/demo/runs/prj_09047604e591d969/reports 200 in 24ms (next.js: 13ms, proxy.ts: 3ms, application-code: 7ms)
 GET /api/demo/runs/prj_09047604e591d969/reports 200 in 23ms (next.js: 6ms, proxy.ts: 1923µs, application-code: 14ms)
 GET /api/demo/runs/prj_09047604e591d969/reports 200 in 11ms (next.js: 3ms, proxy.ts: 2ms, application-code: 6ms)
 GET /api/demo/runs/prj_09047604e591d969/runpod-status 200 in 17ms (next.js: 6ms, proxy.ts: 2ms, application-code: 9ms)
 GET /api/demo/runs/prj_09047604e591d969/reports 200 in 21ms (next.js: 9ms, proxy.ts: 2ms, application-code: 9ms)
 GET /api/demo/runs/prj_09047604e591d969/reports 200 in 20ms (next.js: 12ms, proxy.ts: 1537µs, application-code: 6ms)
 GET /api/demo/runs/prj_09047604e591d969/reports 200 in 19ms (next.js: 7ms, proxy.ts: 3ms, application-code: 9ms)
 GET /api/demo/runs/prj_09047604e591d969/reports 200 in 21ms (next.js: 10ms, proxy.ts: 2ms, application-code: 10ms)
 GET /api/demo/runs/prj_09047604e591d969/runpod-status 200 in 22ms (next.js: 9ms, proxy.ts: 3ms, application-code: 10ms)
 GET /api/demo/runs/prj_09047604e591d969/reports 200 in 19ms (next.js: 7ms, proxy.ts: 1943µs, application-code: 10ms)
 GET /api/demo/runs/prj_09047604e591d969/reports 200 in 9ms (next.js: 2ms, proxy.ts: 2ms, application-code: 5ms)
 GET /api/demo/runs/prj_09047604e591d969/reports 200 in 17ms (next.js: 8ms, proxy.ts: 3ms, application-code: 7ms)
 GET /api/demo/runs/prj_09047604e591d969/reports 200 in 18ms (next.js: 10ms, proxy.ts: 2ms, application-code: 6ms)
 GET /api/demo/runs/prj_09047604e591d969/runpod-status 200 in 18ms (next.js: 6ms, proxy.ts: 1696µs, application-code: 10ms)
 GET /api/demo/runs/prj_09047604e591d969/reports 200 in 19ms (next.js: 7ms, proxy.ts: 1647µs, application-code: 11ms)
 GET /api/demo/runs/prj_09047604e591d969/reports 200 in 10ms (next.js: 2ms, proxy.ts: 2ms, application-code: 6ms)
 GET /api/demo/runs/prj_09047604e591d969/reports 200 in 20ms (next.js: 9ms, proxy.ts: 3ms, application-code: 8ms)
 GET /api/demo/runs/prj_09047604e591d969/reports 200 in 22ms (next.js: 12ms, proxy.ts: 3ms, application-code: 7ms)
 GET /api/demo/runs/prj_09047604e591d969/runpod-status 200 in 18ms (next.js: 6ms, proxy.ts: 2ms, application-code: 10ms)
 GET /api/demo/runs/prj_09047604e591d969/reports 200 in 18ms (next.js: 8ms, proxy.ts: 3ms, application-code: 8ms)
 GET /api/demo/runs/prj_09047604e591d969/reports 200 in 20ms (next.js: 10ms, proxy.ts: 2ms, application-code: 7ms)
 GET /api/demo/runs/prj_09047604e591d969/reports 200 in 19ms (next.js: 7ms, proxy.ts: 2ms, application-code: 10ms)
 GET /api/demo/runs/prj_09047604e591d969/reports 200 in 9ms (next.js: 2ms, proxy.ts: 1872µs, application-code: 5ms)
 GET /api/demo/runs/prj_09047604e591d969/runpod-status 200 in 23ms (next.js: 10ms, proxy.ts: 2ms, application-code: 11ms)
 GET /api/demo/runs/prj_09047604e591d969/reports 200 in 16ms (next.js: 8ms, proxy.ts: 2ms, application-code: 6ms)
 GET /api/demo/runs/prj_09047604e591d969/reports 200 in 18ms (next.js: 10ms, proxy.ts: 2ms, application-code: 5ms)
 GET /api/demo/runs/prj_09047604e591d969/reports 200 in 16ms (next.js: 7ms, proxy.ts: 3ms, application-code: 6ms)
 GET /api/demo/runs/prj_09047604e591d969/reports 200 in 17ms (next.js: 9ms, proxy.ts: 2ms, application-code: 5ms)
 GET /api/demo/runs/prj_09047604e591d969/runpod-status 200 in 19ms (next.js: 6ms, proxy.ts: 1954µs, application-code: 11ms)
 GET /api/demo/runs/prj_09047604e591d969/reports 200 in 19ms (next.js: 8ms, proxy.ts: 3ms, application-code: 8ms)
 GET /api/demo/runs/prj_09047604e591d969/reports 200 in 20ms (next.js: 10ms, proxy.ts: 3ms, application-code: 7ms)
 GET /api/demo/runs/prj_09047604e591d969/reports 200 in 19ms (next.js: 7ms, proxy.ts: 2ms, application-code: 10ms)
 GET /api/demo/runs/prj_09047604e591d969/reports 200 in 20ms (next.js: 9ms, proxy.ts: 2ms, application-code: 8ms)
 GET /api/demo/runs/prj_09047604e591d969/runpod-status 200 in 18ms (next.js: 7ms, proxy.ts: 1803µs, application-code: 9ms)
 GET /api/demo/runs/prj_09047604e591d969/reports 200 in 19ms (next.js: 8ms, proxy.ts: 2ms, application-code: 8ms)
 GET /api/demo/runs/prj_09047604e591d969/reports 200 in 17ms (next.js: 10ms, proxy.ts: 1656µs, application-code: 6ms)
 GET /api/demo/runs/prj_09047604e591d969/reports 200 in 16ms (next.js: 7ms, proxy.ts: 1616µs, application-code: 7ms)
 GET /api/demo/runs/prj_09047604e591d969/reports 200 in 12ms (next.js: 4ms, proxy.ts: 1825µs, application-code: 6ms)
 GET /api/demo/runs/prj_09047604e591d969/runpod-status 200 in 22ms (next.js: 8ms, proxy.ts: 3ms, application-code: 10ms)
 GET /api/demo/runs/prj_09047604e591d969/runpod-status 200 in 23ms (next.js: 11ms, proxy.ts: 2ms, application-code: 10ms)
 GET /api/demo/runs/prj_09047604e591d969/runpod-status 200 in 19ms (next.js: 6ms, proxy.ts: 2ms, application-code: 10ms)
 GET /api/demo/runs/prj_09047604e591d969/reports 200 in 16ms (next.js: 7ms, proxy.ts: 1851µs, application-code: 7ms)
 GET /api/demo/runs/prj_09047604e591d969/reports 200 in 12ms (next.js: 4ms, proxy.ts: 2ms, application-code: 6ms)
 GET /api/demo/runs/prj_09047604e591d969/reports 200 in 17ms (next.js: 8ms, proxy.ts: 3ms, application-code: 7ms)
 GET /api/demo/runs/prj_09047604e591d969/reports 200 in 16ms (next.js: 10ms, proxy.ts: 1650µs, application-code: 5ms)
 GET /api/demo/runs/prj_09047604e591d969/runpod-status 200 in 16ms (next.js: 6ms, proxy.ts: 1765µs, application-code: 8ms)
 GET /api/demo/runs/prj_09047604e591d969/reports 200 in 18ms (next.js: 8ms, proxy.ts: 3ms, application-code: 8ms)
 GET /api/demo/runs/prj_09047604e591d969/reports 200 in 20ms (next.js: 10ms, proxy.ts: 3ms, application-code: 7ms)
 GET /api/demo/runs/prj_09047604e591d969/reports 200 in 18ms (next.js: 7ms, proxy.ts: 1814µs, application-code: 9ms)
 GET /api/demo/runs/prj_09047604e591d969/reports 200 in 17ms (next.js: 2ms, proxy.ts: 9ms, application-code: 5ms)
 GET /api/demo/runs/prj_09047604e591d969/runpod-status 200 in 20ms (next.js: 7ms, proxy.ts: 1734µs, application-code: 10ms)
 GET /api/demo/runs/prj_09047604e591d969/reports 200 in 22ms (next.js: 7ms, proxy.ts: 2ms, application-code: 13ms)
 GET /api/demo/runs/prj_09047604e591d969/reports 200 in 12ms (next.js: 3ms, proxy.ts: 2ms, application-code: 7ms)
 GET /api/demo/runs/prj_09047604e591d969/reports 200 in 18ms (next.js: 7ms, proxy.ts: 1797µs, application-code: 9ms)
 GET /api/demo/runs/prj_09047604e591d969/reports 200 in 12ms (next.js: 1938µs, proxy.ts: 1942µs, application-code: 8ms)
 GET /api/demo/runs/prj_09047604e591d969/runpod-status 200 in 18ms (next.js: 7ms, proxy.ts: 1931µs, application-code: 9ms)
 GET /api/demo/runs/prj_09047604e591d969/reports 200 in 17ms (next.js: 7ms, proxy.ts: 1990µs, application-code: 8ms)
 GET /api/demo/runs/prj_09047604e591d969/reports 200 in 10ms (next.js: 3ms, proxy.ts: 2ms, application-code: 5ms)
 GET /api/demo/runs/prj_09047604e591d969/reports 200 in 20ms (next.js: 7ms, proxy.ts: 1857µs, application-code: 11ms)
 GET /api/demo/runs/prj_09047604e591d969/reports 200 in 14ms (next.js: 2ms, proxy.ts: 2ms, application-code: 9ms)
 GET /api/demo/runs/prj_09047604e591d969/runpod-status 200 in 20ms (next.js: 6ms, proxy.ts: 2ms, application-code: 11ms)
 GET /api/demo/runs/prj_09047604e591d969/reports 200 in 18ms (next.js: 8ms, proxy.ts: 2ms, application-code: 8ms)
 GET /api/demo/runs/prj_09047604e591d969/reports 200 in 11ms (next.js: 2ms, proxy.ts: 2ms, application-code: 7ms)
 GET /api/demo/runs/prj_09047604e591d969/reports 200 in 19ms (next.js: 8ms, proxy.ts: 2ms, application-code: 9ms)
 GET /api/demo/runs/prj_09047604e591d969/reports 200 in 20ms (next.js: 2ms, proxy.ts: 9ms, application-code: 8ms)
 GET /api/demo/runs/prj_09047604e591d969/runpod-status 200 in 21ms (next.js: 8ms, proxy.ts: 3ms, application-code: 10ms)
 GET /api/demo/runs/prj_09047604e591d969/reports 200 in 23ms (next.js: 7ms, proxy.ts: 2ms, application-code: 14ms)
 GET /api/demo/runs/prj_09047604e591d969/reports 200 in 11ms (next.js: 2ms, proxy.ts: 2ms, application-code: 6ms)
 GET /api/demo/runs/prj_09047604e591d969/reports 200 in 19ms (next.js: 7ms, proxy.ts: 3ms, application-code: 10ms)
 GET /api/demo/runs/prj_09047604e591d969/reports 200 in 13ms (next.js: 1909µs, proxy.ts: 1783µs, application-code: 9ms)
 GET /api/demo/runs/prj_09047604e591d969/runpod-status 200 in 19ms (next.js: 6ms, proxy.ts: 2ms, application-code: 11ms)
 GET /api/demo/runs/prj_09047604e591d969/reports 200 in 16ms (next.js: 7ms, proxy.ts: 3ms, application-code: 6ms)
 GET /api/demo/runs/prj_09047604e591d969/reports 200 in 18ms (next.js: 9ms, proxy.ts: 3ms, application-code: 6ms)
 GET /api/demo/runs/prj_09047604e591d969/reports 200 in 19ms (next.js: 8ms, proxy.ts: 3ms, application-code: 9ms)
 GET /api/demo/runs/prj_09047604e591d969/reports 200 in 20ms (next.js: 9ms, proxy.ts: 2ms, application-code: 8ms)
 GET /api/demo/runs/prj_09047604e591d969/runpod-status 200 in 18ms (next.js: 6ms, proxy.ts: 3ms, application-code: 9ms)
 GET /api/demo/runs/prj_09047604e591d969/reports 200 in 20ms (next.js: 9ms, proxy.ts: 3ms, application-code: 9ms)
 GET /api/demo/runs/prj_09047604e591d969/reports 200 in 21ms (next.js: 11ms, proxy.ts: 2ms, application-code: 8ms)
 GET /api/demo/runs/prj_09047604e591d969/reports 200 in 15ms (next.js: 7ms, proxy.ts: 1813µs, application-code: 7ms)
 GET /api/demo/runs/prj_09047604e591d969/reports 200 in 11ms (next.js: 4ms, proxy.ts: 1762µs, application-code: 6ms)
 GET /api/demo/runs/prj_09047604e591d969/runpod-status 200 in 18ms (next.js: 6ms, proxy.ts: 3ms, application-code: 9ms)
 GET /api/demo/runs/prj_09047604e591d969/reports 200 in 19ms (next.js: 7ms, proxy.ts: 2ms, application-code: 10ms)
 GET /api/demo/runs/prj_09047604e591d969/reports 200 in 12ms (next.js: 2ms, proxy.ts: 1865µs, application-code: 8ms)
 GET /api/demo/runs/prj_09047604e591d969/reports 200 in 17ms (next.js: 9ms, proxy.ts: 1979µs, application-code: 7ms)
 GET /api/demo/runs/prj_09047604e591d969/reports 200 in 17ms (next.js: 10ms, proxy.ts: 1974µs, application-code: 5ms)
 GET /api/demo/runs/prj_09047604e591d969/runpod-status 200 in 17ms (next.js: 7ms, proxy.ts: 2ms, application-code: 8ms)
 GET /api/demo/runs/prj_09047604e591d969/reports 200 in 18ms (next.js: 7ms, proxy.ts: 1925µs, application-code: 9ms)
 GET /api/demo/runs/prj_09047604e591d969/reports 200 in 9ms (next.js: 2ms, proxy.ts: 1913µs, application-code: 5ms)
 GET /api/demo/runs/prj_09047604e591d969/reports 200 in 19ms (next.js: 9ms, proxy.ts: 4ms, application-code: 7ms)
 GET /api/demo/runs/prj_09047604e591d969/reports 200 in 20ms (next.js: 11ms, proxy.ts: 3ms, application-code: 6ms)
 GET /api/demo/runs/prj_09047604e591d969/runpod-status 200 in 18ms (next.js: 6ms, proxy.ts: 2ms, application-code: 10ms)
 GET /api/demo/runs/prj_09047604e591d969/reports 200 in 18ms (next.js: 7ms, proxy.ts: 3ms, application-code: 9ms)
 GET /api/demo/runs/prj_09047604e591d969/reports 200 in 20ms (next.js: 10ms, proxy.ts: 2ms, application-code: 8ms)
 GET /api/demo/runs/prj_09047604e591d969/reports 200 in 18ms (next.js: 8ms, proxy.ts: 1835µs, application-code: 9ms)
 GET /api/demo/runs/prj_09047604e591d969/reports 200 in 17ms (next.js: 3ms, proxy.ts: 9ms, application-code: 5ms)
 GET /api/demo/runs/prj_09047604e591d969/runpod-status 200 in 18ms (next.js: 6ms, proxy.ts: 3ms, application-code: 8ms)
 GET /api/demo/runs/prj_09047604e591d969/reports 200 in 19ms (next.js: 8ms, proxy.ts: 3ms, application-code: 9ms)
 GET /api/demo/runs/prj_09047604e591d969/reports 200 in 21ms (next.js: 11ms, proxy.ts: 3ms, application-code: 7ms)
 GET /api/demo/runs/prj_09047604e591d969/reports 200 in 15ms (next.js: 7ms, proxy.ts: 1898µs, application-code: 6ms)
 GET /api/demo/runs/prj_09047604e591d969/reports 200 in 11ms (next.js: 4ms, proxy.ts: 1970µs, application-code: 5ms)
 GET /api/demo/runs/prj_09047604e591d969/runpod-status 200 in 24ms (next.js: 9ms, proxy.ts: 3ms, application-code: 12ms)
 GET /api/demo/runs/prj_09047604e591d969/runpod-status 200 in 25ms (next.js: 12ms, proxy.ts: 3ms, application-code: 11ms)
 GET /api/demo/runs/prj_09047604e591d969/runpod-status 200 in 18ms (next.js: 6ms, proxy.ts: 2ms, application-code: 10ms)
 GET /api/demo/runs/prj_09047604e591d969/reports 200 in 19ms (next.js: 7ms, proxy.ts: 2ms, application-code: 10ms)
 GET /api/demo/runs/prj_09047604e591d969/reports 200 in 10ms (next.js: 2ms, proxy.ts: 1946µs, application-code: 6ms)
 GET /api/demo/runs/prj_09047604e591d969/reports 200 in 19ms (next.js: 7ms, proxy.ts: 2ms, application-code: 10ms)
 GET /api/demo/runs/prj_09047604e591d969/reports 200 in 9ms (next.js: 1906µs, proxy.ts: 1809µs, application-code: 5ms)
 GET /api/demo/runs/prj_09047604e591d969/runpod-status 200 in 18ms (next.js: 7ms, proxy.ts: 3ms, application-code: 9ms)
 GET /api/demo/runs/prj_09047604e591d969/reports 200 in 21ms (next.js: 8ms, proxy.ts: 3ms, application-code: 9ms)
 GET /api/demo/runs/prj_09047604e591d969/reports 200 in 21ms (next.js: 12ms, proxy.ts: 3ms, application-code: 6ms)
 GET /api/demo/runs/prj_09047604e591d969/reports 200 in 20ms (next.js: 6ms, proxy.ts: 2ms, application-code: 11ms)
 GET /api/demo/runs/prj_09047604e591d969/reports 200 in 11ms (next.js: 2ms, proxy.ts: 1964µs, application-code: 7ms)
 GET /api/demo/runs/prj_09047604e591d969/runpod-status 200 in 17ms (next.js: 7ms, proxy.ts: 2ms, application-code: 8ms)
 GET /api/demo/runs/prj_09047604e591d969/reports 200 in 20ms (next.js: 9ms, proxy.ts: 1705µs, application-code: 10ms)
 GET /api/demo/runs/prj_09047604e591d969/reports 200 in 9ms (next.js: 1900µs, proxy.ts: 1816µs, application-code: 6ms)
 GET /api/demo/runs/prj_09047604e591d969/reports 200 in 18ms (next.js: 8ms, proxy.ts: 1844µs, application-code: 8ms)
 GET /api/demo/runs/prj_09047604e591d969/reports 200 in 18ms (next.js: 10ms, proxy.ts: 1931µs, application-code: 6ms)
 GET /api/demo/runs/prj_09047604e591d969/runpod-status 200 in 17ms (next.js: 7ms, proxy.ts: 2ms, application-code: 8ms)
 GET /api/demo/runs/prj_09047604e591d969/reports 200 in 20ms (next.js: 8ms, proxy.ts: 2ms, application-code: 9ms)
 GET /api/demo/runs/prj_09047604e591d969/reports 200 in 19ms (next.js: 10ms, proxy.ts: 1685µs, application-code: 7ms)
 GET /api/demo/runs/prj_09047604e591d969/reports 200 in 17ms (next.js: 7ms, proxy.ts: 1940µs, application-code: 9ms)
 GET /api/demo/runs/prj_09047604e591d969/reports 200 in 16ms (next.js: 2ms, proxy.ts: 8ms, application-code: 6ms)
 GET /api/demo/runs/prj_09047604e591d969/runpod-status 200 in 20ms (next.js: 6ms, proxy.ts: 1801µs, application-code: 12ms)
 GET /api/demo/runs/prj_09047604e591d969/reports 200 in 20ms (next.js: 7ms, proxy.ts: 2ms, application-code: 11ms)
 GET /api/demo/runs/prj_09047604e591d969/reports 200 in 11ms (next.js: 1935µs, proxy.ts: 3ms, application-code: 6ms)
 GET /api/demo/runs/prj_09047604e591d969/reports 200 in 20ms (next.js: 7ms, proxy.ts: 1997µs, application-code: 10ms)
 GET /api/demo/runs/prj_09047604e591d969/reports 200 in 19ms (next.js: 4ms, proxy.ts: 9ms, application-code: 6ms)
 GET /api/demo/runs/prj_09047604e591d969/runpod-status 200 in 17ms (next.js: 6ms, proxy.ts: 2ms, application-code: 8ms)
 GET /api/demo/runs/prj_09047604e591d969/reports 200 in 19ms (next.js: 10ms, proxy.ts: 3ms, application-code: 6ms)
 GET /api/demo/runs/prj_09047604e591d969/reports 200 in 17ms (next.js: 10ms, proxy.ts: 1848µs, application-code: 5ms)
 GET /api/demo/runs/prj_09047604e591d969/reports 200 in 21ms (next.js: 9ms, proxy.ts: 4ms, application-code: 8ms)
 GET /api/demo/runs/prj_09047604e591d969/reports 200 in 22ms (next.js: 10ms, proxy.ts: 5ms, application-code: 7ms)
 GET /api/demo/runs/prj_09047604e591d969/runpod-status 200 in 17ms (next.js: 6ms, proxy.ts: 2ms, application-code: 8ms)
 GET /api/demo/runs/prj_09047604e591d969/reports 200 in 18ms (next.js: 8ms, proxy.ts: 2ms, application-code: 8ms)
 GET /api/demo/runs/prj_09047604e591d969/reports 200 in 19ms (next.js: 9ms, proxy.ts: 1687µs, application-code: 8ms)
 GET /api/demo/runs/prj_09047604e591d969/reports 200 in 20ms (next.js: 8ms, proxy.ts: 4ms, application-code: 8ms)
 GET /api/demo/runs/prj_09047604e591d969/reports 200 in 18ms (next.js: 10ms, proxy.ts: 1748µs, application-code: 7ms)
 GET /api/demo/runs/prj_09047604e591d969/runpod-status 200 in 19ms (next.js: 6ms, proxy.ts: 2ms, application-code: 10ms)
 GET /api/demo/runs/prj_09047604e591d969/reports 200 in 20ms (next.js: 11ms, proxy.ts: 2ms, application-code: 7ms)
 GET /api/demo/runs/prj_09047604e591d969/reports 200 in 19ms (next.js: 11ms, proxy.ts: 3ms, application-code: 5ms)
 GET /api/demo/runs/prj_09047604e591d969/reports 200 in 19ms (next.js: 8ms, proxy.ts: 3ms, application-code: 7ms)
 GET /api/demo/runs/prj_09047604e591d969/reports 200 in 20ms (next.js: 11ms, proxy.ts: 2ms, application-code: 6ms)
 GET /api/demo/runs/prj_09047604e591d969/runpod-status 200 in 21ms (next.js: 7ms, proxy.ts: 3ms, application-code: 11ms)
 GET /api/demo/runs/prj_09047604e591d969/reports 200 in 21ms (next.js: 7ms, proxy.ts: 3ms, application-code: 11ms)
 GET /api/demo/runs/prj_09047604e591d969/reports 200 in 11ms (next.js: 3ms, proxy.ts: 2ms, application-code: 7ms)
 GET /api/demo/runs/prj_09047604e591d969/reports 200 in 19ms (next.js: 9ms, proxy.ts: 3ms, application-code: 7ms)
 GET /api/demo/runs/prj_09047604e591d969/reports 200 in 19ms (next.js: 11ms, proxy.ts: 2ms, application-code: 6ms)
 GET /api/demo/runs/prj_09047604e591d969/runpod-status 200 in 19ms (next.js: 9ms, proxy.ts: 3ms, application-code: 8ms)
 GET /api/demo/runs/prj_09047604e591d969/reports 200 in 17ms (next.js: 8ms, proxy.ts: 2ms, application-code: 7ms)
 GET /api/demo/runs/prj_09047604e591d969/reports 200 in 17ms (next.js: 10ms, proxy.ts: 2ms, application-code: 5ms)
 GET /api/demo/runs/prj_09047604e591d969/reports 200 in 15ms (next.js: 7ms, proxy.ts: 2ms, application-code: 6ms)
 GET /api/demo/runs/prj_09047604e591d969/reports 200 in 12ms (next.js: 4ms, proxy.ts: 1868µs, application-code: 6ms)
 GET /api/demo/runs/prj_09047604e591d969/runpod-status 200 in 19ms (next.js: 6ms, proxy.ts: 3ms, application-code: 11ms)
 GET /api/demo/runs/prj_09047604e591d969/reports 200 in 16ms (next.js: 7ms, proxy.ts: 2ms, application-code: 6ms)
 GET /api/demo/runs/prj_09047604e591d969/reports 200 in 20ms (next.js: 9ms, proxy.ts: 2ms, application-code: 8ms)
 GET /api/demo/runs/prj_09047604e591d969/reports 200 in 21ms (next.js: 9ms, proxy.ts: 2ms, application-code: 10ms)
 GET /api/demo/runs/prj_09047604e591d969/reports 200 in 22ms (next.js: 13ms, proxy.ts: 2ms, application-code: 7ms)
 GET /api/demo/runs/prj_09047604e591d969/runpod-status 200 in 18ms (next.js: 6ms, proxy.ts: 2ms, application-code: 10ms)
 GET /api/demo/runs/prj_09047604e591d969/reports 200 in 18ms (next.js: 6ms, proxy.ts: 1572µs, application-code: 10ms)
 GET /api/demo/runs/prj_09047604e591d969/reports 200 in 9ms (next.js: 1878µs, proxy.ts: 1952µs, application-code: 5ms)
 GET /api/demo/runs/prj_09047604e591d969/reports 200 in 19ms (next.js: 10ms, proxy.ts: 2ms, application-code: 6ms)
 GET /api/demo/runs/prj_09047604e591d969/reports 200 in 20ms (next.js: 10ms, proxy.ts: 5ms, application-code: 5ms)
 GET /api/demo/runs/prj_09047604e591d969/runpod-status 200 in 24ms (next.js: 9ms, proxy.ts: 3ms, application-code: 12ms)
 GET /api/demo/runs/prj_09047604e591d969/runpod-status 200 in 27ms (next.js: 13ms, proxy.ts: 3ms, application-code: 12ms)
 GET /api/demo/runs/prj_09047604e591d969/runpod-status 200 in 18ms (next.js: 6ms, proxy.ts: 2ms, application-code: 10ms)
 GET /api/demo/runs/prj_09047604e591d969/reports 200 in 21ms (next.js: 10ms, proxy.ts: 2ms, application-code: 8ms)
 GET /api/demo/runs/prj_09047604e591d969/reports 200 in 21ms (next.js: 12ms, proxy.ts: 2ms, application-code: 7ms)
 GET /api/demo/runs/prj_09047604e591d969/reports 200 in 19ms (next.js: 9ms, proxy.ts: 2ms, application-code: 8ms)
 GET /api/demo/runs/prj_09047604e591d969/reports 200 in 18ms (next.js: 9ms, proxy.ts: 1864µs, application-code: 6ms)
 GET /api/demo/runs/prj_09047604e591d969/runpod-status 200 in 17ms (next.js: 6ms, proxy.ts: 1650µs, application-code: 9ms)
 GET /api/demo/runs/prj_09047604e591d969/reports 200 in 18ms (next.js: 7ms, proxy.ts: 2ms, application-code: 8ms)
 GET /api/demo/runs/prj_09047604e591d969/reports 200 in 19ms (next.js: 10ms, proxy.ts: 2ms, application-code: 6ms)
 GET /api/demo/runs/prj_09047604e591d969/reports 200 in 18ms (next.js: 8ms, proxy.ts: 2ms, application-code: 8ms)
 GET /api/demo/runs/prj_09047604e591d969/reports 200 in 10ms (next.js: 2ms, proxy.ts: 2ms, application-code: 5ms)
 GET /api/demo/runs/prj_09047604e591d969/runpod-status 200 in 19ms (next.js: 7ms, proxy.ts: 2ms, application-code: 10ms)
 GET /api/demo/runs/prj_09047604e591d969/reports 200 in 19ms (next.js: 6ms, proxy.ts: 1791µs, application-code: 11ms)
 GET /api/demo/runs/prj_09047604e591d969/reports 200 in 13ms (next.js: 2ms, proxy.ts: 1861µs, application-code: 9ms)
 GET /api/demo/runs/prj_09047604e591d969/reports 200 in 19ms (next.js: 8ms, proxy.ts: 2ms, application-code: 8ms)
 GET /api/demo/runs/prj_09047604e591d969/reports 200 in 18ms (next.js: 10ms, proxy.ts: 1972µs, application-code: 6ms)
 GET /api/demo/runs/prj_09047604e591d969/runpod-status 200 in 19ms (next.js: 7ms, proxy.ts: 2ms, application-code: 10ms)
 GET /api/demo/runs/prj_09047604e591d969/reports 200 in 18ms (next.js: 7ms, proxy.ts: 3ms, application-code: 8ms)
 GET /api/demo/runs/prj_09047604e591d969/reports 200 in 19ms (next.js: 10ms, proxy.ts: 2ms, application-code: 7ms)
 GET /api/demo/runs/prj_09047604e591d969/reports 200 in 18ms (next.js: 8ms, proxy.ts: 2ms, application-code: 8ms)
 GET /api/demo/runs/prj_09047604e591d969/reports 200 in 14ms (next.js: 5ms, proxy.ts: 2ms, application-code: 6ms)
 GET /api/demo/runs/prj_09047604e591d969/runpod-status 200 in 22ms (next.js: 6ms, proxy.ts: 2ms, application-code: 14ms)
 GET /api/demo/runs/prj_09047604e591d969/reports 200 in 19ms (next.js: 8ms, proxy.ts: 2ms, application-code: 8ms)
 GET /api/demo/runs/prj_09047604e591d969/reports 200 in 21ms (next.js: 10ms, proxy.ts: 1866µs, application-code: 9ms)
 GET /api/demo/runs/prj_09047604e591d969/reports 200 in 18ms (next.js: 6ms, proxy.ts: 1881µs, application-code: 10ms)
 GET /api/demo/runs/prj_09047604e591d969/reports 200 in 9ms (next.js: 2ms, proxy.ts: 1819µs, application-code: 5ms)
 GET /api/demo/runs/prj_09047604e591d969/runpod-status 200 in 19ms (next.js: 7ms, proxy.ts: 3ms, application-code: 9ms)
 GET /api/demo/runs/prj_09047604e591d969/reports 200 in 21ms (next.js: 10ms, proxy.ts: 2ms, application-code: 8ms)
 GET /api/demo/runs/prj_09047604e591d969/reports 200 in 19ms (next.js: 11ms, proxy.ts: 3ms, application-code: 6ms)
 GET /api/demo/runs/prj_09047604e591d969/reports 200 in 16ms (next.js: 7ms, proxy.ts: 2ms, application-code: 7ms)
 GET /api/demo/runs/prj_09047604e591d969/reports 200 in 11ms (next.js: 4ms, proxy.ts: 1981µs, application-code: 6ms)
 GET /api/demo/runs/prj_09047604e591d969/runpod-status 200 in 51ms (next.js: 7ms, proxy.ts: 3ms, application-code: 41ms)
 GET /api/demo/runs/prj_09047604e591d969/reports 200 in 22ms (next.js: 6ms, proxy.ts: 3ms, application-code: 13ms)
 GET /api/demo/runs/prj_09047604e591d969/reports 200 in 10ms (next.js: 2ms, proxy.ts: 1681µs, application-code: 5ms)
 GET /api/demo/runs/prj_09047604e591d969/reports 200 in 19ms (next.js: 7ms, proxy.ts: 3ms, application-code: 8ms)
 GET /api/demo/runs/prj_09047604e591d969/reports 200 in 20ms (next.js: 10ms, proxy.ts: 2ms, application-code: 8ms)
 GET /api/demo/runs/prj_09047604e591d969/runpod-status 200 in 20ms (next.js: 7ms, proxy.ts: 3ms, application-code: 10ms)
 GET /api/demo/runs/prj_09047604e591d969/reports 200 in 24ms (next.js: 6ms, proxy.ts: 1889µs, application-code: 16ms)
 GET /api/demo/runs/prj_09047604e591d969/reports 200 in 11ms (next.js: 3ms, proxy.ts: 2ms, application-code: 6ms)
 GET /api/demo/runs/prj_09047604e591d969/reports 200 in 19ms (next.js: 8ms, proxy.ts: 1995µs, application-code: 8ms)
 GET /api/demo/runs/prj_09047604e591d969/reports 200 in 18ms (next.js: 10ms, proxy.ts: 1794µs, application-code: 6ms)
 GET /api/demo/runs/prj_09047604e591d969/runpod-status 200 in 17ms (next.js: 7ms, proxy.ts: 2ms, application-code: 9ms)
 GET /api/demo/runs/prj_09047604e591d969/reports 200 in 18ms (next.js: 7ms, proxy.ts: 1889µs, application-code: 9ms)
 GET /api/demo/runs/prj_09047604e591d969/reports 200 in 16ms (next.js: 2ms, proxy.ts: 9ms, application-code: 5ms)
 GET /api/demo/runs/prj_09047604e591d969/reports 200 in 18ms (next.js: 8ms, proxy.ts: 2ms, application-code: 7ms)
 GET /api/demo/runs/prj_09047604e591d969/reports 200 in 12ms (next.js: 4ms, proxy.ts: 2ms, application-code: 6ms)
 GET /api/demo/runs/prj_09047604e591d969/runpod-status 200 in 20ms (next.js: 7ms, proxy.ts: 3ms, application-code: 10ms)
 GET /api/demo/runs/prj_09047604e591d969/reports 200 in 18ms (next.js: 7ms, proxy.ts: 3ms, application-code: 9ms)
 GET /api/demo/runs/prj_09047604e591d969/reports 200 in 20ms (next.js: 10ms, proxy.ts: 2ms, application-code: 8ms)
 GET /api/demo/runs/prj_09047604e591d969/reports 200 in 17ms (next.js: 8ms, proxy.ts: 3ms, application-code: 6ms)
 GET /api/demo/runs/prj_09047604e591d969/reports 200 in 17ms (next.js: 10ms, proxy.ts: 2ms, application-code: 5ms)
 GET /api/demo/runs/prj_09047604e591d969/runpod-status 200 in 22ms (next.js: 7ms, proxy.ts: 3ms, application-code: 11ms)
 GET /api/demo/runs/prj_09047604e591d969/reports 200 in 19ms (next.js: 8ms, proxy.ts: 2ms, application-code: 8ms)
 GET /api/demo/runs/prj_09047604e591d969/reports 200 in 20ms (next.js: 10ms, proxy.ts: 2ms, application-code: 8ms)
 GET /api/demo/runs/prj_09047604e591d969/reports 200 in 15ms (next.js: 7ms, proxy.ts: 2ms, application-code: 6ms)
 GET /api/demo/runs/prj_09047604e591d969/reports 200 in 18ms (next.js: 9ms, proxy.ts: 2ms, application-code: 6ms)
 GET /api/demo/runs/prj_09047604e591d969/runpod-status 200 in 19ms (next.js: 6ms, proxy.ts: 2ms, application-code: 10ms)
 GET /api/demo/runs/prj_09047604e591d969/reports 200 in 22ms (next.js: 9ms, proxy.ts: 3ms, application-code: 10ms)
 GET /api/demo/runs/prj_09047604e591d969/reports 200 in 22ms (next.js: 11ms, proxy.ts: 3ms, application-code: 8ms)
 GET /api/demo/runs/prj_09047604e591d969/reports 200 in 20ms (next.js: 8ms, proxy.ts: 3ms, application-code: 9ms)
 GET /api/demo/runs/prj_09047604e591d969/reports 200 in 20ms (next.js: 10ms, proxy.ts: 2ms, application-code: 8ms)
 GET /api/demo/runs/prj_09047604e591d969/runpod-status 200 in 21ms (next.js: 9ms, proxy.ts: 3ms, application-code: 9ms)
 GET /api/demo/runs/prj_09047604e591d969/runpod-status 200 in 25ms (next.js: 11ms, proxy.ts: 2ms, application-code: 11ms)
 GET /api/demo/runs/prj_09047604e591d969/runpod-status 200 in 18ms (next.js: 7ms, proxy.ts: 2ms, application-code: 9ms)
 GET /api/demo/runs/prj_09047604e591d969/reports 200 in 19ms (next.js: 7ms, proxy.ts: 2ms, application-code: 10ms)
 GET /api/demo/runs/prj_09047604e591d969/reports 200 in 9ms (next.js: 2ms, proxy.ts: 2ms, application-code: 5ms)
 GET /api/demo/runs/prj_09047604e591d969/reports 200 in 20ms (next.js: 9ms, proxy.ts: 4ms, application-code: 8ms)
 GET /api/demo/runs/prj_09047604e591d969/reports 200 in 22ms (next.js: 11ms, proxy.ts: 4ms, application-code: 7ms)
 GET /api/demo/runs/prj_09047604e591d969/runpod-status 200 in 18ms (next.js: 7ms, proxy.ts: 2ms, application-code: 8ms)
 GET /api/demo/runs/prj_09047604e591d969/reports 200 in 19ms (next.js: 8ms, proxy.ts: 2ms, application-code: 9ms)
 GET /api/demo/runs/prj_09047604e591d969/reports 200 in 17ms (next.js: 3ms, proxy.ts: 9ms, application-code: 5ms)
 GET /api/demo/runs/prj_09047604e591d969/reports 200 in 20ms (next.js: 8ms, proxy.ts: 1734µs, application-code: 10ms)
 GET /api/demo/runs/prj_09047604e591d969/reports 200 in 10ms (next.js: 2ms, proxy.ts: 2ms, application-code: 6ms)
 GET /api/demo/runs/prj_09047604e591d969/runpod-status 200 in 21ms (next.js: 7ms, proxy.ts: 3ms, application-code: 11ms)
 GET /api/demo/runs/prj_09047604e591d969/reports 200 in 21ms (next.js: 12ms, proxy.ts: 2ms, application-code: 7ms)
 GET /api/demo/runs/prj_09047604e591d969/reports 200 in 25ms (next.js: 5ms, proxy.ts: 14ms, application-code: 6ms)
 GET /api/demo/runs/prj_09047604e591d969/reports 200 in 17ms (next.js: 7ms, proxy.ts: 2ms, application-code: 8ms)
 GET /api/demo/runs/prj_09047604e591d969/reports 200 in 12ms (next.js: 4ms, proxy.ts: 2ms, application-code: 6ms)
 GET /api/demo/runs/prj_09047604e591d969/runpod-status 200 in 19ms (next.js: 6ms, proxy.ts: 3ms, application-code: 9ms)
 GET /api/demo/runs/prj_09047604e591d969/reports 200 in 16ms (next.js: 7ms, proxy.ts: 2ms, application-code: 7ms)
 GET /api/demo/runs/prj_09047604e591d969/reports 200 in 13ms (next.js: 5ms, proxy.ts: 2ms, application-code: 6ms)
 GET /api/demo/runs/prj_09047604e591d969/reports 200 in 20ms (next.js: 7ms, proxy.ts: 2ms, application-code: 11ms)
 GET /api/demo/runs/prj_09047604e591d969/reports 200 in 12ms (next.js: 2ms, proxy.ts: 2ms, application-code: 8ms)
 GET /api/demo/runs/prj_09047604e591d969/runpod-status 200 in 23ms (next.js: 8ms, proxy.ts: 4ms, application-code: 12ms)
 GET /api/demo/runs/prj_09047604e591d969/reports 200 in 16ms (next.js: 7ms, proxy.ts: 2ms, application-code: 7ms)
 GET /api/demo/runs/prj_09047604e591d969/reports 200 in 12ms (next.js: 5ms, proxy.ts: 1905µs, application-code: 5ms)
 GET /api/demo/runs/prj_09047604e591d969/reports 200 in 16ms (next.js: 7ms, proxy.ts: 1930µs, application-code: 8ms)
 GET /api/demo/runs/prj_09047604e591d969/reports 200 in 12ms (next.js: 5ms, proxy.ts: 2ms, application-code: 5ms)
 GET /api/demo/runs/prj_09047604e591d969/runpod-status 200 in 19ms (next.js: 6ms, proxy.ts: 3ms, application-code: 10ms)
 GET /api/demo/runs/prj_09047604e591d969/reports 200 in 15ms (next.js: 6ms, proxy.ts: 2ms, application-code: 7ms)
 GET /api/demo/runs/prj_09047604e591d969/reports 200 in 13ms (next.js: 2ms, proxy.ts: 5ms, application-code: 6ms)
 GET /api/demo/runs/prj_09047604e591d969/reports 200 in 20ms (next.js: 9ms, proxy.ts: 1924µs, application-code: 9ms)
 GET /api/demo/runs/prj_09047604e591d969/reports 200 in 20ms (next.js: 10ms, proxy.ts: 1918µs, application-code: 8ms)
 GET /api/demo/runs/prj_09047604e591d969/runpod-status 200 in 22ms (next.js: 6ms, proxy.ts: 4ms, application-code: 11ms)
 GET /api/demo/runs/prj_09047604e591d969/reports 200 in 19ms (next.js: 9ms, proxy.ts: 2ms, application-code: 8ms)
 GET /api/demo/runs/prj_09047604e591d969/reports 200 in 10ms (next.js: 3ms, proxy.ts: 1677µs, application-code: 5ms)
 GET /api/demo/runs/prj_09047604e591d969/reports 200 in 21ms (next.js: 8ms, proxy.ts: 3ms, application-code: 10ms)
 GET /api/demo/runs/prj_09047604e591d969/reports 200 in 22ms (next.js: 12ms, proxy.ts: 2ms, application-code: 8ms)
 GET /api/demo/runs/prj_09047604e591d969/runpod-status 200 in 21ms (next.js: 6ms, proxy.ts: 3ms, application-code: 12ms)
 GET /api/demo/runs/prj_09047604e591d969/reports 200 in 20ms (next.js: 7ms, proxy.ts: 4ms, application-code: 8ms)
 GET /api/demo/runs/prj_09047604e591d969/reports 200 in 21ms (next.js: 9ms, proxy.ts: 4ms, application-code: 8ms)
 GET /api/demo/runs/prj_09047604e591d969/reports 200 in 20ms (next.js: 10ms, proxy.ts: 3ms, application-code: 8ms)
 GET /api/demo/runs/prj_09047604e591d969/reports 200 in 21ms (next.js: 10ms, proxy.ts: 4ms, application-code: 7ms)
 GET /api/demo/runs/prj_09047604e591d969/runpod-status 200 in 19ms (next.js: 6ms, proxy.ts: 1699µs, application-code: 11ms)
 GET /api/demo/runs/prj_09047604e591d969/reports 200 in 16ms (next.js: 8ms, proxy.ts: 3ms, application-code: 6ms)
 GET /api/demo/runs/prj_09047604e591d969/reports 200 in 17ms (next.js: 9ms, proxy.ts: 2ms, application-code: 5ms)
 GET /api/demo/runs/prj_09047604e591d969/reports 200 in 20ms (next.js: 7ms, proxy.ts: 4ms, application-code: 8ms)
 GET /api/demo/runs/prj_09047604e591d969/reports 200 in 19ms (next.js: 10ms, proxy.ts: 2ms, application-code: 7ms)
 GET /api/demo/runs/prj_09047604e591d969/runpod-status 200 in 19ms (next.js: 7ms, proxy.ts: 2ms, application-code: 10ms)
 GET /api/demo/runs/prj_09047604e591d969/reports 200 in 22ms (next.js: 10ms, proxy.ts: 2ms, application-code: 9ms)
 GET /api/demo/runs/prj_09047604e591d969/reports 200 in 23ms (next.js: 12ms, proxy.ts: 2ms, application-code: 9ms)
 GET /api/demo/runs/prj_09047604e591d969/reports 200 in 15ms (next.js: 7ms, proxy.ts: 2ms, application-code: 6ms)
 GET /api/demo/runs/prj_09047604e591d969/reports 200 in 12ms (next.js: 4ms, proxy.ts: 1919µs, application-code: 6ms)
 GET /api/demo/runs/prj_09047604e591d969/runpod-status 200 in 20ms (next.js: 6ms, proxy.ts: 2ms, application-code: 11ms)
 GET /api/demo/runs/prj_09047604e591d969/reports 200 in 20ms (next.js: 8ms, proxy.ts: 3ms, application-code: 9ms)
 GET /api/demo/runs/prj_09047604e591d969/reports 200 in 21ms (next.js: 10ms, proxy.ts: 2ms, application-code: 9ms)
 GET /api/demo/runs/prj_09047604e591d969/reports 200 in 15ms (next.js: 6ms, proxy.ts: 2ms, application-code: 6ms)
 GET /api/demo/runs/prj_09047604e591d969/reports 200 in 13ms (next.js: 4ms, proxy.ts: 2ms, application-code: 7ms)
 GET /api/demo/runs/prj_09047604e591d969/runpod-status 200 in 19ms (next.js: 7ms, proxy.ts: 3ms, application-code: 9ms)
 GET /api/demo/runs/prj_09047604e591d969/reports 200 in 15ms (next.js: 6ms, proxy.ts: 1800µs, application-code: 6ms)
 GET /api/demo/runs/prj_09047604e591d969/reports 200 in 12ms (next.js: 4ms, proxy.ts: 2ms, application-code: 5ms)
 GET /api/demo/runs/prj_09047604e591d969/reports 200 in 21ms (next.js: 7ms, proxy.ts: 2ms, application-code: 12ms)
 GET /api/demo/runs/prj_09047604e591d969/reports 200 in 13ms (next.js: 1988µs, proxy.ts: 1876µs, application-code: 9ms)
 GET /api/demo/runs/prj_09047604e591d969/runpod-status 200 in 25ms (next.js: 9ms, proxy.ts: 4ms, application-code: 13ms)
 GET /api/demo/runs/prj_09047604e591d969/runpod-status 200 in 26ms (next.js: 11ms, proxy.ts: 3ms, application-code: 12ms)
 GET /api/demo/runs/prj_09047604e591d969/runpod-status 200 in 17ms (next.js: 6ms, proxy.ts: 2ms, application-code: 9ms)
 GET /api/demo/runs/prj_09047604e591d969/reports 200 in 16ms (next.js: 7ms, proxy.ts: 2ms, application-code: 6ms)
 GET /api/demo/runs/prj_09047604e591d969/reports 200 in 12ms (next.js: 4ms, proxy.ts: 2ms, application-code: 5ms)
 GET /api/demo/runs/prj_09047604e591d969/reports 200 in 18ms (next.js: 6ms, proxy.ts: 1873µs, application-code: 10ms)
 GET /api/demo/runs/prj_09047604e591d969/reports 200 in 9ms (next.js: 1913µs, proxy.ts: 1955µs, application-code: 6ms)
 GET /api/demo/runs/prj_09047604e591d969/runpod-status 200 in 20ms (next.js: 7ms, proxy.ts: 2ms, application-code: 11ms)
 GET /api/demo/runs/prj_09047604e591d969/reports 200 in 16ms (next.js: 7ms, proxy.ts: 2ms, application-code: 6ms)
 GET /api/demo/runs/prj_09047604e591d969/reports 200 in 18ms (next.js: 9ms, proxy.ts: 2ms, application-code: 6ms)
 GET /api/demo/runs/prj_09047604e591d969/reports 200 in 19ms (next.js: 8ms, proxy.ts: 2ms, application-code: 10ms)
 GET /api/demo/runs/prj_09047604e591d969/reports 200 in 9ms (next.js: 1982µs, proxy.ts: 1749µs, application-code: 5ms)
 GET /api/demo/runs/prj_09047604e591d969/runpod-status 200 in 18ms (next.js: 7ms, proxy.ts: 3ms, application-code: 9ms)
 GET /api/demo/runs/prj_09047604e591d969/reports 200 in 17ms (next.js: 8ms, proxy.ts: 3ms, application-code: 7ms)
 GET /api/demo/runs/prj_09047604e591d969/reports 200 in 17ms (next.js: 9ms, proxy.ts: 1770µs, application-code: 6ms)
 GET /api/demo/runs/prj_09047604e591d969/reports 200 in 19ms (next.js: 7ms, proxy.ts: 2ms, application-code: 10ms)
 GET /api/demo/runs/prj_09047604e591d969/reports 200 in 11ms (next.js: 2ms, proxy.ts: 1810µs, application-code: 7ms)
 GET /api/demo/runs/prj_09047604e591d969/runpod-status 200 in 19ms (next.js: 7ms, proxy.ts: 2ms, application-code: 11ms)
 GET /api/demo/runs/prj_09047604e591d969/reports 200 in 18ms (next.js: 8ms, proxy.ts: 3ms, application-code: 7ms)
 GET /api/demo/runs/prj_09047604e591d969/reports 200 in 18ms (next.js: 10ms, proxy.ts: 2ms, application-code: 6ms)
 GET /api/demo/runs/prj_09047604e591d969/reports 200 in 16ms (next.js: 7ms, proxy.ts: 2ms, application-code: 7ms)
 GET /api/demo/runs/prj_09047604e591d969/reports 200 in 14ms (next.js: 5ms, proxy.ts: 2ms, application-code: 7ms)
 GET /api/demo/runs/prj_09047604e591d969/runpod-status 200 in 19ms (next.js: 7ms, proxy.ts: 1972µs, application-code: 10ms)
 GET /api/demo/runs/prj_09047604e591d969/reports 200 in 19ms (next.js: 7ms, proxy.ts: 3ms, application-code: 9ms)
 GET /api/demo/runs/prj_09047604e591d969/reports 200 in 20ms (next.js: 10ms, proxy.ts: 3ms, application-code: 8ms)
 GET /api/demo/runs/prj_09047604e591d969/reports 200 in 22ms (next.js: 10ms, proxy.ts: 2ms, application-code: 10ms)
 GET /api/demo/runs/prj_09047604e591d969/reports 200 in 22ms (next.js: 12ms, proxy.ts: 2ms, application-code: 8ms)
 GET /api/demo/runs/prj_09047604e591d969/runpod-status 200 in 18ms (next.js: 7ms, proxy.ts: 3ms, application-code: 8ms)
 GET /api/demo/runs/prj_09047604e591d969/reports 200 in 18ms (next.js: 6ms, proxy.ts: 1807µs, application-code: 10ms)
 GET /api/demo/runs/prj_09047604e591d969/reports 200 in 10ms (next.js: 2ms, proxy.ts: 1857µs, application-code: 5ms)
 GET /api/demo/runs/prj_09047604e591d969/reports 200 in 19ms (next.js: 8ms, proxy.ts: 2ms, application-code: 8ms)
 GET /api/demo/runs/prj_09047604e591d969/reports 200 in 17ms (next.js: 2ms, proxy.ts: 10ms, application-code: 5ms)
 GET /api/demo/runs/prj_09047604e591d969/runpod-status 200 in 20ms (next.js: 6ms, proxy.ts: 2ms, application-code: 11ms)
 GET /api/demo/runs/prj_09047604e591d969/reports 200 in 16ms (next.js: 7ms, proxy.ts: 2ms, application-code: 7ms)
 GET /api/demo/runs/prj_09047604e591d969/reports 200 in 13ms (next.js: 5ms, proxy.ts: 2ms, application-code: 6ms)
 GET /api/demo/runs/prj_09047604e591d969/reports 200 in 15ms (next.js: 7ms, proxy.ts: 2ms, application-code: 6ms)
 GET /api/demo/runs/prj_09047604e591d969/reports 200 in 12ms (next.js: 4ms, proxy.ts: 1963µs, application-code: 6ms)
 GET /api/demo/runs/prj_09047604e591d969/runpod-status 200 in 17ms (next.js: 6ms, proxy.ts: 2ms, application-code: 9ms)
 GET /api/demo/runs/prj_09047604e591d969/reports 200 in 19ms (next.js: 7ms, proxy.ts: 2ms, application-code: 10ms)
 GET /api/demo/runs/prj_09047604e591d969/reports 200 in 12ms (next.js: 2ms, proxy.ts: 1922µs, application-code: 8ms)
 GET /api/demo/runs/prj_09047604e591d969/reports 200 in 19ms (next.js: 7ms, proxy.ts: 1861µs, application-code: 10ms)
 GET /api/demo/runs/prj_09047604e591d969/reports 200 in 9ms (next.js: 2ms, proxy.ts: 2ms, application-code: 5ms)
 GET /api/demo/runs/prj_09047604e591d969/runpod-status 200 in 17ms (next.js: 7ms, proxy.ts: 2ms, application-code: 8ms)
 GET /api/demo/runs/prj_09047604e591d969/reports 200 in 16ms (next.js: 7ms, proxy.ts: 2ms, application-code: 7ms)
 GET /api/demo/runs/prj_09047604e591d969/reports 200 in 12ms (next.js: 5ms, proxy.ts: 1977µs, application-code: 6ms)
 GET /api/demo/runs/prj_09047604e591d969/reports 200 in 17ms (next.js: 8ms, proxy.ts: 1961µs, application-code: 7ms)
 GET /api/demo/runs/prj_09047604e591d969/reports 200 in 15ms (next.js: 4ms, proxy.ts: 2ms, application-code: 9ms)
 GET /api/demo/runs/prj_09047604e591d969/runpod-status 200 in 20ms (next.js: 9ms, proxy.ts: 1782µs, application-code: 9ms)
 GET /api/demo/runs/prj_09047604e591d969/reports 200 in 22ms (next.js: 10ms, proxy.ts: 3ms, application-code: 9ms)
 GET /api/demo/runs/prj_09047604e591d969/reports 200 in 26ms (next.js: 12ms, proxy.ts: 2ms, application-code: 11ms)
 GET /api/demo/runs/prj_09047604e591d969/reports 200 in 35ms (next.js: 18ms, proxy.ts: 4ms, application-code: 14ms)
 GET /api/demo/runs/prj_09047604e591d969/reports 200 in 34ms (next.js: 17ms, proxy.ts: 6ms, application-code: 11ms)
 GET /api/demo/runs/prj_09047604e591d969/runpod-status 200 in 22ms (next.js: 9ms, proxy.ts: 3ms, application-code: 10ms)
 GET /api/demo/runs/prj_09047604e591d969/reports 200 in 19ms (next.js: 8ms, proxy.ts: 3ms, application-code: 8ms)
 GET /api/demo/runs/prj_09047604e591d969/reports 200 in 20ms (next.js: 12ms, proxy.ts: 2ms, application-code: 6ms)
 GET /api/demo/runs/prj_09047604e591d969/reports 200 in 19ms (next.js: 8ms, proxy.ts: 3ms, application-code: 7ms)
 GET /api/demo/runs/prj_09047604e591d969/reports 200 in 20ms (next.js: 11ms, proxy.ts: 2ms, application-code: 7ms)
 GET /api/demo/runs/prj_09047604e591d969/runpod-status 200 in 17ms (next.js: 7ms, proxy.ts: 1775µs, application-code: 8ms)
 GET /api/demo/runs/prj_09047604e591d969/reports 200 in 19ms (next.js: 7ms, proxy.ts: 3ms, application-code: 9ms)
 GET /api/demo/runs/prj_09047604e591d969/reports 200 in 21ms (next.js: 10ms, proxy.ts: 2ms, application-code: 8ms)
 GET /api/demo/runs/prj_09047604e591d969/reports 200 in 18ms (next.js: 8ms, proxy.ts: 3ms, application-code: 7ms)
 GET /api/demo/runs/prj_09047604e591d969/reports 200 in 17ms (next.js: 10ms, proxy.ts: 2ms, application-code: 5ms)
 GET /api/demo/runs/prj_09047604e591d969/runpod-status 200 in 22ms (next.js: 8ms, proxy.ts: 3ms, application-code: 11ms)
 GET /api/demo/runs/prj_09047604e591d969/runpod-status 200 in 22ms (next.js: 10ms, proxy.ts: 3ms, application-code: 10ms)
 GET /api/demo/runs/prj_09047604e591d969/runpod-status 200 in 19ms (next.js: 7ms, proxy.ts: 3ms, application-code: 10ms)
 GET /api/demo/runs/prj_09047604e591d969/reports 200 in 16ms (next.js: 7ms, proxy.ts: 2ms, application-code: 6ms)
 GET /api/demo/runs/prj_09047604e591d969/reports 200 in 11ms (next.js: 4ms, proxy.ts: 1879µs, application-code: 6ms)
 GET /api/demo/runs/prj_09047604e591d969/reports 200 in 16ms (next.js: 7ms, proxy.ts: 2ms, application-code: 7ms)
 GET /api/demo/runs/prj_09047604e591d969/reports 200 in 12ms (next.js: 4ms, proxy.ts: 1866µs, application-code: 6ms)
 GET /api/demo/runs/prj_09047604e591d969/runpod-status 200 in 20ms (next.js: 7ms, proxy.ts: 1834µs, application-code: 11ms)
 GET /api/demo/runs/prj_09047604e591d969/reports 200 in 18ms (next.js: 8ms, proxy.ts: 3ms, application-code: 8ms)
 GET /api/demo/runs/prj_09047604e591d969/reports 200 in 20ms (next.js: 10ms, proxy.ts: 2ms, application-code: 8ms)
 GET /api/demo/runs/prj_09047604e591d969/reports 200 in 18ms (next.js: 8ms, proxy.ts: 3ms, application-code: 7ms)
 GET /api/demo/runs/prj_09047604e591d969/reports 200 in 17ms (next.js: 10ms, proxy.ts: 1989µs, application-code: 5ms)
 GET /api/demo/runs/prj_09047604e591d969/runpod-status 200 in 20ms (next.js: 6ms, proxy.ts: 3ms, application-code: 11ms)
 GET /api/demo/runs/prj_09047604e591d969/reports 200 in 22ms (next.js: 9ms, proxy.ts: 4ms, application-code: 9ms)
 GET /api/demo/runs/prj_09047604e591d969/reports 200 in 24ms (next.js: 13ms, proxy.ts: 4ms, application-code: 7ms)
 GET /api/demo/runs/prj_09047604e591d969/reports 200 in 18ms (next.js: 7ms, proxy.ts: 1742µs, application-code: 9ms)
 GET /api/demo/runs/prj_09047604e591d969/reports 200 in 18ms (next.js: 6ms, proxy.ts: 4ms, application-code: 8ms)
 GET /api/demo/runs/prj_09047604e591d969/runpod-status 200 in 22ms (next.js: 8ms, proxy.ts: 2ms, application-code: 13ms)
 GET /api/demo/runs/prj_09047604e591d969/reports 200 in 23ms (next.js: 12ms, proxy.ts: 3ms, application-code: 8ms)
 GET /api/demo/runs/prj_09047604e591d969/reports 200 in 27ms (next.js: 15ms, proxy.ts: 3ms, application-code: 10ms)
 GET /api/demo/runs/prj_09047604e591d969/reports 200 in 21ms (next.js: 8ms, proxy.ts: 1963µs, application-code: 11ms)
 GET /api/demo/runs/prj_09047604e591d969/reports 200 in 11ms (next.js: 3ms, proxy.ts: 1927µs, application-code: 7ms)
 GET /api/demo/runs/prj_09047604e591d969/runpod-status 200 in 20ms (next.js: 7ms, proxy.ts: 3ms, application-code: 10ms)
 GET /api/demo/runs/prj_09047604e591d969/reports 200 in 19ms (next.js: 6ms, proxy.ts: 2ms, application-code: 10ms)
 GET /api/demo/runs/prj_09047604e591d969/reports 200 in 10ms (next.js: 2ms, proxy.ts: 2ms, application-code: 5ms)
 GET /api/demo/runs/prj_09047604e591d969/reports 200 in 16ms (next.js: 7ms, proxy.ts: 2ms, application-code: 6ms)
 GET /api/demo/runs/prj_09047604e591d969/reports 200 in 12ms (next.js: 4ms, proxy.ts: 1860µs, application-code: 6ms)
 GET /api/demo/runs/prj_09047604e591d969/runpod-status 200 in 20ms (next.js: 7ms, proxy.ts: 2ms, application-code: 10ms)
 GET /api/demo/runs/prj_09047604e591d969/reports 200 in 21ms (next.js: 7ms, proxy.ts: 3ms, application-code: 12ms)
 GET /api/demo/runs/prj_09047604e591d969/reports 200 in 14ms (next.js: 3ms, proxy.ts: 1981µs, application-code: 10ms)
 GET /api/demo/runs/prj_09047604e591d969/reports 200 in 17ms (next.js: 7ms, proxy.ts: 2ms, application-code: 7ms)
 GET /api/demo/runs/prj_09047604e591d969/reports 200 in 16ms (next.js: 7ms, proxy.ts: 1859µs, application-code: 7ms)
 GET /api/demo/runs/prj_09047604e591d969/runpod-status 200 in 20ms (next.js: 7ms, proxy.ts: 1966µs, application-code: 11ms)
 GET /api/demo/runs/prj_09047604e591d969/reports 200 in 16ms (next.js: 8ms, proxy.ts: 1920µs, application-code: 6ms)
 GET /api/demo/runs/prj_09047604e591d969/reports 200 in 20ms (next.js: 4ms, proxy.ts: 10ms, application-code: 6ms)
 GET /api/demo/runs/prj_09047604e591d969/reports 200 in 19ms (next.js: 8ms, proxy.ts: 3ms, application-code: 9ms)
 GET /api/demo/runs/prj_09047604e591d969/reports 200 in 22ms (next.js: 12ms, proxy.ts: 2ms, application-code: 8ms)
 GET /api/demo/runs/prj_09047604e591d969/runpod-status 200 in 19ms (next.js: 7ms, proxy.ts: 3ms, application-code: 10ms)
 GET /api/demo/runs/prj_09047604e591d969/reports 200 in 20ms (next.js: 8ms, proxy.ts: 5ms, application-code: 7ms)
 GET /api/demo/runs/prj_09047604e591d969/reports 200 in 20ms (next.js: 10ms, proxy.ts: 4ms, application-code: 6ms)
 GET /api/demo/runs/prj_09047604e591d969/reports 200 in 19ms (next.js: 10ms, proxy.ts: 2ms, application-code: 6ms)
 GET /api/demo/runs/prj_09047604e591d969/reports 200 in 19ms (next.js: 10ms, proxy.ts: 4ms, application-code: 5ms)
 GET /api/demo/runs/prj_09047604e591d969/runpod-status 200 in 18ms (next.js: 7ms, proxy.ts: 2ms, application-code: 10ms)
 GET /api/demo/runs/prj_09047604e591d969/reports 200 in 19ms (next.js: 7ms, proxy.ts: 1952µs, application-code: 10ms)
 GET /api/demo/runs/prj_09047604e591d969/reports 200 in 11ms (next.js: 2ms, proxy.ts: 2ms, application-code: 7ms)
 GET /api/demo/runs/prj_09047604e591d969/reports 200 in 19ms (next.js: 7ms, proxy.ts: 5ms, application-code: 7ms)
 GET /api/demo/runs/prj_09047604e591d969/reports 200 in 19ms (next.js: 9ms, proxy.ts: 3ms, application-code: 6ms)
 GET /api/demo/runs/prj_09047604e591d969/runpod-status 200 in 17ms (next.js: 7ms, proxy.ts: 1611µs, application-code: 9ms)
 GET /api/demo/runs/prj_09047604e591d969/reports 200 in 18ms (next.js: 7ms, proxy.ts: 3ms, application-code: 8ms)
 GET /api/demo/runs/prj_09047604e591d969/reports 200 in 19ms (next.js: 10ms, proxy.ts: 2ms, application-code: 7ms)
 GET /api/demo/runs/prj_09047604e591d969/reports 200 in 20ms (next.js: 9ms, proxy.ts: 4ms, application-code: 7ms)
 GET /api/demo/runs/prj_09047604e591d969/reports 200 in 21ms (next.js: 12ms, proxy.ts: 3ms, application-code: 7ms)
 GET /api/demo/runs/prj_09047604e591d969/runpod-status 200 in 20ms (next.js: 7ms, proxy.ts: 3ms, application-code: 10ms)
 GET /api/demo/runs/prj_09047604e591d969/reports 200 in 19ms (next.js: 7ms, proxy.ts: 3ms, application-code: 10ms)
 GET /api/demo/runs/prj_09047604e591d969/reports 200 in 9ms (next.js: 2ms, proxy.ts: 1971µs, application-code: 5ms)
 GET /api/demo/runs/prj_09047604e591d969/reports 200 in 16ms (next.js: 8ms, proxy.ts: 2ms, application-code: 7ms)
 GET /api/demo/runs/prj_09047604e591d969/reports 200 in 19ms (next.js: 4ms, proxy.ts: 10ms, application-code: 6ms)
 GET /api/demo/runs/prj_09047604e591d969/runpod-status 200 in 17ms (next.js: 7ms, proxy.ts: 1810µs, application-code: 8ms)
 GET /api/demo/runs/prj_09047604e591d969/reports 200 in 18ms (next.js: 8ms, proxy.ts: 3ms, application-code: 8ms)
 GET /api/demo/runs/prj_09047604e591d969/reports 200 in 20ms (next.js: 11ms, proxy.ts: 2ms, application-code: 7ms)
 GET /api/demo/runs/prj_09047604e591d969/reports 200 in 21ms (next.js: 8ms, proxy.ts: 3ms, application-code: 9ms)
 GET /api/demo/runs/prj_09047604e591d969/reports 200 in 21ms (next.js: 10ms, proxy.ts: 3ms, application-code: 8ms)
 GET /api/demo/runs/prj_09047604e591d969/runpod-status 200 in 27ms (next.js: 13ms, proxy.ts: 3ms, application-code: 12ms)
 GET /api/demo/runs/prj_09047604e591d969/runpod-status 200 in 28ms (next.js: 3ms, proxy.ts: 13ms, application-code: 12ms)
 GET /api/demo/runs/prj_09047604e591d969/runpod-status 200 in 22ms (next.js: 7ms, proxy.ts: 2ms, application-code: 12ms)
 GET /api/demo/runs/prj_09047604e591d969/reports 200 in 19ms (next.js: 7ms, proxy.ts: 3ms, application-code: 10ms)
 GET /api/demo/runs/prj_09047604e591d969/reports 200 in 18ms (next.js: 6ms, proxy.ts: 3ms, application-code: 9ms)
 GET /api/demo/runs/prj_09047604e591d969/reports 200 in 16ms (next.js: 7ms, proxy.ts: 1683µs, application-code: 7ms)
 GET /api/demo/runs/prj_09047604e591d969/reports 200 in 11ms (next.js: 4ms, proxy.ts: 1935µs, application-code: 5ms)
 GET /api/demo/runs/prj_09047604e591d969/runpod-status 200 in 18ms (next.js: 7ms, proxy.ts: 1860µs, application-code: 9ms)
 GET /api/demo/runs/prj_09047604e591d969/reports 200 in 18ms (next.js: 7ms, proxy.ts: 3ms, application-code: 9ms)
 GET /api/demo/runs/prj_09047604e591d969/reports 200 in 13ms (next.js: 5ms, proxy.ts: 2ms, application-code: 6ms)
 GET /api/demo/runs/prj_09047604e591d969/reports 200 in 19ms (next.js: 7ms, proxy.ts: 1917µs, application-code: 10ms)
 GET /api/demo/runs/prj_09047604e591d969/reports 200 in 12ms (next.js: 2ms, proxy.ts: 1931µs, application-code: 8ms)
 GET /api/demo/runs/prj_09047604e591d969/runpod-status 200 in 21ms (next.js: 7ms, proxy.ts: 3ms, application-code: 11ms)
 GET /api/demo/runs/prj_09047604e591d969/reports 200 in 18ms (next.js: 8ms, proxy.ts: 2ms, application-code: 8ms)
 GET /api/demo/runs/prj_09047604e591d969/reports 200 in 17ms (next.js: 2ms, proxy.ts: 9ms, application-code: 6ms)
 GET /api/demo/runs/prj_09047604e591d969/reports 200 in 18ms (next.js: 9ms, proxy.ts: 2ms, application-code: 7ms)
 GET /api/demo/runs/prj_09047604e591d969/reports 200 in 17ms (next.js: 10ms, proxy.ts: 3ms, application-code: 5ms)
 GET /api/demo/runs/prj_09047604e591d969/runpod-status 200 in 17ms (next.js: 7ms, proxy.ts: 2ms, application-code: 8ms)
 GET /api/demo/runs/prj_09047604e591d969/reports 200 in 17ms (next.js: 7ms, proxy.ts: 3ms, application-code: 7ms)
 GET /api/demo/runs/prj_09047604e591d969/reports 200 in 18ms (next.js: 10ms, proxy.ts: 2ms, application-code: 6ms)
 GET /api/demo/runs/prj_09047604e591d969/reports 200 in 22ms (next.js: 9ms, proxy.ts: 4ms, application-code: 9ms)
 GET /api/demo/runs/prj_09047604e591d969/reports 200 in 23ms (next.js: 11ms, proxy.ts: 3ms, application-code: 9ms)
 GET /api/demo/runs/prj_09047604e591d969/runpod-status 200 in 19ms (next.js: 7ms, proxy.ts: 3ms, application-code: 9ms)
 GET /api/demo/runs/prj_09047604e591d969/reports 200 in 20ms (next.js: 7ms, proxy.ts: 2ms, application-code: 10ms)
 GET /api/demo/runs/prj_09047604e591d969/reports 200 in 10ms (next.js: 2ms, proxy.ts: 2ms, application-code: 5ms)
 GET /api/demo/runs/prj_09047604e591d969/reports 200 in 20ms (next.js: 9ms, proxy.ts: 3ms, application-code: 8ms)
 GET /api/demo/runs/prj_09047604e591d969/reports 200 in 22ms (next.js: 11ms, proxy.ts: 2ms, application-code: 9ms)
 GET /api/demo/runs/prj_09047604e591d969/runpod-status 200 in 19ms (next.js: 8ms, proxy.ts: 2ms, application-code: 10ms)
 GET /api/demo/runs/prj_09047604e591d969/reports 200 in 18ms (next.js: 8ms, proxy.ts: 3ms, application-code: 7ms)
 GET /api/demo/runs/prj_09047604e591d969/reports 200 in 20ms (next.js: 10ms, proxy.ts: 3ms, application-code: 7ms)
 GET /api/demo/runs/prj_09047604e591d969/reports 200 in 22ms (next.js: 10ms, proxy.ts: 3ms, application-code: 9ms)
 GET /api/demo/runs/prj_09047604e591d969/reports 200 in 21ms (next.js: 12ms, proxy.ts: 2ms, application-code: 7ms)
 GET /api/demo/runs/prj_09047604e591d969/runpod-status 200 in 18ms (next.js: 6ms, proxy.ts: 2ms, application-code: 9ms)
 GET /api/demo/runs/prj_09047604e591d969/reports 200 in 19ms (next.js: 10ms, proxy.ts: 3ms, application-code: 6ms)
 GET /api/demo/runs/prj_09047604e591d969/reports 200 in 21ms (next.js: 12ms, proxy.ts: 3ms, application-code: 5ms)
 GET /api/demo/runs/prj_09047604e591d969/reports 200 in 17ms (next.js: 8ms, proxy.ts: 3ms, application-code: 7ms)
 GET /api/demo/runs/prj_09047604e591d969/reports 200 in 20ms (next.js: 11ms, proxy.ts: 2ms, application-code: 7ms)
 GET /api/demo/runs/prj_09047604e591d969/runpod-status 200 in 18ms (next.js: 7ms, proxy.ts: 2ms, application-code: 9ms)
 GET /api/demo/runs/prj_09047604e591d969/reports 200 in 19ms (next.js: 8ms, proxy.ts: 3ms, application-code: 8ms)
 GET /api/demo/runs/prj_09047604e591d969/reports 200 in 18ms (next.js: 11ms, proxy.ts: 1941µs, application-code: 5ms)
 GET /api/demo/runs/prj_09047604e591d969/reports 200 in 20ms (next.js: 9ms, proxy.ts: 2ms, application-code: 9ms)
 GET /api/demo/runs/prj_09047604e591d969/reports 200 in 21ms (next.js: 11ms, proxy.ts: 1949µs, application-code: 7ms)
 GET /api/demo/runs/prj_09047604e591d969/runpod-status 200 in 23ms (next.js: 7ms, proxy.ts: 3ms, application-code: 12ms)
 GET /api/demo/runs/prj_09047604e591d969/reports 200 in 16ms (next.js: 7ms, proxy.ts: 1927µs, application-code: 7ms)
 GET /api/demo/runs/prj_09047604e591d969/reports 200 in 15ms (next.js: 4ms, proxy.ts: 3ms, application-code: 8ms)
 GET /api/demo/runs/prj_09047604e591d969/reports 200 in 22ms (next.js: 9ms, proxy.ts: 3ms, application-code: 10ms)
 GET /api/demo/runs/prj_09047604e591d969/reports 200 in 21ms (next.js: 11ms, proxy.ts: 2ms, application-code: 8ms)
 GET /api/demo/runs/prj_09047604e591d969/runpod-status 200 in 24ms (next.js: 10ms, proxy.ts: 5ms, application-code: 9ms)
 GET /api/demo/runs/prj_09047604e591d969/reports 200 in 18ms (next.js: 8ms, proxy.ts: 3ms, application-code: 7ms)
 GET /api/demo/runs/prj_09047604e591d969/reports 200 in 18ms (next.js: 11ms, proxy.ts: 2ms, application-code: 6ms)
 GET /api/demo/runs/prj_09047604e591d969/reports 200 in 20ms (next.js: 9ms, proxy.ts: 3ms, application-code: 8ms)
 GET /api/demo/runs/prj_09047604e591d969/reports 200 in 21ms (next.js: 12ms, proxy.ts: 2ms, application-code: 6ms)
 GET /api/demo/runs/prj_09047604e591d969/runpod-status 200 in 19ms (next.js: 7ms, proxy.ts: 2ms, application-code: 10ms)
 GET /api/demo/runs/prj_09047604e591d969/reports 200 in 17ms (next.js: 8ms, proxy.ts: 2ms, application-code: 7ms)
 GET /api/demo/runs/prj_09047604e591d969/reports 200 in 17ms (next.js: 10ms, proxy.ts: 2ms, application-code: 5ms)
 GET /api/demo/runs/prj_09047604e591d969/runpod-status 200 in 27ms (next.js: 7ms, proxy.ts: 1800µs, application-code: 19ms)
 GET /api/demo/runs/prj_09047604e591d969/reports 200 in 15ms (next.js: 7ms, proxy.ts: 1946µs, application-code: 6ms)
 GET /api/demo/runs/prj_09047604e591d969/reports 200 in 13ms (next.js: 4ms, proxy.ts: 2ms, application-code: 6ms)
 GET /api/demo/runs/prj_09047604e591d969/reports 200 in 17ms (next.js: 7ms, proxy.ts: 2ms, application-code: 7ms)
 GET /api/demo/runs/prj_09047604e591d969/reports 200 in 19ms (next.js: 10ms, proxy.ts: 2ms, application-code: 7ms)
 GET /api/demo/runs/prj_09047604e591d969/reports 200 in 20ms (next.js: 8ms, proxy.ts: 3ms, application-code: 8ms)
 GET /api/demo/runs/prj_09047604e591d969/reports 200 in 21ms (next.js: 11ms, proxy.ts: 2ms, application-code: 8ms)
 GET /api/demo/runs/prj_09047604e591d969/runpod-status 200 in 22ms (next.js: 9ms, proxy.ts: 3ms, application-code: 11ms)
 GET /api/demo/runs/prj_09047604e591d969/runpod-status 200 in 24ms (next.js: 11ms, proxy.ts: 3ms, application-code: 10ms)
 GET /api/demo/runs/prj_09047604e591d969/runpod-status 200 in 18ms (next.js: 7ms, proxy.ts: 1869µs, application-code: 10ms)
 GET /api/demo/runs/prj_09047604e591d969/reports 200 in 18ms (next.js: 8ms, proxy.ts: 3ms, application-code: 7ms)
 GET /api/demo/runs/prj_09047604e591d969/reports 200 in 17ms (next.js: 10ms, proxy.ts: 2ms, application-code: 5ms)
 GET /api/demo/runs/prj_09047604e591d969/runpod-status 200 in 17ms (next.js: 7ms, proxy.ts: 1939µs, application-code: 8ms)
 GET /api/demo/runs/prj_09047604e591d969/reports 200 in 18ms (next.js: 8ms, proxy.ts: 3ms, application-code: 7ms)
 GET /api/demo/runs/prj_09047604e591d969/reports 200 in 19ms (next.js: 10ms, proxy.ts: 3ms, application-code: 6ms)
 GET /api/demo/runs/prj_09047604e591d969/reports 200 in 21ms (next.js: 9ms, proxy.ts: 4ms, application-code: 8ms)
 GET /api/demo/runs/prj_09047604e591d969/reports 200 in 22ms (next.js: 12ms, proxy.ts: 3ms, application-code: 7ms)
 GET /api/demo/runs/prj_09047604e591d969/reports 200 in 18ms (next.js: 8ms, proxy.ts: 1866µs, application-code: 9ms)
 GET /api/demo/runs/prj_09047604e591d969/reports 200 in 17ms (next.js: 2ms, proxy.ts: 10ms, application-code: 5ms)
 GET /api/demo/runs/prj_09047604e591d969/runpod-status 200 in 18ms (next.js: 7ms, proxy.ts: 3ms, application-code: 8ms)
 GET /api/demo/runs/prj_09047604e591d969/reports 200 in 18ms (next.js: 7ms, proxy.ts: 3ms, application-code: 7ms)
 GET /api/demo/runs/prj_09047604e591d969/reports 200 in 20ms (next.js: 10ms, proxy.ts: 3ms, application-code: 7ms)
 GET /api/demo/runs/prj_09047604e591d969/runpod-status 200 in 18ms (next.js: 7ms, proxy.ts: 2ms, application-code: 9ms)
 GET /api/demo/runs/prj_09047604e591d969/reports 200 in 21ms (next.js: 9ms, proxy.ts: 3ms, application-code: 8ms)
 GET /api/demo/runs/prj_09047604e591d969/reports 200 in 22ms (next.js: 12ms, proxy.ts: 2ms, application-code: 7ms)
 GET /api/demo/runs/prj_09047604e591d969/reports 200 in 17ms (next.js: 7ms, proxy.ts: 3ms, application-code: 7ms)
 GET /api/demo/runs/prj_09047604e591d969/reports 200 in 19ms (next.js: 10ms, proxy.ts: 2ms, application-code: 7ms)
 GET /api/demo/runs/prj_09047604e591d969/reports 200 in 22ms (next.js: 10ms, proxy.ts: 3ms, application-code: 9ms)
 GET /api/demo/runs/prj_09047604e591d969/reports 200 in 21ms (next.js: 10ms, proxy.ts: 3ms, application-code: 8ms)
 GET /api/demo/runs/prj_09047604e591d969/runpod-status 200 in 19ms (next.js: 7ms, proxy.ts: 2ms, application-code: 10ms)
 GET /api/demo/runs/prj_09047604e591d969/reports 200 in 23ms (next.js: 12ms, proxy.ts: 4ms, application-code: 7ms)
 GET /api/demo/runs/prj_09047604e591d969/reports 200 in 24ms (next.js: 14ms, proxy.ts: 4ms, application-code: 6ms)
 GET /api/demo/runs/prj_09047604e591d969/runpod-status 200 in 20ms (next.js: 7ms, proxy.ts: 3ms, application-code: 10ms)
 GET /api/demo/runs/prj_09047604e591d969/reports 200 in 17ms (next.js: 8ms, proxy.ts: 3ms, application-code: 7ms)
 GET /api/demo/runs/prj_09047604e591d969/reports 200 in 17ms (next.js: 9ms, proxy.ts: 2ms, application-code: 6ms)
 GET /api/demo/runs/prj_09047604e591d969/reports 200 in 19ms (next.js: 8ms, proxy.ts: 3ms, application-code: 8ms)
 GET /api/demo/runs/prj_09047604e591d969/reports 200 in 20ms (next.js: 10ms, proxy.ts: 2ms, application-code: 7ms)
 GET /api/demo/runs/prj_09047604e591d969/reports 200 in 16ms (next.js: 7ms, proxy.ts: 3ms, application-code: 6ms)
 GET /api/demo/runs/prj_09047604e591d969/reports 200 in 17ms (next.js: 10ms, proxy.ts: 2ms, application-code: 5ms)
 GET /api/demo/runs/prj_09047604e591d969/runpod-status 200 in 19ms (next.js: 6ms, proxy.ts: 2ms, application-code: 10ms)
 GET /api/demo/runs/prj_09047604e591d969/reports 200 in 18ms (next.js: 7ms, proxy.ts: 2ms, application-code: 9ms)
 GET /api/demo/runs/prj_09047604e591d969/reports 200 in 16ms (next.js: 6ms, proxy.ts: 3ms, application-code: 7ms)
 GET /api/demo/runs/prj_09047604e591d969/runpod-status 200 in 22ms (next.js: 9ms, proxy.ts: 1978µs, application-code: 11ms)
 GET /api/demo/runs/prj_09047604e591d969/reports 200 in 17ms (next.js: 7ms, proxy.ts: 1804µs, application-code: 8ms)
 GET /api/demo/runs/prj_09047604e591d969/reports 200 in 14ms (next.js: 5ms, proxy.ts: 3ms, application-code: 7ms)
 GET /api/demo/runs/prj_09047604e591d969/reports 200 in 16ms (next.js: 8ms, proxy.ts: 1912µs, application-code: 6ms)
 GET /api/demo/runs/prj_09047604e591d969/reports 200 in 19ms (next.js: 12ms, proxy.ts: 1896µs, application-code: 5ms)
 GET /api/demo/runs/prj_09047604e591d969/reports 200 in 19ms (next.js: 7ms, proxy.ts: 1849µs, application-code: 10ms)
 GET /api/demo/runs/prj_09047604e591d969/reports 200 in 12ms (next.js: 2ms, proxy.ts: 2ms, application-code: 8ms)
 GET /api/demo/runs/prj_09047604e591d969/runpod-status 200 in 21ms (next.js: 9ms, proxy.ts: 2ms, application-code: 10ms)
 GET /api/demo/runs/prj_09047604e591d969/reports 200 in 17ms (next.js: 7ms, proxy.ts: 2ms, application-code: 8ms)
 GET /api/demo/runs/prj_09047604e591d969/reports 200 in 14ms (next.js: 3ms, proxy.ts: 4ms, application-code: 7ms)
 GET /api/demo/runs/prj_09047604e591d969/runpod-status 200 in 19ms (next.js: 7ms, proxy.ts: 3ms, application-code: 9ms)
 GET /api/demo/runs/prj_09047604e591d969/reports 200 in 14ms (next.js: 7ms, proxy.ts: 1897µs, application-code: 6ms)
 GET /api/demo/runs/prj_09047604e591d969/reports 200 in 11ms (next.js: 4ms, proxy.ts: 1677µs, application-code: 6ms)
 GET /api/demo/runs/prj_09047604e591d969/reports 200 in 17ms (next.js: 7ms, proxy.ts: 4ms, application-code: 6ms)
 GET /api/demo/runs/prj_09047604e591d969/reports 200 in 12ms (next.js: 4ms, proxy.ts: 2ms, application-code: 6ms)
 GET /api/demo/runs/prj_09047604e591d969/reports 200 in 21ms (next.js: 10ms, proxy.ts: 2ms, application-code: 9ms)
 GET /api/demo/runs/prj_09047604e591d969/reports 200 in 19ms (next.js: 10ms, proxy.ts: 1872µs, application-code: 7ms)
 GET /api/demo/runs/prj_09047604e591d969/runpod-status 200 in 20ms (next.js: 7ms, proxy.ts: 2ms, application-code: 11ms)
 GET /api/demo/runs/prj_09047604e591d969/reports 200 in 24ms (next.js: 10ms, proxy.ts: 2ms, application-code: 11ms)
 GET /api/demo/runs/prj_09047604e591d969/reports 200 in 22ms (next.js: 3ms, proxy.ts: 12ms, application-code: 8ms)
 GET /api/demo/runs/prj_09047604e591d969/runpod-status 200 in 20ms (next.js: 7ms, proxy.ts: 2ms, application-code: 10ms)
 GET /api/demo/runs/prj_09047604e591d969/reports 200 in 19ms (next.js: 7ms, proxy.ts: 2ms, application-code: 10ms)
 GET /api/demo/runs/prj_09047604e591d969/reports 200 in 10ms (next.js: 2ms, proxy.ts: 2ms, application-code: 5ms)
 GET /api/demo/runs/prj_09047604e591d969/reports 200 in 20ms (next.js: 7ms, proxy.ts: 2ms, application-code: 11ms)
 GET /api/demo/runs/prj_09047604e591d969/reports 200 in 12ms (next.js: 3ms, proxy.ts: 1992µs, application-code: 8ms)
 GET /api/demo/runs/prj_09047604e591d969/reports 200 in 23ms (next.js: 11ms, proxy.ts: 2ms, application-code: 10ms)
 GET /api/demo/runs/prj_09047604e591d969/reports 200 in 22ms (next.js: 12ms, proxy.ts: 3ms, application-code: 7ms)
 GET /api/demo/runs/prj_09047604e591d969/runpod-status 200 in 22ms (next.js: 9ms, proxy.ts: 4ms, application-code: 10ms)
 GET /api/demo/runs/prj_09047604e591d969/runpod-status 200 in 26ms (next.js: 11ms, proxy.ts: 3ms, application-code: 12ms)
 GET /api/demo/runs/prj_09047604e591d969/runpod-status 200 in 21ms (next.js: 7ms, proxy.ts: 3ms, application-code: 12ms)
 GET /api/demo/runs/prj_09047604e591d969/reports 200 in 31ms (next.js: 15ms, proxy.ts: 4ms, application-code: 12ms)
 GET /api/demo/runs/prj_09047604e591d969/reports 200 in 32ms (next.js: 18ms, proxy.ts: 4ms, application-code: 10ms)
 GET /api/demo/runs/prj_09047604e591d969/runpod-status 200 in 23ms (next.js: 7ms, proxy.ts: 2ms, application-code: 14ms)
 GET /api/demo/runs/prj_09047604e591d969/reports 200 in 17ms (next.js: 7ms, proxy.ts: 2ms, application-code: 8ms)
 GET /api/demo/runs/prj_09047604e591d969/reports 200 in 12ms (next.js: 4ms, proxy.ts: 1988µs, application-code: 6ms)
 GET /api/demo/runs/prj_09047604e591d969/reports 200 in 16ms (next.js: 7ms, proxy.ts: 2ms, application-code: 7ms)
 GET /api/demo/runs/prj_09047604e591d969/reports 200 in 13ms (next.js: 5ms, proxy.ts: 2ms, application-code: 6ms)
 GET /api/demo/runs/prj_09047604e591d969/reports 200 in 19ms (next.js: 8ms, proxy.ts: 3ms, application-code: 8ms)
 GET /api/demo/runs/prj_09047604e591d969/reports 200 in 20ms (next.js: 10ms, proxy.ts: 2ms, application-code: 8ms)
 GET /api/demo/runs/prj_09047604e591d969/runpod-status 200 in 22ms (next.js: 10ms, proxy.ts: 3ms, application-code: 10ms)
 GET /api/demo/runs/prj_09047604e591d969/reports 200 in 21ms (next.js: 8ms, proxy.ts: 3ms, application-code: 11ms)
 GET /api/demo/runs/prj_09047604e591d969/reports 200 in 10ms (next.js: 2ms, proxy.ts: 3ms, application-code: 5ms)
 GET /api/demo/runs/prj_09047604e591d969/runpod-status 200 in 19ms (next.js: 7ms, proxy.ts: 2ms, application-code: 9ms)
 GET /api/demo/runs/prj_09047604e591d969/reports 200 in 19ms (next.js: 9ms, proxy.ts: 1932µs, application-code: 7ms)
 GET /api/demo/runs/prj_09047604e591d969/reports 200 in 18ms (next.js: 11ms, proxy.ts: 2ms, application-code: 5ms)
 GET /api/demo/runs/prj_09047604e591d969/reports 200 in 18ms (next.js: 8ms, proxy.ts: 1973µs, application-code: 9ms)
 GET /api/demo/runs/prj_09047604e591d969/reports 200 in 17ms (next.js: 2ms, proxy.ts: 9ms, application-code: 5ms)
 GET /api/demo/runs/prj_09047604e591d969/reports 200 in 20ms (next.js: 9ms, proxy.ts: 3ms, application-code: 8ms)
 GET /api/demo/runs/prj_09047604e591d969/reports 200 in 21ms (next.js: 11ms, proxy.ts: 2ms, application-code: 7ms)
 GET /api/demo/runs/prj_09047604e591d969/runpod-status 200 in 19ms (next.js: 7ms, proxy.ts: 1821µs, application-code: 11ms)
 GET /api/demo/runs/prj_09047604e591d969/reports 200 in 20ms (next.js: 10ms, proxy.ts: 3ms, application-code: 7ms)
 GET /api/demo/runs/prj_09047604e591d969/reports 200 in 13ms (next.js: 5ms, proxy.ts: 3ms, application-code: 6ms)
 GET /api/demo/runs/prj_09047604e591d969/runpod-status 200 in 19ms (next.js: 7ms, proxy.ts: 1909µs, application-code: 10ms)
 GET /api/demo/runs/prj_09047604e591d969/reports 200 in 18ms (next.js: 8ms, proxy.ts: 3ms, application-code: 7ms)
 GET /api/demo/runs/prj_09047604e591d969/reports 200 in 20ms (next.js: 10ms, proxy.ts: 2ms, application-code: 8ms)
 GET /api/demo/runs/prj_09047604e591d969/reports 200 in 17ms (next.js: 8ms, proxy.ts: 1789µs, application-code: 7ms)
 GET /api/demo/runs/prj_09047604e591d969/reports 200 in 15ms (next.js: 6ms, proxy.ts: 2ms, application-code: 7ms)
 GET /api/demo/runs/prj_09047604e591d969/reports 200 in 20ms (next.js: 9ms, proxy.ts: 2ms, application-code: 9ms)
 GET /api/demo/runs/prj_09047604e591d969/reports 200 in 20ms (next.js: 10ms, proxy.ts: 1937µs, application-code: 7ms)
 GET /api/demo/runs/prj_09047604e591d969/runpod-status 200 in 21ms (next.js: 7ms, proxy.ts: 3ms, application-code: 11ms)
 GET /api/demo/runs/prj_09047604e591d969/reports 200 in 18ms (next.js: 9ms, proxy.ts: 4ms, application-code: 6ms)
 GET /api/demo/runs/prj_09047604e591d969/reports 200 in 20ms (next.js: 11ms, proxy.ts: 3ms, application-code: 5ms)
 GET /api/demo/runs/prj_09047604e591d969/runpod-status 200 in 19ms (next.js: 8ms, proxy.ts: 2ms, application-code: 9ms)
 GET /api/demo/runs/prj_09047604e591d969/reports 200 in 18ms (next.js: 8ms, proxy.ts: 2ms, application-code: 8ms)
 GET /api/demo/runs/prj_09047604e591d969/reports 200 in 14ms (next.js: 5ms, proxy.ts: 2ms, application-code: 7ms)
 GET /api/demo/runs/prj_09047604e591d969/reports 200 in 19ms (next.js: 8ms, proxy.ts: 3ms, application-code: 8ms)
 GET /api/demo/runs/prj_09047604e591d969/reports 200 in 20ms (next.js: 11ms, proxy.ts: 2ms, application-code: 7ms)
 GET /api/demo/runs/prj_09047604e591d969/reports 200 in 17ms (next.js: 7ms, proxy.ts: 1856µs, application-code: 9ms)
 GET /api/demo/runs/prj_09047604e591d969/reports 200 in 10ms (next.js: 2ms, proxy.ts: 2ms, application-code: 6ms)
 GET /api/demo/runs/prj_09047604e591d969/runpod-status 200 in 20ms (next.js: 7ms, proxy.ts: 2ms, application-code: 11ms)
 GET /api/demo/runs/prj_09047604e591d969/reports 200 in 15ms (next.js: 7ms, proxy.ts: 2ms, application-code: 6ms)
 GET /api/demo/runs/prj_09047604e591d969/reports 200 in 10ms (next.js: 4ms, proxy.ts: 1731µs, application-code: 5ms)
 GET /api/demo/runs/prj_09047604e591d969/runpod-status 200 in 21ms (next.js: 7ms, proxy.ts: 2ms, application-code: 11ms)
 GET /api/demo/runs/prj_09047604e591d969/reports 200 in 24ms (next.js: 7ms, proxy.ts: 3ms, application-code: 14ms)
 GET /api/demo/runs/prj_09047604e591d969/reports 200 in 13ms (next.js: 3ms, proxy.ts: 3ms, application-code: 7ms)
 GET /api/demo/runs/prj_09047604e591d969/reports 200 in 15ms (next.js: 7ms, proxy.ts: 2ms, application-code: 6ms)
 GET /api/demo/runs/prj_09047604e591d969/reports 200 in 14ms (next.js: 4ms, proxy.ts: 1821µs, application-code: 8ms)
 GET /api/demo/runs/prj_09047604e591d969/reports 200 in 18ms (next.js: 7ms, proxy.ts: 2ms, application-code: 9ms)
 GET /api/demo/runs/prj_09047604e591d969/reports 200 in 11ms (next.js: 3ms, proxy.ts: 2ms, application-code: 6ms)
 GET /api/demo/runs/prj_09047604e591d969/runpod-status 200 in 19ms (next.js: 7ms, proxy.ts: 3ms, application-code: 8ms)
 GET /api/demo/runs/prj_09047604e591d969/reports 200 in 19ms (next.js: 9ms, proxy.ts: 4ms, application-code: 7ms)
 GET /api/demo/runs/prj_09047604e591d969/reports 200 in 22ms (next.js: 11ms, proxy.ts: 3ms, application-code: 8ms)
 GET /api/demo/runs/prj_09047604e591d969/runpod-status 200 in 19ms (next.js: 7ms, proxy.ts: 2ms, application-code: 10ms)
 GET /api/demo/runs/prj_09047604e591d969/reports 200 in 21ms (next.js: 8ms, proxy.ts: 1891µs, application-code: 12ms)
 GET /api/demo/runs/prj_09047604e591d969/reports 200 in 9ms (next.js: 2ms, proxy.ts: 1966µs, application-code: 5ms)
 GET /api/demo/runs/prj_09047604e591d969/reports 200 in 17ms (next.js: 8ms, proxy.ts: 3ms, application-code: 7ms)
 GET /api/demo/runs/prj_09047604e591d969/reports 200 in 19ms (next.js: 10ms, proxy.ts: 3ms, application-code: 6ms)
 GET /api/demo/runs/prj_09047604e591d969/reports 200 in 19ms (next.js: 7ms, proxy.ts: 2ms, application-code: 10ms)
 GET /api/demo/runs/prj_09047604e591d969/reports 200 in 9ms (next.js: 2ms, proxy.ts: 1893µs, application-code: 5ms)
 GET /api/demo/runs/prj_09047604e591d969/runpod-status 200 in 24ms (next.js: 9ms, proxy.ts: 3ms, application-code: 12ms)
 GET /api/demo/runs/prj_09047604e591d969/runpod-status 200 in 25ms (next.js: 12ms, proxy.ts: 2ms, application-code: 11ms)
 GET /api/demo/runs/prj_09047604e591d969/runpod-status 200 in 23ms (next.js: 6ms, proxy.ts: 3ms, application-code: 14ms)
 GET /api/demo/runs/prj_09047604e591d969/reports 200 in 22ms (next.js: 8ms, proxy.ts: 4ms, application-code: 9ms)
 GET /api/demo/runs/prj_09047604e591d969/reports 200 in 22ms (next.js: 10ms, proxy.ts: 4ms, application-code: 8ms)
 GET /api/demo/runs/prj_09047604e591d969/runpod-status 200 in 21ms (next.js: 8ms, proxy.ts: 1975µs, application-code: 12ms)
 GET /api/demo/runs/prj_09047604e591d969/reports 200 in 17ms (next.js: 8ms, proxy.ts: 2ms, application-code: 7ms)
 GET /api/demo/runs/prj_09047604e591d969/reports 200 in 14ms (next.js: 5ms, proxy.ts: 2ms, application-code: 6ms)
 GET /api/demo/runs/prj_09047604e591d969/reports 200 in 21ms (next.js: 8ms, proxy.ts: 2ms, application-code: 11ms)
 GET /api/demo/runs/prj_09047604e591d969/reports 200 in 13ms (next.js: 2ms, proxy.ts: 2ms, application-code: 8ms)
 GET /api/demo/runs/prj_09047604e591d969/reports 200 in 22ms (next.js: 9ms, proxy.ts: 4ms, application-code: 9ms)
 GET /api/demo/runs/prj_09047604e591d969/reports 200 in 23ms (next.js: 12ms, proxy.ts: 3ms, application-code: 8ms)
 GET /api/demo/runs/prj_09047604e591d969/runpod-status 200 in 20ms (next.js: 7ms, proxy.ts: 2ms, application-code: 10ms)
 GET /api/demo/runs/prj_09047604e591d969/reports 200 in 16ms (next.js: 7ms, proxy.ts: 1868µs, application-code: 7ms)
 GET /api/demo/runs/prj_09047604e591d969/reports 200 in 12ms (next.js: 4ms, proxy.ts: 2ms, application-code: 5ms)
 GET /api/demo/runs/prj_09047604e591d969/runpod-status 200 in 17ms (next.js: 6ms, proxy.ts: 1710µs, application-code: 9ms)
 GET /api/demo/runs/prj_09047604e591d969/reports 200 in 21ms (next.js: 8ms, proxy.ts: 3ms, application-code: 10ms)
 GET /api/demo/runs/prj_09047604e591d969/reports 200 in 22ms (next.js: 11ms, proxy.ts: 2ms, application-code: 8ms)
 GET /api/demo/runs/prj_09047604e591d969/reports 200 in 17ms (next.js: 8ms, proxy.ts: 2ms, application-code: 7ms)
 GET /api/demo/runs/prj_09047604e591d969/reports 200 in 11ms (next.js: 4ms, proxy.ts: 1817µs, application-code: 6ms)
 GET /api/demo/runs/prj_09047604e591d969/reports 200 in 18ms (next.js: 7ms, proxy.ts: 1776µs, application-code: 9ms)
 GET /api/demo/runs/prj_09047604e591d969/reports 200 in 20ms (next.js: 2ms, proxy.ts: 9ms, application-code: 8ms)
 GET /api/demo/runs/prj_09047604e591d969/runpod-status 200 in 19ms (next.js: 7ms, proxy.ts: 2ms, application-code: 10ms)
 GET /api/demo/runs/prj_09047604e591d969/reports 200 in 22ms (next.js: 9ms, proxy.ts: 4ms, application-code: 9ms)
 GET /api/demo/runs/prj_09047604e591d969/reports 200 in 23ms (next.js: 13ms, proxy.ts: 4ms, application-code: 7ms)
 GET /api/demo/runs/prj_09047604e591d969/runpod-status 200 in 19ms (next.js: 7ms, proxy.ts: 2ms, application-code: 10ms)
 GET /api/demo/runs/prj_09047604e591d969/reports 200 in 19ms (next.js: 8ms, proxy.ts: 2ms, application-code: 8ms)
 GET /api/demo/runs/prj_09047604e591d969/reports 200 in 19ms (next.js: 10ms, proxy.ts: 1804µs, application-code: 7ms)
 GET /api/demo/runs/prj_09047604e591d969/reports 200 in 22ms (next.js: 8ms, proxy.ts: 2ms, application-code: 11ms)
 GET /api/demo/runs/prj_09047604e591d969/reports 200 in 12ms (next.js: 2ms, proxy.ts: 2ms, application-code: 7ms)
 GET /api/demo/runs/prj_09047604e591d969/reports 200 in 21ms (next.js: 10ms, proxy.ts: 2ms, application-code: 8ms)
 GET /api/demo/runs/prj_09047604e591d969/reports 200 in 23ms (next.js: 12ms, proxy.ts: 2ms, application-code: 8ms)
 GET /api/demo/runs/prj_09047604e591d969/runpod-status 200 in 18ms (next.js: 7ms, proxy.ts: 2ms, application-code: 8ms)
 GET /api/demo/runs/prj_09047604e591d969/reports 200 in 16ms (next.js: 6ms, proxy.ts: 1951µs, application-code: 8ms)
 GET /api/demo/runs/prj_09047604e591d969/reports 200 in 11ms (next.js: 4ms, proxy.ts: 2ms, application-code: 5ms)
 GET /api/demo/runs/prj_09047604e591d969/runpod-status 200 in 18ms (next.js: 6ms, proxy.ts: 1920µs, application-code: 10ms)
 GET /api/demo/runs/prj_09047604e591d969/reports 200 in 18ms (next.js: 8ms, proxy.ts: 3ms, application-code: 7ms)
 GET /api/demo/runs/prj_09047604e591d969/reports 200 in 19ms (next.js: 10ms, proxy.ts: 3ms, application-code: 7ms)
 GET /api/demo/runs/prj_09047604e591d969/reports 200 in 22ms (next.js: 7ms, proxy.ts: 2ms, application-code: 12ms)
 GET /api/demo/runs/prj_09047604e591d969/reports 200 in 10ms (next.js: 2ms, proxy.ts: 2ms, application-code: 5ms)
 GET /api/demo/runs/prj_09047604e591d969/reports 200 in 17ms (next.js: 7ms, proxy.ts: 1940µs, application-code: 8ms)
 GET /api/demo/runs/prj_09047604e591d969/reports 200 in 13ms (next.js: 5ms, proxy.ts: 2ms, application-code: 6ms)
 GET /api/demo/runs/prj_09047604e591d969/runpod-status 200 in 17ms (next.js: 6ms, proxy.ts: 2ms, application-code: 9ms)
 GET /api/demo/runs/prj_09047604e591d969/reports 200 in 18ms (next.js: 7ms, proxy.ts: 2ms, application-code: 9ms)
 GET /api/demo/runs/prj_09047604e591d969/reports 200 in 13ms (next.js: 4ms, proxy.ts: 4ms, application-code: 6ms)
 GET /api/demo/runs/prj_09047604e591d969/runpod-status 200 in 22ms (next.js: 9ms, proxy.ts: 1816µs, application-code: 12ms)
 GET /api/demo/runs/prj_09047604e591d969/reports 200 in 16ms (next.js: 7ms, proxy.ts: 2ms, application-code: 7ms)
 GET /api/demo/runs/prj_09047604e591d969/reports 200 in 13ms (next.js: 2ms, proxy.ts: 4ms, application-code: 6ms)
 GET /api/demo/runs/prj_09047604e591d969/reports 200 in 25ms (next.js: 10ms, proxy.ts: 3ms, application-code: 12ms)
 GET /api/demo/runs/prj_09047604e591d969/reports 200 in 30ms (next.js: 14ms, proxy.ts: 3ms, application-code: 13ms)
 GET /api/demo/runs/prj_09047604e591d969/reports 200 in 17ms (next.js: 8ms, proxy.ts: 2ms, application-code: 7ms)
 GET /api/demo/runs/prj_09047604e591d969/reports 200 in 13ms (next.js: 5ms, proxy.ts: 2ms, application-code: 6ms)
 GET /api/demo/runs/prj_09047604e591d969/runpod-status 200 in 21ms (next.js: 7ms, proxy.ts: 3ms, application-code: 10ms)
 GET /api/demo/runs/prj_09047604e591d969/reports 200 in 17ms (next.js: 7ms, proxy.ts: 1916µs, application-code: 8ms)
 GET /api/demo/runs/prj_09047604e591d969/reports 200 in 13ms (next.js: 4ms, proxy.ts: 3ms, application-code: 6ms)
 GET /api/demo/runs/prj_09047604e591d969/runpod-status 200 in 20ms (next.js: 6ms, proxy.ts: 2ms, application-code: 12ms)
 GET /api/demo/runs/prj_09047604e591d969/reports 200 in 20ms (next.js: 10ms, proxy.ts: 2ms, application-code: 8ms)
 GET /api/demo/runs/prj_09047604e591d969/reports 200 in 19ms (next.js: 10ms, proxy.ts: 3ms, application-code: 6ms)
 GET /api/demo/runs/prj_09047604e591d969/runpod-status 200 in 35ms (next.js: 8ms, proxy.ts: 1969µs, application-code: 25ms)
 GET /api/demo/runs/prj_09047604e591d969/reports 200 in 21ms (next.js: 9ms, proxy.ts: 2ms, application-code: 10ms)
 GET /api/demo/runs/prj_09047604e591d969/reports 200 in 19ms (next.js: 3ms, proxy.ts: 10ms, application-code: 6ms)
 GET /api/demo/runs/prj_09047604e591d969/runpod-status 200 in 19ms (next.js: 7ms, proxy.ts: 1874µs, application-code: 10ms)
 GET /api/demo/runs/prj_09047604e591d969/runpod-status 200 in 24ms (next.js: 9ms, proxy.ts: 4ms, application-code: 12ms)
 GET /api/demo/runs/prj_09047604e591d969/reports 200 in 18ms (next.js: 9ms, proxy.ts: 2ms, application-code: 7ms)
 GET /api/demo/runs/prj_09047604e591d969/reports 200 in 14ms (next.js: 3ms, proxy.ts: 4ms, application-code: 7ms)
 GET /api/demo/runs/prj_09047604e591d969/runpod-status 200 in 18ms (next.js: 7ms, proxy.ts: 1848µs, application-code: 10ms)
 GET /api/demo/runs/prj_09047604e591d969/reports 200 in 21ms (next.js: 7ms, proxy.ts: 2ms, application-code: 12ms)
 GET /api/demo/runs/prj_09047604e591d969/reports 200 in 13ms (next.js: 2ms, proxy.ts: 2ms, application-code: 8ms)
 GET /api/demo/runs/prj_09047604e591d969/runpod-status 200 in 21ms (next.js: 7ms, proxy.ts: 3ms, application-code: 11ms)
 GET /api/demo/runs/prj_09047604e591d969/reports 200 in 22ms (next.js: 11ms, proxy.ts: 3ms, application-code: 8ms)
 GET /api/demo/runs/prj_09047604e591d969/reports 200 in 20ms (next.js: 11ms, proxy.ts: 3ms, application-code: 6ms)
 GET /api/demo/runs/prj_09047604e591d969/reports 200 in 19ms (next.js: 8ms, proxy.ts: 2ms, application-code: 9ms)
 GET /api/demo/runs/prj_09047604e591d969/reports 200 in 13ms (next.js: 4ms, proxy.ts: 2ms, application-code: 7ms)
 GET /api/demo/runs/prj_09047604e591d969/runpod-status 200 in 20ms (next.js: 7ms, proxy.ts: 2ms, application-code: 11ms)
 GET /api/demo/runs/prj_09047604e591d969/reports 200 in 21ms (next.js: 10ms, proxy.ts: 1824µs, application-code: 9ms)
 GET /api/demo/runs/prj_09047604e591d969/reports 200 in 17ms (next.js: 7ms, proxy.ts: 2ms, application-code: 8ms)
 GET /api/demo/runs/prj_09047604e591d969/runpod-status 200 in 20ms (next.js: 7ms, proxy.ts: 1924µs, application-code: 11ms)
 GET /api/demo/runs/prj_09047604e591d969/runpod-status 200 in 16ms (next.js: 3ms, proxy.ts: 2ms, application-code: 11ms)
 GET /api/demo/runs/prj_09047604e591d969/reports 200 in 18ms (next.js: 7ms, proxy.ts: 2ms, application-code: 9ms)
 GET /api/demo/runs/prj_09047604e591d969/reports 200 in 12ms (next.js: 5ms, proxy.ts: 2ms, application-code: 6ms)
 GET /api/demo/runs/prj_09047604e591d969/runpod-status 200 in 19ms (next.js: 7ms, proxy.ts: 2ms, application-code: 10ms)
 GET /api/demo/runs/prj_09047604e591d969/reports 200 in 19ms (next.js: 7ms, proxy.ts: 2ms, application-code: 10ms)
 GET /api/demo/runs/prj_09047604e591d969/reports 200 in 13ms (next.js: 2ms, proxy.ts: 4ms, application-code: 7ms)
 GET /api/demo/runs/prj_09047604e591d969/reports 200 in 17ms (next.js: 7ms, proxy.ts: 3ms, application-code: 7ms)
 GET /api/demo/runs/prj_09047604e591d969/reports 200 in 23ms (next.js: 11ms, proxy.ts: 3ms, application-code: 9ms)
 GET /api/demo/runs/prj_09047604e591d969/runpod-status 200 in 18ms (next.js: 7ms, proxy.ts: 2ms, application-code: 8ms)
 GET /api/demo/runs/prj_09047604e591d969/reports 200 in 16ms (next.js: 7ms, proxy.ts: 1747µs, application-code: 7ms)
 GET /api/demo/runs/prj_09047604e591d969/reports 200 in 13ms (next.js: 4ms, proxy.ts: 3ms, application-code: 6ms)
 GET /api/demo/runs/prj_09047604e591d969/runpod-status 200 in 19ms (next.js: 7ms, proxy.ts: 1757µs, application-code: 11ms)
 GET /api/demo/runs/prj_09047604e591d969/runpod-status 200 in 19ms (next.js: 3ms, proxy.ts: 3ms, application-code: 12ms)
 GET /api/demo/runs/prj_09047604e591d969/reports 200 in 15ms (next.js: 6ms, proxy.ts: 1933µs, application-code: 7ms)
 GET /api/demo/runs/prj_09047604e591d969/reports 200 in 13ms (next.js: 4ms, proxy.ts: 3ms, application-code: 6ms)
 GET /api/demo/runs/prj_09047604e591d969/runpod-status 200 in 21ms (next.js: 9ms, proxy.ts: 2ms, application-code: 10ms)
 GET /api/demo/runs/prj_09047604e591d969/reports 200 in 23ms (next.js: 7ms, proxy.ts: 2ms, application-code: 13ms)
 GET /api/demo/runs/prj_09047604e591d969/reports 200 in 16ms (next.js: 3ms, proxy.ts: 3ms, application-code: 11ms)
 GET /api/demo/runs/prj_09047604e591d969/reports 200 in 18ms (next.js: 8ms, proxy.ts: 3ms, application-code: 8ms)
 GET /api/demo/runs/prj_09047604e591d969/reports 200 in 21ms (next.js: 10ms, proxy.ts: 3ms, application-code: 8ms)
 GET /api/demo/runs/prj_09047604e591d969/runpod-status 200 in 64ms (next.js: 7ms, proxy.ts: 2ms, application-code: 54ms)
 GET /api/demo/runs/prj_09047604e591d969/reports 200 in 20ms (next.js: 10ms, proxy.ts: 2ms, application-code: 8ms)
 GET /api/demo/runs/prj_09047604e591d969/reports 200 in 20ms (next.js: 11ms, proxy.ts: 2ms, application-code: 7ms)
 GET /api/demo/runs/prj_09047604e591d969/runpod-status 200 in 19ms (next.js: 8ms, proxy.ts: 3ms, application-code: 8ms)
 GET /api/demo/runs/prj_09047604e591d969/runpod-status 200 in 14ms (next.js: 3ms, proxy.ts: 3ms, application-code: 8ms)
 GET /api/demo/runs/prj_09047604e591d969/reports 200 in 16ms (next.js: 6ms, proxy.ts: 2ms, application-code: 8ms)
 GET /api/demo/runs/prj_09047604e591d969/reports 200 in 12ms (next.js: 4ms, proxy.ts: 2ms, application-code: 6ms)
 GET /api/demo/runs/prj_09047604e591d969/runpod-status 200 in 20ms (next.js: 7ms, proxy.ts: 2ms, application-code: 11ms)
 GET /api/demo/runs/prj_09047604e591d969/reports 200 in 20ms (next.js: 8ms, proxy.ts: 3ms, application-code: 9ms)
 GET /api/demo/runs/prj_09047604e591d969/reports 200 in 21ms (next.js: 10ms, proxy.ts: 2ms, application-code: 9ms)
 GET /api/demo/runs/prj_09047604e591d969/reports 200 in 20ms (next.js: 8ms, proxy.ts: 2ms, application-code: 9ms)
 GET /api/demo/runs/prj_09047604e591d969/reports 200 in 21ms (next.js: 11ms, proxy.ts: 2ms, application-code: 8ms)
 GET /api/demo/runs/prj_09047604e591d969/runpod-status 200 in 20ms (next.js: 8ms, proxy.ts: 1970µs, application-code: 10ms)
 GET /api/demo/runs/prj_09047604e591d969/reports 200 in 19ms (next.js: 8ms, proxy.ts: 3ms, application-code: 8ms)
 GET /api/demo/runs/prj_09047604e591d969/reports 200 in 17ms (next.js: 5ms, proxy.ts: 3ms, application-code: 9ms)
 GET /api/demo/runs/prj_09047604e591d969/runpod-status 200 in 20ms (next.js: 7ms, proxy.ts: 2ms, application-code: 11ms)
 GET /api/demo/runs/prj_09047604e591d969/runpod-status 200 in 13ms (next.js: 2ms, proxy.ts: 2ms, application-code: 9ms)
 GET /api/demo/runs/prj_09047604e591d969/reports 200 in 17ms (next.js: 8ms, proxy.ts: 3ms, application-code: 7ms)
 GET /api/demo/runs/prj_09047604e591d969/reports 200 in 20ms (next.js: 11ms, proxy.ts: 2ms, application-code: 7ms)
 GET /api/demo/runs/prj_09047604e591d969/runpod-status 200 in 20ms (next.js: 8ms, proxy.ts: 1906µs, application-code: 10ms)
 GET /api/demo/runs/prj_09047604e591d969/reports 200 in 22ms (next.js: 8ms, proxy.ts: 2ms, application-code: 12ms)
 GET /api/demo/runs/prj_09047604e591d969/reports 200 in 12ms (next.js: 3ms, proxy.ts: 2ms, application-code: 7ms)
 GET /api/demo/runs/prj_09047604e591d969/reports 200 in 18ms (next.js: 9ms, proxy.ts: 2ms, application-code: 7ms)
 GET /api/demo/runs/prj_09047604e591d969/reports 200 in 21ms (next.js: 11ms, proxy.ts: 2ms, application-code: 7ms)
 GET /api/demo/runs/prj_09047604e591d969/runpod-status 200 in 19ms (next.js: 7ms, proxy.ts: 3ms, application-code: 9ms)
 GET /api/demo/runs/prj_09047604e591d969/reports 200 in 24ms (next.js: 10ms, proxy.ts: 4ms, application-code: 10ms)
 GET /api/demo/runs/prj_09047604e591d969/reports 200 in 22ms (next.js: 13ms, proxy.ts: 2ms, application-code: 7ms)
 GET /api/demo/runs/prj_09047604e591d969/runpod-status 200 in 19ms (next.js: 7ms, proxy.ts: 2ms, application-code: 9ms)
 GET /api/demo/runs/prj_09047604e591d969/runpod-status 200 in 15ms (next.js: 3ms, proxy.ts: 1771µs, application-code: 11ms)
 GET /api/demo/runs/prj_09047604e591d969/reports 200 in 19ms (next.js: 8ms, proxy.ts: 3ms, application-code: 8ms)
 GET /api/demo/runs/prj_09047604e591d969/reports 200 in 21ms (next.js: 11ms, proxy.ts: 2ms, application-code: 7ms)
 GET /api/demo/runs/prj_09047604e591d969/runpod-status 200 in 19ms (next.js: 7ms, proxy.ts: 2ms, application-code: 10ms)
 GET /api/demo/runs/prj_09047604e591d969/reports 200 in 22ms (next.js: 9ms, proxy.ts: 3ms, application-code: 11ms)
 GET /api/demo/runs/prj_09047604e591d969/reports 200 in 23ms (next.js: 11ms, proxy.ts: 3ms, application-code: 9ms)
 GET /api/demo/runs/prj_09047604e591d969/reports 200 in 19ms (next.js: 9ms, proxy.ts: 3ms, application-code: 7ms)
 GET /api/demo/runs/prj_09047604e591d969/reports 200 in 20ms (next.js: 12ms, proxy.ts: 2ms, application-code: 6ms)
 GET /api/demo/runs/prj_09047604e591d969/runpod-status 200 in 20ms (next.js: 7ms, proxy.ts: 3ms, application-code: 10ms)
 GET /api/demo/runs/prj_09047604e591d969/reports 200 in 23ms (next.js: 12ms, proxy.ts: 2ms, application-code: 10ms)
 GET /api/demo/runs/prj_09047604e591d969/reports 200 in 23ms (next.js: 12ms, proxy.ts: 4ms, application-code: 7ms)
 GET /api/demo/runs/prj_09047604e591d969/runpod-status 200 in 20ms (next.js: 9ms, proxy.ts: 2ms, application-code: 9ms)
 GET /api/demo/runs/prj_09047604e591d969/runpod-status 200 in 15ms (next.js: 3ms, proxy.ts: 2ms, application-code: 10ms)
 GET /api/demo/runs/prj_09047604e591d969/reports 200 in 17ms (next.js: 7ms, proxy.ts: 2ms, application-code: 8ms)
 GET /api/demo/runs/prj_09047604e591d969/reports 200 in 12ms (next.js: 4ms, proxy.ts: 2ms, application-code: 6ms)
 GET /api/demo/runs/prj_09047604e591d969/runpod-status 200 in 18ms (next.js: 7ms, proxy.ts: 2ms, application-code: 9ms)
 GET /api/demo/runs/prj_09047604e591d969/reports 200 in 19ms (next.js: 10ms, proxy.ts: 1796µs, application-code: 7ms)
 GET /api/demo/runs/prj_09047604e591d969/reports 200 in 13ms (next.js: 6ms, proxy.ts: 2ms, application-code: 6ms)
 GET /api/demo/runs/prj_09047604e591d969/reports 200 in 15ms (next.js: 7ms, proxy.ts: 1821µs, application-code: 6ms)
 GET /api/demo/runs/prj_09047604e591d969/reports 200 in 12ms (next.js: 3ms, proxy.ts: 1983µs, application-code: 7ms)
 GET /api/demo/runs/prj_09047604e591d969/runpod-status 200 in 19ms (next.js: 7ms, proxy.ts: 2ms, application-code: 10ms)
 GET /api/demo/runs/prj_09047604e591d969/reports 200 in 15ms (next.js: 7ms, proxy.ts: 1873µs, application-code: 6ms)
 GET /api/demo/runs/prj_09047604e591d969/reports 200 in 13ms (next.js: 4ms, proxy.ts: 2ms, application-code: 7ms)
 GET /api/demo/runs/prj_09047604e591d969/runpod-status 200 in 18ms (next.js: 7ms, proxy.ts: 1896µs, application-code: 9ms)
 GET /api/demo/runs/prj_09047604e591d969/runpod-status 200 in 13ms (next.js: 3ms, proxy.ts: 1803µs, application-code: 8ms)
 GET /api/demo/runs/prj_09047604e591d969/reports 200 in 17ms (next.js: 8ms, proxy.ts: 3ms, application-code: 7ms)
 GET /api/demo/runs/prj_09047604e591d969/reports 200 in 13ms (next.js: 4ms, proxy.ts: 2ms, application-code: 6ms)
 GET /api/demo/runs/prj_09047604e591d969/runpod-status 200 in 21ms (next.js: 7ms, proxy.ts: 2ms, application-code: 12ms)
 GET /api/demo/runs/prj_09047604e591d969/reports 200 in 22ms (next.js: 10ms, proxy.ts: 4ms, application-code: 8ms)
 GET /api/demo/runs/prj_09047604e591d969/reports 200 in 26ms (next.js: 13ms, proxy.ts: 3ms, application-code: 10ms)
 GET /api/demo/runs/prj_09047604e591d969/reports 200 in 19ms (next.js: 6ms, proxy.ts: 2ms, application-code: 10ms)
 GET /api/demo/runs/prj_09047604e591d969/reports 200 in 10ms (next.js: 2ms, proxy.ts: 1988µs, application-code: 6ms)
 GET /api/demo/runs/prj_09047604e591d969/runpod-status 200 in 24ms (next.js: 9ms, proxy.ts: 3ms, application-code: 13ms)
 GET /api/demo/runs/prj_09047604e591d969/reports 200 in 19ms (next.js: 10ms, proxy.ts: 2ms, application-code: 8ms)
 GET /api/demo/runs/prj_09047604e591d969/reports 200 in 14ms (next.js: 4ms, proxy.ts: 2ms, application-code: 7ms)
 GET /api/demo/runs/prj_09047604e591d969/runpod-status 200 in 18ms (next.js: 7ms, proxy.ts: 2ms, application-code: 9ms)
 GET /api/demo/runs/prj_09047604e591d969/runpod-status 200 in 14ms (next.js: 2ms, proxy.ts: 2ms, application-code: 9ms)
 GET /api/demo/runs/prj_09047604e591d969/reports 200 in 16ms (next.js: 7ms, proxy.ts: 2ms, application-code: 7ms)
 GET /api/demo/runs/prj_09047604e591d969/reports 200 in 12ms (next.js: 4ms, proxy.ts: 3ms, application-code: 5ms)
 GET /api/demo/runs/prj_09047604e591d969/runpod-status 200 in 22ms (next.js: 7ms, proxy.ts: 2ms, application-code: 12ms)
 GET /api/demo/runs/prj_09047604e591d969/reports 200 in 18ms (next.js: 9ms, proxy.ts: 2ms, application-code: 7ms)
 GET /api/demo/runs/prj_09047604e591d969/reports 200 in 20ms (next.js: 10ms, proxy.ts: 2ms, application-code: 8ms)
 GET /api/demo/runs/prj_09047604e591d969/reports 200 in 18ms (next.js: 7ms, proxy.ts: 2ms, application-code: 9ms)
 GET /api/demo/runs/prj_09047604e591d969/reports 200 in 20ms (next.js: 10ms, proxy.ts: 2ms, application-code: 8ms)
 GET /api/demo/events?projectId=prj_09047604e591d969 200 in 48.3min (next.js: 1717µs, proxy.ts: 3ms, application-code: 48.3min)
 GET /api/demo/runs/prj_09047604e591d969/runpod-status 200 in 19ms (next.js: 6ms, proxy.ts: 2ms, application-code: 11ms)
 GET /api/demo/runs/prj_09047604e591d969/reports 200 in 14ms (next.js: 7ms, proxy.ts: 2ms, application-code: 6ms)
 GET /api/demo/runs/prj_09047604e591d969/runpod-status 200 in 18ms (next.js: 7ms, proxy.ts: 1877µs, application-code: 9ms)
 GET /api/demo/runs/prj_09047604e591d969/reports 200 in 21ms (next.js: 7ms, proxy.ts: 1677µs, application-code: 13ms)
 GET /api/demo/runs/prj_09047604e591d969/reports 200 in 14ms (next.js: 2ms, proxy.ts: 1943µs, application-code: 10ms)
 GET /api/demo/runs/prj_09047604e591d969/runpod-status 200 in 19ms (next.js: 6ms, proxy.ts: 2ms, application-code: 10ms)
 GET /api/demo/runs/prj_09047604e591d969/reports 200 in 16ms (next.js: 6ms, proxy.ts: 1923µs, application-code: 8ms)
 GET /api/demo/runs/prj_09047604e591d969/reports 200 in 19ms (next.js: 6ms, proxy.ts: 2ms, application-code: 11ms)
 GET /api/demo/runs/prj_09047604e591d969/reports 200 in 12ms (next.js: 2ms, proxy.ts: 1860µs, application-code: 8ms)
 GET /api/demo/runs/prj_09047604e591d969/runpod-status 200 in 18ms (next.js: 6ms, proxy.ts: 1766µs, application-code: 10ms)
 GET /api/demo/runs/prj_09047604e591d969/reports 200 in 15ms (next.js: 6ms, proxy.ts: 1807µs, application-code: 7ms)
 GET /api/demo/runs/prj_09047604e591d969/runpod-status 200 in 18ms (next.js: 6ms, proxy.ts: 1838µs, application-code: 9ms)
 GET /api/demo/runs/prj_09047604e591d969/reports 200 in 17ms (next.js: 8ms, proxy.ts: 3ms, application-code: 7ms)
 GET /api/demo/runs/prj_09047604e591d969/reports 200 in 20ms (next.js: 10ms, proxy.ts: 2ms, application-code: 8ms)
 GET /api/demo/runs/prj_09047604e591d969/runpod-status 200 in 20ms (next.js: 8ms, proxy.ts: 1980µs, application-code: 10ms)
 GET /api/demo/runs/prj_09047604e591d969/reports 200 in 16ms (next.js: 6ms, proxy.ts: 1965µs, application-code: 8ms)
 GET /api/demo/runs/prj_09047604e591d969/reports 200 in 32ms (next.js: 14ms, proxy.ts: 4ms, application-code: 14ms)
 GET /api/demo/runs/prj_09047604e591d969/reports 200 in 35ms (next.js: 17ms, proxy.ts: 4ms, application-code: 15ms)
 GET /api/demo/runs/prj_09047604e591d969/runpod-status 200 in 17ms (next.js: 7ms, proxy.ts: 2ms, application-code: 9ms)
 GET /api/demo/runs/prj_09047604e591d969/reports 200 in 16ms (next.js: 7ms, proxy.ts: 2ms, application-code: 6ms)
 GET /api/demo/runs/prj_09047604e591d969/runpod-status 200 in 20ms (next.js: 9ms, proxy.ts: 1789µs, application-code: 10ms)
 GET /api/demo/runs/prj_09047604e591d969/reports 200 in 18ms (next.js: 6ms, proxy.ts: 1830µs, application-code: 10ms)
 GET /api/demo/runs/prj_09047604e591d969/reports 200 in 11ms (next.js: 2ms, proxy.ts: 1822µs, application-code: 7ms)
 GET /api/demo/runs/prj_09047604e591d969/runpod-status 200 in 19ms (next.js: 7ms, proxy.ts: 1772µs, application-code: 11ms)
 GET /api/demo/runs/prj_09047604e591d969/reports 200 in 15ms (next.js: 6ms, proxy.ts: 2ms, application-code: 7ms)
 GET /api/demo/runs/prj_09047604e591d969/reports 200 in 16ms (next.js: 6ms, proxy.ts: 2ms, application-code: 7ms)
 GET /api/demo/runs/prj_09047604e591d969/reports 200 in 12ms (next.js: 4ms, proxy.ts: 2ms, application-code: 6ms)
 GET /api/demo/runs/prj_09047604e591d969/runpod-status 200 in 18ms (next.js: 7ms, proxy.ts: 2ms, application-code: 9ms)
 GET /api/demo/runs/prj_09047604e591d969/reports 200 in 15ms (next.js: 7ms, proxy.ts: 2ms, application-code: 7ms)
 GET /api/demo/runs/prj_09047604e591d969/runpod-status 200 in 17ms (next.js: 7ms, proxy.ts: 2ms, application-code: 8ms)
 GET /api/demo/runs/prj_09047604e591d969/reports 200 in 19ms (next.js: 8ms, proxy.ts: 3ms, application-code: 7ms)
 GET /api/demo/runs/prj_09047604e591d969/reports 200 in 24ms (next.js: 11ms, proxy.ts: 3ms, application-code: 10ms)
 GET /api/demo/runs/prj_09047604e591d969/runpod-status 200 in 20ms (next.js: 8ms, proxy.ts: 2ms, application-code: 10ms)
 GET /api/demo/runs/prj_09047604e591d969/reports 200 in 15ms (next.js: 7ms, proxy.ts: 2ms, application-code: 7ms)
 GET /api/demo/runs/prj_09047604e591d969/reports 200 in 24ms (next.js: 8ms, proxy.ts: 1940µs, application-code: 13ms)
 GET /api/demo/runs/prj_09047604e591d969/reports 200 in 10ms (next.js: 2ms, proxy.ts: 2ms, application-code: 6ms)
 GET /api/demo/runs/prj_09047604e591d969/runpod-status 200 in 18ms (next.js: 7ms, proxy.ts: 1754µs, application-code: 9ms)
 GET /api/demo/runs/prj_09047604e591d969/reports 200 in 15ms (next.js: 6ms, proxy.ts: 1951µs, application-code: 6ms)
 GET /api/demo/runs/prj_09047604e591d969/reports 200 in 17ms (next.js: 8ms, proxy.ts: 3ms, application-code: 7ms)
 GET /api/demo/runs/prj_09047604e591d969/reports 200 in 19ms (next.js: 10ms, proxy.ts: 3ms, application-code: 6ms)
 GET /api/demo/runs/prj_09047604e591d969/runpod-status 200 in 16ms (next.js: 7ms, proxy.ts: 1673µs, application-code: 8ms)
 GET /api/demo/runs/prj_09047604e591d969/reports 200 in 16ms (next.js: 7ms, proxy.ts: 1818µs, application-code: 8ms)
 GET /api/demo/runs/prj_09047604e591d969/reports 200 in 15ms (next.js: 7ms, proxy.ts: 1947µs, application-code: 6ms)
 GET /api/demo/runs/prj_09047604e591d969/reports 200 in 12ms (next.js: 4ms, proxy.ts: 1934µs, application-code: 6ms)
 GET /api/demo/runs/prj_09047604e591d969/reports 200 in 15ms (next.js: 6ms, proxy.ts: 1888µs, application-code: 6ms)
 GET /api/demo/runs/prj_09047604e591d969/reports 200 in 16ms (next.js: 7ms, proxy.ts: 2ms, application-code: 7ms)
 GET /api/demo/runs/prj_09047604e591d969/reports 200 in 13ms (next.js: 4ms, proxy.ts: 2ms, application-code: 6ms)
 GET /api/demo/runs/prj_09047604e591d969/runpod-status 200 in 17ms (next.js: 7ms, proxy.ts: 1854µs, application-code: 9ms)
 GET /api/demo/runs/prj_09047604e591d969/reports 200 in 16ms (next.js: 6ms, proxy.ts: 1919µs, application-code: 8ms)
 GET /api/demo/runs/prj_09047604e591d969/reports 200 in 20ms (next.js: 10ms, proxy.ts: 3ms, application-code: 8ms)
 GET /api/demo/runs/prj_09047604e591d969/reports 200 in 14ms (next.js: 6ms, proxy.ts: 2ms, application-code: 7ms)
 GET /api/demo/runs/prj_09047604e591d969/reports 200 in 16ms (next.js: 6ms, proxy.ts: 1977µs, application-code: 8ms)
 GET /api/demo/runs/prj_09047604e591d969/reports 200 in 18ms (next.js: 9ms, proxy.ts: 1821µs, application-code: 8ms)
 GET /api/demo/runs/prj_09047604e591d969/reports 200 in 22ms (next.js: 10ms, proxy.ts: 2ms, application-code: 10ms)
 GET /api/demo/runs/prj_09047604e591d969/runpod-status 200 in 16ms (next.js: 7ms, proxy.ts: 2ms, application-code: 8ms)
 GET /api/demo/runs/prj_09047604e591d969/reports 200 in 18ms (next.js: 7ms, proxy.ts: 2ms, application-code: 8ms)
